latitude,longitude,bright_ti4,scan,track,acq_date,acq_time,satellite,instrument,confidence,version,bright_ti5,frp,daynight
-4.36924,-37.89744,316.02,0.38,0.43,2026-05-18,338,N20,VIIRS,n,2.0NRT,289.88,1.77,N
-3.59496,-38.85813,333.97,0.45,0.47,2026-05-18,338,N20,VIIRS,n,2.0NRT,289.87,5.98,N
-3.59429,-38.8622,328.44,0.45,0.47,2026-05-18,338,N20,VIIRS,n,2.0NRT,289.02,5.69,N
-14.48688,-46.51822,338.81,0.48,0.64,2026-05-18,340,N20,VIIRS,n,2.0NRT,290.84,3.66,N
-14.48594,-46.52267,310.14,0.48,0.64,2026-05-18,340,N20,VIIRS,n,2.0NRT,290.06,3.66,N
-14.05726,-44.47939,299.95,0.36,0.57,2026-05-18,340,N20,VIIRS,n,2.0NRT,289.47,0.53,N
-14.05661,-44.48267,299.23,0.36,0.57,2026-05-18,340,N20,VIIRS,n,2.0NRT,288.25,0.5,N
-12.65119,-38.32551,309.2,0.47,0.4,2026-05-18,340,N20,VIIRS,n,2.0NRT,293.11,1.55,N
-12.40065,-38.34375,305.92,0.48,0.4,2026-05-18,340,N20,VIIRS,n,2.0NRT,295.15,1.25,N
-12.39979,-38.3462,304.63,0.48,0.4,2026-05-18,340,N20,VIIRS,n,2.0NRT,294.32,1.03,N
-12.397,-38.34308,315.02,0.48,0.4,2026-05-18,340,N20,VIIRS,n,2.0NRT,294.74,1.25,N
-12.06457,-45.28062,307.05,0.44,0.62,2026-05-18,340,N20,VIIRS,n,2.0NRT,289.06,1.6,N
-12.05809,-45.28337,318.29,0.44,0.62,2026-05-18,340,N20,VIIRS,n,2.0NRT,289.7,2.91,N
-11.87979,-43.80402,309.92,0.35,0.57,2026-05-18,340,N20,VIIRS,n,2.0NRT,285.62,1.53,N
-11.87916,-43.80728,313.08,0.35,0.57,2026-05-18,340,N20,VIIRS,n,2.0NRT,285.55,1.72,N
-11.84412,-43.96025,312.76,0.36,0.57,2026-05-18,340,N20,VIIRS,n,2.0NRT,290.41,4.13,N
-11.84347,-43.96358,352.19,0.36,0.57,2026-05-18,340,N20,VIIRS,n,2.0NRT,291.68,4.24,N
-11.84282,-43.96692,323.77,0.36,0.58,2026-05-18,340,N20,VIIRS,n,2.0NRT,290.77,4.24,N
-10.69511,-37.04889,305.92,0.43,0.38,2026-05-18,340,N20,VIIRS,n,2.0NRT,290.02,1.03,N
-10.40977,-44.93818,315.75,0.45,0.63,2026-05-18,340,N20,VIIRS,n,2.0NRT,287.27,1.64,N
-10.40325,-44.94107,302.27,0.45,0.63,2026-05-18,340,N20,VIIRS,n,2.0NRT,289.31,1.64,N
-10.03731,-38.19865,304.62,0.5,0.41,2026-05-18,340,N20,VIIRS,n,2.0NRT,291.76,0.7,N
-9.22011,-43.12933,305.41,0.35,0.57,2026-05-18,340,N20,VIIRS,n,2.0NRT,290.68,1.32,N
-22.08613,-39.8305,329.57,0.43,0.38,2026-05-18,342,N20,VIIRS,n,2.0NRT,292.97,3.48,N
-21.27081,-39.99949,330.1,0.45,0.39,2026-05-18,342,N20,VIIRS,n,2.0NRT,294.23,2.78,N
-20.77878,-41.11705,303.35,0.51,0.41,2026-05-18,342,N20,VIIRS,n,2.0NRT,291.62,1.07,N
-20.55232,-43.76845,309.28,0.49,0.48,2026-05-18,342,N20,VIIRS,n,2.0NRT,286.36,4.7,N
-20.55139,-43.7732,336.78,0.49,0.48,2026-05-18,342,N20,VIIRS,n,2.0NRT,286.03,5.47,N
-20.55029,-43.77023,353.26,0.49,0.48,2026-05-18,342,N20,VIIRS,n,2.0NRT,288.63,16.02,N
-20.54792,-43.76734,314.84,0.49,0.48,2026-05-18,342,N20,VIIRS,n,2.0NRT,286.65,5.19,N
-20.547,-43.77205,337.42,0.49,0.48,2026-05-18,342,N20,VIIRS,n,2.0NRT,286.56,4.53,N
-20.54626,-43.75234,298.34,0.48,0.48,2026-05-18,342,N20,VIIRS,n,2.0NRT,287.96,1.76,N
-20.54184,-43.75138,302.03,0.48,0.48,2026-05-18,342,N20,VIIRS,n,2.0NRT,287.46,0.79,N
-20.54093,-43.75601,299.64,0.49,0.48,2026-05-18,342,N20,VIIRS,n,2.0NRT,288.33,0.79,N
-20.5391,-43.76533,299.82,0.49,0.48,2026-05-18,342,N20,VIIRS,n,2.0NRT,288.1,1.21,N
-20.41641,-43.55534,296.67,0.47,0.48,2026-05-18,342,N20,VIIRS,n,2.0NRT,280.77,0.83,N
-20.35184,-40.87481,301.4,0.5,0.41,2026-05-18,342,N20,VIIRS,n,2.0NRT,283.84,0.76,N
-20.35083,-40.87688,298.51,0.5,0.41,2026-05-18,342,N20,VIIRS,n,2.0NRT,283.65,0.68,N
-20.348,-40.36099,308.06,0.47,0.4,2026-05-18,342,N20,VIIRS,n,2.0NRT,287.38,1.38,N
-20.25103,-40.23179,306.1,0.47,0.4,2026-05-18,342,N20,VIIRS,n,2.0NRT,278.98,1.43,N
-20.25022,-40.23625,297.05,0.47,0.4,2026-05-18,342,N20,VIIRS,n,2.0NRT,277.68,1.37,N
-20.24941,-40.24072,306.78,0.47,0.4,2026-05-18,342,N20,VIIRS,n,2.0NRT,274.52,1.37,N
-20.24861,-40.24519,321.76,0.47,0.4,2026-05-18,342,N20,VIIRS,n,2.0NRT,271.93,2.94,N
-20.24579,-40.23997,308.28,0.47,0.4,2026-05-18,342,N20,VIIRS,n,2.0NRT,274.47,1.37,N
-20.24537,-40.24158,311.72,0.47,0.4,2026-05-18,342,N20,VIIRS,n,2.0NRT,274.72,3.61,N
-20.24216,-40.23924,311.26,0.47,0.4,2026-05-18,342,N20,VIIRS,n,2.0NRT,275.63,3.55,N
-20.24174,-40.24084,335.33,0.47,0.4,2026-05-18,342,N20,VIIRS,n,2.0NRT,276.68,3.61,N
-20.24135,-40.24372,330.32,0.47,0.4,2026-05-18,342,N20,VIIRS,n,2.0NRT,275.84,2.7,N
-20.24096,-40.24533,299.93,0.47,0.4,2026-05-18,342,N20,VIIRS,n,2.0NRT,275.05,2.68,N
-20.23812,-40.24011,303.77,0.47,0.4,2026-05-18,342,N20,VIIRS,n,2.0NRT,276.56,1.59,N
-20.23772,-40.24298,301.39,0.47,0.4,2026-05-18,342,N20,VIIRS,n,2.0NRT,275.93,2.7,N
-20.23606,-40.23042,299.82,0.47,0.4,2026-05-18,342,N20,VIIRS,n,2.0NRT,278.15,1.2,N
-20.2337,-40.24385,301.88,0.47,0.4,2026-05-18,342,N20,VIIRS,n,2.0NRT,276.62,2.12,N
-20.23244,-40.22968,309.67,0.47,0.4,2026-05-18,342,N20,VIIRS,n,2.0NRT,278.77,1.72,N
-20.23165,-40.23415,312.42,0.47,0.4,2026-05-18,342,N20,VIIRS,n,2.0NRT,278.54,1.31,N
-20.23086,-40.23862,299.32,0.47,0.4,2026-05-18,342,N20,VIIRS,n,2.0NRT,277.01,1.31,N
-20.22929,-40.24758,297.41,0.47,0.4,2026-05-18,342,N20,VIIRS,n,2.0NRT,274.81,1.31,N
-19.60908,-44.05708,307.37,0.53,0.5,2026-05-18,342,N20,VIIRS,n,2.0NRT,286.33,2.41,N
-19.48384,-42.54372,306.1,0.43,0.46,2026-05-18,342,N20,VIIRS,n,2.0NRT,290.75,5.43,N
-19.48361,-42.54649,352.43,0.43,0.46,2026-05-18,342,N20,VIIRS,n,2.0NRT,289.94,8.99,N
-19.48308,-42.54777,338.77,0.43,0.46,2026-05-18,342,N20,VIIRS,n,2.0NRT,289.91,5.43,N
-19.4812,-42.53472,312.47,0.43,0.46,2026-05-18,342,N20,VIIRS,n,2.0NRT,291.0,2.81,N
-18.03861,-39.92484,306.11,0.48,0.4,2026-05-18,342,N20,VIIRS,n,2.0NRT,292.04,1.48,N
-17.78113,-42.81024,297.51,0.48,0.48,2026-05-18,342,N20,VIIRS,n,2.0NRT,286.58,0.85,N
-17.77675,-42.80932,302.15,0.48,0.48,2026-05-18,342,N20,VIIRS,n,2.0NRT,287.34,0.85,N
-16.67816,-43.88504,309.1,0.58,0.52,2026-05-18,342,N20,VIIRS,n,2.0NRT,290.52,2.16,N
-22.91197,-43.73278,309.3,0.44,0.46,2026-05-18,345,N20,VIIRS,n,2.0NRT,275.16,2.0,N
-34.85639,-57.90049,301.52,0.73,0.76,2026-05-18,349,N20,VIIRS,n,2.0NRT,275.11,2.1,N
10.63472,-61.42362,305.37,0.48,0.48,2026-05-18,514,N20,VIIRS,n,2.0NRT,281.66,1.53,N
2.94843,-60.25553,306.8,0.48,0.4,2026-05-18,516,N20,VIIRS,n,2.0NRT,290.9,0.8,N
5.78444,-54.99797,316.24,0.39,0.36,2026-05-18,516,N20,VIIRS,n,2.0NRT,290.53,1.74,N
6.0091,-58.32345,303.7,0.42,0.38,2026-05-18,516,N20,VIIRS,n,2.0NRT,289.53,0.57,N
6.01921,-58.25189,305.33,0.42,0.38,2026-05-18,516,N20,VIIRS,n,2.0NRT,289.76,0.51,N
7.52194,-63.10397,309.22,0.56,0.51,2026-05-18,516,N20,VIIRS,n,2.0NRT,286.37,1.34,N
7.64824,-64.27235,304.58,0.34,0.56,2026-05-18,516,N20,VIIRS,n,2.0NRT,280.48,1.15,N
8.27814,-62.82066,304.38,0.55,0.51,2026-05-18,516,N20,VIIRS,n,2.0NRT,284.63,1.56,N
8.41178,-65.14732,306.6,0.4,0.6,2026-05-18,516,N20,VIIRS,n,2.0NRT,261.8,0.34,N
8.41195,-65.148,305.99,0.4,0.6,2026-05-18,516,N20,VIIRS,n,2.0NRT,262.65,0.58,N
8.52744,-64.073,313.72,0.34,0.56,2026-05-18,516,N20,VIIRS,n,2.0NRT,283.23,0.97,N
8.55669,-64.13445,316.74,0.34,0.56,2026-05-18,516,N20,VIIRS,n,2.0NRT,270.58,2.59,N
8.55711,-64.13754,326.31,0.34,0.56,2026-05-18,516,N20,VIIRS,n,2.0NRT,268.48,1.4,N
8.55753,-64.14063,298.58,0.34,0.56,2026-05-18,516,N20,VIIRS,n,2.0NRT,266.1,1.4,N
8.56509,-63.92963,299.92,0.33,0.55,2026-05-18,516,N20,VIIRS,n,2.0NRT,286.05,0.45,N
8.59022,-62.67836,317.64,0.54,0.51,2026-05-18,516,N20,VIIRS,n,2.0NRT,275.2,2.55,N
8.59091,-62.6833,311.35,0.54,0.51,2026-05-18,516,N20,VIIRS,n,2.0NRT,268.9,2.55,N
8.6496,-62.77885,301.85,0.55,0.51,2026-05-18,516,N20,VIIRS,n,2.0NRT,270.94,1.12,N
8.66739,-62.98619,309.86,0.57,0.52,2026-05-18,516,N20,VIIRS,n,2.0NRT,287.53,2.07,N
8.66762,-62.98393,306.87,0.57,0.52,2026-05-18,516,N20,VIIRS,n,2.0NRT,288.44,1.38,N
8.68533,-63.1528,318.35,0.59,0.52,2026-05-18,516,N20,VIIRS,n,2.0NRT,286.62,5.01,N
8.68604,-63.15812,336.1,0.59,0.53,2026-05-18,516,N20,VIIRS,n,2.0NRT,285.98,2.83,N
8.68638,-63.15473,341.23,0.58,0.52,2026-05-18,516,N20,VIIRS,n,2.0NRT,287.17,4.57,N
8.69087,-63.15744,305.41,0.59,0.53,2026-05-18,516,N20,VIIRS,n,2.0NRT,286.17,2.83,N
8.69121,-63.15406,303.5,0.58,0.52,2026-05-18,516,N20,VIIRS,n,2.0NRT,286.26,4.57,N
8.69207,-63.23003,298.09,0.59,0.53,2026-05-18,516,N20,VIIRS,n,2.0NRT,280.92,0.42,N
8.72507,-62.90748,322.75,0.56,0.52,2026-05-18,516,N20,VIIRS,n,2.0NRT,285.28,3.3,N
8.72579,-62.91261,321.57,0.56,0.52,2026-05-18,516,N20,VIIRS,n,2.0NRT,282.86,3.3,N
8.72982,-62.90679,300.87,0.56,0.52,2026-05-18,516,N20,VIIRS,n,2.0NRT,284.59,0.65,N
8.73054,-62.91194,298.54,0.56,0.52,2026-05-18,516,N20,VIIRS,n,2.0NRT,280.24,0.65,N
8.73595,-65.09312,323.8,0.4,0.6,2026-05-18,516,N20,VIIRS,n,2.0NRT,282.21,3.36,N
8.73613,-65.09271,323.85,0.4,0.6,2026-05-18,516,N20,VIIRS,n,2.0NRT,283.07,1.7,N
8.7366,-65.09637,305.26,0.4,0.6,2026-05-18,516,N20,VIIRS,n,2.0NRT,283.39,1.36,N
8.74146,-65.0924,309.48,0.4,0.6,2026-05-18,516,N20,VIIRS,n,2.0NRT,283.33,2.1,N
8.74165,-65.09197,304.77,0.4,0.6,2026-05-18,516,N20,VIIRS,n,2.0NRT,283.19,1.7,N
8.74212,-65.09563,302.78,0.4,0.6,2026-05-18,516,N20,VIIRS,n,2.0NRT,283.15,1.36,N
8.936,-63.92555,319.4,0.33,0.56,2026-05-18,516,N20,VIIRS,n,2.0NRT,279.11,1.2,N
9.23193,-64.3011,301.45,0.36,0.57,2026-05-18,516,N20,VIIRS,n,2.0NRT,273.51,0.78,N
9.23236,-64.30431,296.16,0.36,0.57,2026-05-18,516,N20,VIIRS,n,2.0NRT,274.37,0.76,N
9.37433,-64.52551,340.45,0.37,0.58,2026-05-18,516,N20,VIIRS,n,2.0NRT,290.51,3.05,N
9.37524,-64.53234,344.02,0.37,0.58,2026-05-18,516,N20,VIIRS,n,2.0NRT,290.56,12.35,N
9.37569,-64.53574,367.0,0.37,0.58,2026-05-18,516,N20,VIIRS,h,2.0NRT,290.53,12.98,N
9.38774,-64.5443,308.32,0.37,0.58,2026-05-18,516,N20,VIIRS,n,2.0NRT,290.05,3.96,N
9.3882,-64.54773,367.0,0.37,0.58,2026-05-18,516,N20,VIIRS,h,2.0NRT,290.32,8.12,N
9.61922,-63.72567,327.15,0.33,0.55,2026-05-18,516,N20,VIIRS,n,2.0NRT,231.61,3.27,N
9.62289,-63.72665,328.77,0.33,0.55,2026-05-18,516,N20,VIIRS,n,2.0NRT,232.52,4.41,N
9.63512,-63.5834,309.23,0.32,0.55,2026-05-18,516,N20,VIIRS,n,2.0NRT,264.58,0.72,N
9.63704,-63.55917,295.22,0.32,0.55,2026-05-18,516,N20,VIIRS,n,2.0NRT,266.46,4.4,N
9.63743,-63.5621,296.36,0.32,0.55,2026-05-18,516,N20,VIIRS,n,2.0NRT,265.78,4.4,N
9.63782,-63.56504,297.19,0.32,0.55,2026-05-18,516,N20,VIIRS,n,2.0NRT,265.79,5.28,N
9.63821,-63.56797,296.87,0.32,0.55,2026-05-18,516,N20,VIIRS,n,2.0NRT,267.99,5.28,N
9.64129,-63.55251,296.51,0.32,0.55,2026-05-18,516,N20,VIIRS,n,2.0NRT,265.86,1.15,N
9.64167,-63.55542,306.25,0.32,0.55,2026-05-18,516,N20,VIIRS,n,2.0NRT,266.7,1.15,N
9.64206,-63.55834,325.38,0.32,0.55,2026-05-18,516,N20,VIIRS,n,2.0NRT,266.23,4.4,N
9.64245,-63.56125,349.24,0.32,0.55,2026-05-18,516,N20,VIIRS,n,2.0NRT,266.95,4.4,N
9.64283,-63.56417,367.0,0.32,0.55,2026-05-18,516,N20,VIIRS,h,2.0NRT,267.41,5.28,N
9.64322,-63.56712,321.48,0.32,0.55,2026-05-18,516,N20,VIIRS,n,2.0NRT,266.32,5.28,N
9.64361,-63.57004,316.07,0.32,0.55,2026-05-18,516,N20,VIIRS,n,2.0NRT,266.79,1.41,N
9.644,-63.57297,315.64,0.32,0.55,2026-05-18,516,N20,VIIRS,n,2.0NRT,266.95,1.41,N
9.64439,-63.57589,299.5,0.32,0.55,2026-05-18,516,N20,VIIRS,n,2.0NRT,264.09,0.51,N
9.64481,-63.61789,296.79,0.32,0.55,2026-05-18,516,N20,VIIRS,n,2.0NRT,265.9,1.0,N
9.6452,-63.62086,299.75,0.32,0.55,2026-05-18,516,N20,VIIRS,n,2.0NRT,261.89,1.0,N
9.6456,-63.62383,304.3,0.32,0.55,2026-05-18,516,N20,VIIRS,n,2.0NRT,260.35,6.46,N
9.64599,-63.62681,309.34,0.33,0.55,2026-05-18,516,N20,VIIRS,n,2.0NRT,258.93,6.46,N
9.6463,-63.55166,296.68,0.32,0.55,2026-05-18,516,N20,VIIRS,n,2.0NRT,267.8,0.82,N
9.64638,-63.62981,312.18,0.33,0.55,2026-05-18,516,N20,VIIRS,n,2.0NRT,258.18,10.34,N
9.64668,-63.55456,305.02,0.32,0.55,2026-05-18,516,N20,VIIRS,n,2.0NRT,268.57,0.82,N
9.64678,-63.63281,312.85,0.33,0.55,2026-05-18,516,N20,VIIRS,n,2.0NRT,259.77,10.34,N
9.64707,-63.55748,317.01,0.32,0.55,2026-05-18,516,N20,VIIRS,n,2.0NRT,267.53,1.3,N
9.64718,-63.63581,308.08,0.33,0.55,2026-05-18,516,N20,VIIRS,n,2.0NRT,259.22,1.37,N
9.64746,-63.56039,327.36,0.32,0.55,2026-05-18,516,N20,VIIRS,n,2.0NRT,265.3,1.3,N
9.64785,-63.56332,336.17,0.32,0.55,2026-05-18,516,N20,VIIRS,n,2.0NRT,267.03,3.36,N
9.64821,-63.52762,297.01,0.32,0.55,2026-05-18,516,N20,VIIRS,n,2.0NRT,271.83,0.41,N
9.64824,-63.56625,324.9,0.32,0.55,2026-05-18,516,N20,VIIRS,n,2.0NRT,266.87,3.36,N
9.64863,-63.56919,320.96,0.32,0.55,2026-05-18,516,N20,VIIRS,n,2.0NRT,265.97,1.78,N
9.64902,-63.57212,313.47,0.32,0.55,2026-05-18,516,N20,VIIRS,n,2.0NRT,263.71,1.78,N
9.64941,-63.57505,303.54,0.32,0.55,2026-05-18,516,N20,VIIRS,n,2.0NRT,260.89,0.54,N
9.64946,-63.61411,297.82,0.32,0.55,2026-05-18,516,N20,VIIRS,n,2.0NRT,267.62,0.82,N
9.6498,-63.57798,295.24,0.32,0.55,2026-05-18,516,N20,VIIRS,n,2.0NRT,259.67,0.54,N
9.64985,-63.61708,303.35,0.32,0.55,2026-05-18,516,N20,VIIRS,n,2.0NRT,264.73,1.0,N
9.65024,-63.62005,313.13,0.32,0.55,2026-05-18,516,N20,VIIRS,n,2.0NRT,263.14,1.0,N
9.65064,-63.62302,349.02,0.32,0.55,2026-05-18,516,N20,VIIRS,n,2.0NRT,264.53,6.46,N
9.65103,-63.626,351.17,0.33,0.55,2026-05-18,516,N20,VIIRS,n,2.0NRT,263.21,6.46,N
9.65143,-63.62897,367.0,0.33,0.55,2026-05-18,516,N20,VIIRS,h,2.0NRT,267.84,10.34,N
9.65182,-63.63199,343.02,0.33,0.55,2026-05-18,516,N20,VIIRS,n,2.0NRT,262.5,10.34,N
9.65209,-63.55664,300.14,0.32,0.55,2026-05-18,516,N20,VIIRS,n,2.0NRT,271.07,1.3,N
9.65222,-63.63499,321.3,0.33,0.55,2026-05-18,516,N20,VIIRS,n,2.0NRT,262.49,1.37,N
9.65247,-63.55956,304.06,0.32,0.55,2026-05-18,516,N20,VIIRS,n,2.0NRT,268.45,1.3,N
9.65262,-63.638,307.89,0.33,0.55,2026-05-18,516,N20,VIIRS,n,2.0NRT,258.78,1.37,N
9.65286,-63.56247,313.3,0.32,0.55,2026-05-18,516,N20,VIIRS,n,2.0NRT,268.48,3.36,N
9.65325,-63.5654,367.0,0.32,0.55,2026-05-18,516,N20,VIIRS,h,2.0NRT,269.7,3.36,N
9.65364,-63.56833,319.67,0.32,0.55,2026-05-18,516,N20,VIIRS,n,2.0NRT,267.16,1.78,N
9.65399,-63.53259,305.26,0.32,0.55,2026-05-18,516,N20,VIIRS,n,2.0NRT,268.15,2.38,N
9.65404,-63.57126,300.92,0.32,0.55,2026-05-18,516,N20,VIIRS,n,2.0NRT,265.96,1.78,N
9.65438,-63.53548,338.51,0.32,0.55,2026-05-18,516,N20,VIIRS,n,2.0NRT,269.66,2.38,N
9.6545,-63.61333,295.4,0.32,0.55,2026-05-18,516,N20,VIIRS,n,2.0NRT,268.02,0.58,N
9.65477,-63.53838,343.62,0.32,0.55,2026-05-18,516,N20,VIIRS,n,2.0NRT,262.63,3.85,N
9.65489,-63.61629,300.16,0.32,0.55,2026-05-18,516,N20,VIIRS,n,2.0NRT,266.86,0.64,N
9.65528,-63.61924,307.83,0.32,0.55,2026-05-18,516,N20,VIIRS,n,2.0NRT,265.58,0.64,N
9.65568,-63.62222,339.82,0.32,0.55,2026-05-18,516,N20,VIIRS,n,2.0NRT,266.47,1.46,N
9.65607,-63.62519,327.69,0.33,0.55,2026-05-18,516,N20,VIIRS,n,2.0NRT,265.98,1.46,N
9.65647,-63.62817,321.39,0.33,0.55,2026-05-18,516,N20,VIIRS,n,2.0NRT,266.02,0.83,N
9.65687,-63.63116,314.42,0.33,0.55,2026-05-18,516,N20,VIIRS,n,2.0NRT,263.48,0.83,N
9.65726,-63.63417,306.84,0.33,0.55,2026-05-18,516,N20,VIIRS,n,2.0NRT,262.77,0.59,N
9.65749,-63.5587,297.97,0.32,0.55,2026-05-18,516,N20,VIIRS,n,2.0NRT,266.3,0.47,N
9.65766,-63.63719,299.55,0.33,0.55,2026-05-18,516,N20,VIIRS,n,2.0NRT,259.73,0.59,N
9.65788,-63.56161,307.76,0.32,0.55,2026-05-18,516,N20,VIIRS,n,2.0NRT,266.45,0.84,N
9.66032,-63.61845,295.88,0.32,0.55,2026-05-18,516,N20,VIIRS,n,2.0NRT,267.79,0.64,N
9.66072,-63.62142,295.92,0.32,0.55,2026-05-18,516,N20,VIIRS,n,2.0NRT,268.96,1.46,N
9.66112,-63.62441,297.13,0.33,0.55,2026-05-18,516,N20,VIIRS,n,2.0NRT,269.76,1.46,N
9.66151,-63.62738,296.71,0.33,0.55,2026-05-18,516,N20,VIIRS,n,2.0NRT,268.12,0.83,N
9.66191,-63.63037,295.07,0.33,0.55,2026-05-18,516,N20,VIIRS,n,2.0NRT,266.39,0.83,N
9.68219,-63.47662,326.72,0.64,0.54,2026-05-18,516,N20,VIIRS,n,2.0NRT,277.19,5.58,N
9.69937,-63.41649,295.3,0.63,0.54,2026-05-18,516,N20,VIIRS,n,2.0NRT,269.36,0.81,N
9.70401,-63.52729,300.96,0.32,0.55,2026-05-18,516,N20,VIIRS,n,2.0NRT,280.0,1.61,N
9.70438,-63.5302,330.48,0.32,0.55,2026-05-18,516,N20,VIIRS,n,2.0NRT,282.42,2.09,N
9.70455,-63.52798,324.66,0.32,0.55,2026-05-18,516,N20,VIIRS,n,2.0NRT,280.53,2.11,N
9.73065,-63.45787,295.64,0.64,0.54,2026-05-18,516,N20,VIIRS,n,2.0NRT,268.61,1.04,N
9.73142,-63.46367,304.49,0.64,0.54,2026-05-18,516,N20,VIIRS,n,2.0NRT,261.94,1.04,N
9.73316,-63.47684,295.71,0.32,0.54,2026-05-18,516,N20,VIIRS,n,2.0NRT,255.96,0.36,N
9.73776,-63.47303,308.59,0.32,0.54,2026-05-18,516,N20,VIIRS,n,2.0NRT,256.77,0.36,N
9.73815,-63.47597,313.64,0.32,0.54,2026-05-18,516,N20,VIIRS,n,2.0NRT,256.35,0.36,N
9.76566,-65.46914,310.53,0.44,0.62,2026-05-18,516,N20,VIIRS,n,2.0NRT,289.45,1.41,N
9.77218,-63.26567,312.16,0.62,0.54,2026-05-18,516,N20,VIIRS,n,2.0NRT,289.9,3.61,N
9.77558,-63.26553,311.08,0.62,0.54,2026-05-18,516,N20,VIIRS,n,2.0NRT,290.13,3.62,N
9.77635,-63.27113,336.04,0.62,0.54,2026-05-18,516,N20,VIIRS,n,2.0NRT,289.5,3.62,N
9.77784,-63.27053,338.93,0.62,0.54,2026-05-18,516,N20,VIIRS,n,2.0NRT,290.09,5.55,N
9.83287,-63.34335,308.31,0.63,0.54,2026-05-18,516,N20,VIIRS,n,2.0NRT,288.61,1.05,N
9.97565,-63.18265,313.38,0.61,0.54,2026-05-18,516,N20,VIIRS,n,2.0NRT,290.6,1.23,N
9.97894,-63.18398,323.68,0.61,0.54,2026-05-18,516,N20,VIIRS,n,2.0NRT,290.45,4.05,N
9.98059,-63.182,302.88,0.61,0.54,2026-05-18,516,N20,VIIRS,n,2.0NRT,290.44,1.23,N
10.05394,-64.86405,314.83,0.4,0.6,2026-05-18,516,N20,VIIRS,n,2.0NRT,290.73,1.79,N
10.05685,-64.88657,326.14,0.4,0.6,2026-05-18,516,N20,VIIRS,n,2.0NRT,290.54,2.68,N
10.05732,-64.8902,319.57,0.4,0.6,2026-05-18,516,N20,VIIRS,n,2.0NRT,290.73,2.68,N
10.05855,-64.8563,308.74,0.4,0.6,2026-05-18,516,N20,VIIRS,n,2.0NRT,291.75,2.15,N
10.05903,-64.85997,305.17,0.4,0.6,2026-05-18,516,N20,VIIRS,n,2.0NRT,291.52,2.15,N
10.05949,-64.86351,311.75,0.4,0.6,2026-05-18,516,N20,VIIRS,n,2.0NRT,291.45,1.79,N
10.05997,-64.86722,318.29,0.4,0.6,2026-05-18,516,N20,VIIRS,n,2.0NRT,291.52,1.79,N
10.06045,-64.87093,303.67,0.4,0.6,2026-05-18,516,N20,VIIRS,n,2.0NRT,290.96,1.89,N
10.07493,-64.89561,304.22,0.4,0.6,2026-05-18,516,N20,VIIRS,n,2.0NRT,290.55,0.83,N
10.07613,-64.86178,327.79,0.4,0.6,2026-05-18,516,N20,VIIRS,n,2.0NRT,291.25,3.91,N
10.081,-64.85847,328.85,0.4,0.6,2026-05-18,516,N20,VIIRS,n,2.0NRT,291.01,2.31,N
10.08119,-64.85745,326.51,0.4,0.6,2026-05-18,516,N20,VIIRS,n,2.0NRT,290.81,3.39,N
10.17837,-61.69078,303.72,0.49,0.48,2026-05-18,516,N20,VIIRS,n,2.0NRT,283.27,0.92,N
10.179,-61.69527,303.2,0.49,0.49,2026-05-18,516,N20,VIIRS,n,2.0NRT,282.56,0.92,N
10.21291,-64.61541,339.96,0.39,0.59,2026-05-18,516,N20,VIIRS,n,2.0NRT,290.93,4.13,N
-2.95582,-60.01582,303.16,0.41,0.37,2026-05-18,518,N20,VIIRS,n,2.0NRT,290.66,0.62,N
-2.14379,-53.64474,305.2,0.53,0.42,2026-05-18,518,N20,VIIRS,n,2.0NRT,288.01,1.21,N
0.69481,-51.44554,319.08,0.44,0.46,2026-05-18,518,N20,VIIRS,n,2.0NRT,289.09,1.84,N
-12.44986,-54.47432,319.79,0.43,0.46,2026-05-18,521,N20,VIIRS,n,2.0NRT,281.11,2.08,N
-12.4497,-54.47536,317.64,0.43,0.46,2026-05-18,521,N20,VIIRS,n,2.0NRT,278.69,1.06,N
-12.44548,-54.4748,298.17,0.43,0.46,2026-05-18,521,N20,VIIRS,n,2.0NRT,279.85,1.06,N
-11.79905,-57.35743,305.02,0.44,0.38,2026-05-18,521,N20,VIIRS,n,2.0NRT,276.78,0.78,N
-11.47876,-52.91379,301.81,0.53,0.5,2026-05-18,521,N20,VIIRS,n,2.0NRT,289.28,1.46,N
-11.47771,-52.91507,303.73,0.53,0.5,2026-05-18,521,N20,VIIRS,n,2.0NRT,289.56,0.93,N
-11.4513,-54.09084,303.21,0.44,0.46,2026-05-18,521,N20,VIIRS,n,2.0NRT,277.26,1.19,N
-11.45075,-54.09489,335.8,0.44,0.46,2026-05-18,521,N20,VIIRS,n,2.0NRT,277.93,2.35,N
-11.4502,-54.09892,299.59,0.44,0.46,2026-05-18,521,N20,VIIRS,n,2.0NRT,277.93,2.35,N
-11.44703,-54.09027,329.71,0.44,0.46,2026-05-18,521,N20,VIIRS,n,2.0NRT,278.13,3.12,N
-11.44648,-54.09431,340.75,0.44,0.46,2026-05-18,521,N20,VIIRS,n,2.0NRT,279.62,3.81,N
-11.44594,-54.09834,335.51,0.44,0.46,2026-05-18,521,N20,VIIRS,n,2.0NRT,280.44,3.81,N
-11.44539,-54.10234,299.66,0.44,0.46,2026-05-18,521,N20,VIIRS,n,2.0NRT,280.09,1.22,N
-11.44276,-54.08968,316.97,0.44,0.46,2026-05-18,521,N20,VIIRS,n,2.0NRT,279.83,3.12,N
-11.44221,-54.09372,322.89,0.44,0.46,2026-05-18,521,N20,VIIRS,n,2.0NRT,280.76,3.81,N
-11.44167,-54.09776,316.64,0.44,0.46,2026-05-18,521,N20,VIIRS,n,2.0NRT,281.35,3.81,N
-11.30826,-54.04033,307.74,0.44,0.46,2026-05-18,521,N20,VIIRS,n,2.0NRT,288.53,1.5,N
-10.9137,-54.11846,305.62,0.43,0.46,2026-05-18,521,N20,VIIRS,n,2.0NRT,290.92,1.7,N
-10.91316,-54.12238,318.0,0.43,0.46,2026-05-18,521,N20,VIIRS,n,2.0NRT,291.15,1.26,N
-10.90893,-54.12175,304.43,0.43,0.46,2026-05-18,521,N20,VIIRS,n,2.0NRT,290.84,1.26,N
-10.03836,-51.68491,302.07,0.61,0.54,2026-05-18,521,N20,VIIRS,n,2.0NRT,290.3,0.87,N
-7.91822,-61.55103,316.92,0.43,0.38,2026-05-18,521,N20,VIIRS,n,2.0NRT,290.47,2.12,N
-25.71429,-56.49429,295.54,0.48,0.48,2026-05-18,523,N20,VIIRS,n,2.0NRT,282.33,0.55,N
-25.71137,-56.49187,302.28,0.48,0.48,2026-05-18,523,N20,VIIRS,n,2.0NRT,282.4,0.83,N
-25.71036,-56.48888,301.11,0.48,0.48,2026-05-18,523,N20,VIIRS,n,2.0NRT,282.49,0.53,N
-24.52198,-60.63504,306.17,0.43,0.38,2026-05-18,523,N20,VIIRS,n,2.0NRT,279.17,0.83,N
-23.82718,-59.93332,301.56,0.45,0.39,2026-05-18,523,N20,VIIRS,n,2.0NRT,281.11,0.91,N
-23.82265,-70.31776,302.57,0.5,0.49,2026-05-18,523,N20,VIIRS,n,2.0NRT,283.08,1.56,N
-23.78488,-70.31924,301.71,0.5,0.49,2026-05-18,523,N20,VIIRS,n,2.0NRT,279.51,1.53,N
-22.31806,-68.87949,311.76,0.44,0.46,2026-05-18,523,N20,VIIRS,n,2.0NRT,276.2,2.38,N
-22.31723,-68.88366,313.54,0.44,0.46,2026-05-18,523,N20,VIIRS,n,2.0NRT,278.91,2.38,N
-22.31399,-68.87787,296.06,0.44,0.46,2026-05-18,523,N20,VIIRS,n,2.0NRT,277.25,1.44,N
-14.08134,-53.43962,298.87,0.53,0.5,2026-05-18,523,N20,VIIRS,n,2.0NRT,281.82,0.88,N
-14.0761,-53.44383,298.61,0.53,0.5,2026-05-18,523,N20,VIIRS,n,2.0NRT,281.15,0.88,N
-12.75376,-66.23254,307.21,0.44,0.46,2026-05-18,523,N20,VIIRS,n,2.0NRT,288.89,0.99,N
-33.3782,-60.1485,310.14,0.55,0.43,2026-05-18,525,N20,VIIRS,n,2.0NRT,273.41,1.77,N
-33.37425,-60.14785,326.31,0.55,0.43,2026-05-18,525,N20,VIIRS,n,2.0NRT,277.98,1.77,N
-33.36896,-60.15914,318.08,0.55,0.43,2026-05-18,525,N20,VIIRS,n,2.0NRT,280.44,2.58,N
-33.25542,-60.28459,316.99,0.54,0.42,2026-05-18,525,N20,VIIRS,n,2.0NRT,278.9,3.8,N
-31.6731,-64.41539,327.13,0.39,0.36,2026-05-18,525,N20,VIIRS,n,2.0NRT,274.64,2.02,N
-31.25594,-70.82639,312.78,0.39,0.44,2026-05-18,525,N20,VIIRS,n,2.0NRT,272.12,2.65,N
-31.25216,-70.82438,297.49,0.39,0.44,2026-05-18,525,N20,VIIRS,n,2.0NRT,271.6,0.64,N
-29.99185,-62.56667,302.71,0.41,0.37,2026-05-18,525,N20,VIIRS,n,2.0NRT,279.62,0.65,N
-27.00315,-60.8259,299.17,0.44,0.38,2026-05-18,525,N20,VIIRS,n,2.0NRT,277.92,0.65,N
-26.504,-60.99582,307.11,0.43,0.38,2026-05-18,525,N20,VIIRS,n,2.0NRT,277.89,1.67,N
-26.13883,-60.85082,296.49,0.43,0.38,2026-05-18,525,N20,VIIRS,n,2.0NRT,279.23,0.66,N
-26.13843,-60.85218,297.96,0.43,0.38,2026-05-18,525,N20,VIIRS,n,2.0NRT,279.21,0.64,N
-38.89114,-67.98367,319.42,0.39,0.36,2026-05-18,527,N20,VIIRS,n,2.0NRT,268.87,2.27,N
-38.74387,-68.83842,326.34,0.4,0.37,2026-05-18,527,N20,VIIRS,n,2.0NRT,276.01,3.41,N
-38.7002,-68.70103,316.4,0.39,0.36,2026-05-18,527,N20,VIIRS,n,2.0NRT,274.52,1.1,N
-38.6979,-68.71452,314.35,0.39,0.36,2026-05-18,527,N20,VIIRS,n,2.0NRT,272.38,0.75,N
-38.4979,-68.31701,326.03,0.39,0.36,2026-05-18,527,N20,VIIRS,n,2.0NRT,277.84,2.95,N
-38.46759,-69.04745,313.9,0.4,0.37,2026-05-18,527,N20,VIIRS,n,2.0NRT,272.05,0.92,N
-38.42729,-68.71111,306.03,0.4,0.37,2026-05-18,527,N20,VIIRS,n,2.0NRT,272.26,1.45,N
-38.42651,-68.71561,319.84,0.4,0.37,2026-05-18,527,N20,VIIRS,n,2.0NRT,274.41,1.45,N
-38.42394,-68.71018,327.77,0.4,0.37,2026-05-18,527,N20,VIIRS,n,2.0NRT,276.1,6.25,N
-38.42316,-68.71469,339.57,0.4,0.37,2026-05-18,527,N20,VIIRS,n,2.0NRT,282.08,6.25,N
-38.409,-68.71551,303.69,0.4,0.37,2026-05-18,527,N20,VIIRS,n,2.0NRT,269.71,0.75,N
-38.36166,-68.74202,317.69,0.4,0.37,2026-05-18,527,N20,VIIRS,n,2.0NRT,271.77,1.46,N
-38.35556,-73.16551,298.61,0.55,0.43,2026-05-18,527,N20,VIIRS,n,2.0NRT,280.15,2.46,N
-38.3542,-73.17191,328.78,0.56,0.43,2026-05-18,527,N20,VIIRS,n,2.0NRT,282.88,4.58,N
-38.28664,-68.74951,303.24,0.4,0.37,2026-05-18,527,N20,VIIRS,n,2.0NRT,271.21,0.78,N
-38.27348,-68.70108,318.24,0.4,0.37,2026-05-18,527,N20,VIIRS,n,2.0NRT,272.54,1.12,N
-38.23282,-72.16273,316.31,0.5,0.41,2026-05-18,527,N20,VIIRS,n,2.0NRT,274.24,2.23,N
-38.22911,-72.16146,303.45,0.5,0.41,2026-05-18,527,N20,VIIRS,n,2.0NRT,273.68,1.48,N
-38.10014,-68.66459,319.59,0.4,0.37,2026-05-18,527,N20,VIIRS,n,2.0NRT,273.73,1.45,N
-38.0464,-71.9943,316.09,0.5,0.41,2026-05-18,527,N20,VIIRS,n,2.0NRT,285.38,2.84,N
-38.04525,-71.99996,344.2,0.5,0.41,2026-05-18,527,N20,VIIRS,n,2.0NRT,285.29,7.36,N
-38.04269,-71.99314,323.59,0.5,0.41,2026-05-18,527,N20,VIIRS,n,2.0NRT,302.25,53.2,N
-38.04151,-71.99896,351.13,0.5,0.41,2026-05-18,527,N20,VIIRS,n,2.0NRT,298.24,28.88,N
-38.04032,-72.00482,307.83,0.5,0.41,2026-05-18,527,N20,VIIRS,n,2.0NRT,282.49,28.88,N
-38.01662,-68.59673,300.37,0.4,0.37,2026-05-18,527,N20,VIIRS,n,2.0NRT,272.69,0.71,N
-38.01328,-68.5958,333.6,0.4,0.37,2026-05-18,527,N20,VIIRS,n,2.0NRT,276.71,2.65,N
-37.71864,-69.19029,326.9,0.41,0.37,2026-05-18,527,N20,VIIRS,n,2.0NRT,270.4,2.55,N
-37.71832,-69.13197,326.61,0.41,0.37,2026-05-18,527,N20,VIIRS,n,2.0NRT,272.2,1.71,N
-37.7133,-69.14024,304.79,0.41,0.37,2026-05-18,527,N20,VIIRS,n,2.0NRT,271.99,1.12,N
-37.57652,-69.133,324.76,0.41,0.37,2026-05-18,527,N20,VIIRS,n,2.0NRT,267.04,2.13,N
-37.5196,-72.9369,311.31,0.56,0.43,2026-05-18,527,N20,VIIRS,n,2.0NRT,279.56,1.86,N
-37.4287,-69.17371,326.03,0.41,0.37,2026-05-18,527,N20,VIIRS,n,2.0NRT,274.51,3.95,N
-37.42477,-69.09528,325.95,0.41,0.37,2026-05-18,527,N20,VIIRS,n,2.0NRT,275.24,2.12,N
-37.08728,-69.47436,311.09,0.42,0.38,2026-05-18,527,N20,VIIRS,n,2.0NRT,271.01,0.92,N
-36.98119,-60.24477,296.73,0.4,0.44,2026-05-18,527,N20,VIIRS,n,2.0NRT,275.2,0.63,N
-36.42654,-71.59988,304.91,0.51,0.41,2026-05-18,527,N20,VIIRS,n,2.0NRT,281.88,1.64,N
-36.42495,-71.60052,299.29,0.51,0.41,2026-05-18,527,N20,VIIRS,n,2.0NRT,282.49,1.41,N
-36.42279,-71.5987,310.97,0.51,0.41,2026-05-18,527,N20,VIIRS,n,2.0NRT,285.29,1.96,N
-36.42017,-71.59189,322.69,0.51,0.41,2026-05-18,527,N20,VIIRS,n,2.0NRT,282.3,3.7,N
-36.41904,-71.59758,313.41,0.51,0.41,2026-05-18,527,N20,VIIRS,n,2.0NRT,284.77,1.96,N
-36.41264,-71.58979,337.28,0.51,0.41,2026-05-18,527,N20,VIIRS,n,2.0NRT,284.13,6.44,N
-36.41151,-71.59546,307.28,0.51,0.41,2026-05-18,527,N20,VIIRS,n,2.0NRT,284.61,3.29,N
-36.40888,-71.58871,299.92,0.51,0.41,2026-05-18,527,N20,VIIRS,n,2.0NRT,278.96,1.37,N
-36.40773,-71.59442,315.71,0.51,0.41,2026-05-18,527,N20,VIIRS,n,2.0NRT,279.66,2.12,N
-36.39755,-71.58567,307.4,0.51,0.41,2026-05-18,527,N20,VIIRS,n,2.0NRT,279.44,2.55,N
-36.3964,-71.59135,301.21,0.51,0.41,2026-05-18,527,N20,VIIRS,n,2.0NRT,279.28,1.37,N
-36.39526,-71.59703,299.71,0.51,0.41,2026-05-18,527,N20,VIIRS,n,2.0NRT,276.44,1.37,N
-36.39263,-71.59032,320.85,0.51,0.41,2026-05-18,527,N20,VIIRS,n,2.0NRT,278.24,2.55,N
-34.94144,-72.1184,297.58,0.57,0.43,2026-05-18,527,N20,VIIRS,n,2.0NRT,281.95,4.29,N
-34.94038,-72.12344,342.93,0.38,0.43,2026-05-18,527,N20,VIIRS,n,2.0NRT,283.42,9.3,N
-34.9365,-72.12189,337.95,0.38,0.43,2026-05-18,527,N20,VIIRS,n,2.0NRT,286.68,3.79,N
-34.85932,-57.89056,303.87,0.5,0.49,2026-05-18,527,N20,VIIRS,n,2.0NRT,277.7,1.95,N
-34.85883,-57.89614,304.65,0.5,0.49,2026-05-18,527,N20,VIIRS,n,2.0NRT,275.43,1.46,N
-34.83238,-71.97269,300.95,0.57,0.43,2026-05-18,527,N20,VIIRS,n,2.0NRT,274.91,1.08,N
-34.14844,-58.98498,305.88,0.43,0.46,2026-05-18,527,N20,VIIRS,n,2.0NRT,278.45,1.22,N
-34.10771,-70.45927,296.73,0.5,0.41,2026-05-18,527,N20,VIIRS,n,2.0NRT,279.65,1.61,N
-34.1051,-70.45259,307.5,0.5,0.41,2026-05-18,527,N20,VIIRS,n,2.0NRT,279.44,17.06,N
-34.10406,-70.45792,324.46,0.5,0.41,2026-05-18,527,N20,VIIRS,n,2.0NRT,280.97,17.06,N
-33.4312,-63.29543,316.86,0.41,0.37,2026-05-18,527,N20,VIIRS,n,2.0NRT,275.05,1.07,N
-32.93205,-71.49689,305.55,0.39,0.44,2026-05-18,527,N20,VIIRS,n,2.0NRT,279.8,1.2,N
-32.93152,-71.4985,317.0,0.39,0.44,2026-05-18,527,N20,VIIRS,n,2.0NRT,279.29,1.71,N
-32.92628,-71.50419,295.4,0.39,0.44,2026-05-18,527,N20,VIIRS,n,2.0NRT,284.36,0.87,N
-32.80201,-70.95117,301.13,0.55,0.43,2026-05-18,527,N20,VIIRS,n,2.0NRT,280.84,1.9,N
-32.78579,-71.48705,307.76,0.39,0.44,2026-05-18,527,N20,VIIRS,n,2.0NRT,278.99,0.84,N
8.39746,-80.39814,298.41,0.39,0.36,2026-05-18,657,N20,VIIRS,n,2.0NRT,275.27,0.56,N
9.34192,-67.4104,306.03,0.7,0.75,2026-05-18,657,N20,VIIRS,n,2.0NRT,285.83,3.78,N
9.34316,-67.41668,311.93,0.7,0.75,2026-05-18,657,N20,VIIRS,n,2.0NRT,285.99,4.45,N
9.34426,-67.41431,322.0,0.7,0.75,2026-05-18,657,N20,VIIRS,n,2.0NRT,286.32,5.72,N
10.08288,-71.79298,321.69,0.34,0.56,2026-05-18,657,N20,VIIRS,n,2.0NRT,289.06,6.09,N
10.31791,-75.4857,312.37,0.39,0.44,2026-05-18,657,N20,VIIRS,n,2.0NRT,290.61,1.44,N
10.48713,-71.63611,309.03,0.35,0.56,2026-05-18,657,N20,VIIRS,n,2.0NRT,290.67,0.57,N
10.6548,-71.74067,312.39,0.34,0.56,2026-05-18,657,N20,VIIRS,n,2.0NRT,291.12,1.15,N
10.77989,-71.69023,307.01,0.34,0.56,2026-05-18,657,N20,VIIRS,n,2.0NRT,292.15,0.33,N
10.97827,-72.72737,313.77,0.57,0.52,2026-05-18,657,N20,VIIRS,n,2.0NRT,291.52,2.83,N
11.03035,-72.66401,305.18,0.58,0.52,2026-05-18,657,N20,VIIRS,n,2.0NRT,290.96,2.81,N
11.03068,-72.66143,309.12,0.58,0.52,2026-05-18,657,N20,VIIRS,n,2.0NRT,291.11,3.09,N
11.14875,-72.5284,307.75,0.59,0.52,2026-05-18,657,N20,VIIRS,n,2.0NRT,291.94,3.24,N
11.15449,-72.53271,304.22,0.58,0.52,2026-05-18,657,N20,VIIRS,n,2.0NRT,292.08,3.24,N
11.50108,-69.32467,307.07,0.48,0.64,2026-05-18,657,N20,VIIRS,n,2.0NRT,290.32,1.31,N
11.62132,-70.21904,319.39,0.41,0.61,2026-05-18,657,N20,VIIRS,n,2.0NRT,291.69,6.07,N
11.62204,-70.22276,367.0,0.41,0.61,2026-05-18,657,N20,VIIRS,h,2.0NRT,293.78,6.07,N
11.62275,-70.22646,315.68,0.41,0.61,2026-05-18,657,N20,VIIRS,n,2.0NRT,291.74,3.47,N
11.62757,-70.22179,310.99,0.41,0.61,2026-05-18,657,N20,VIIRS,n,2.0NRT,292.12,6.07,N
11.62829,-70.2255,306.38,0.41,0.61,2026-05-18,657,N20,VIIRS,n,2.0NRT,292.21,3.47,N
11.629,-70.22919,304.08,0.41,0.61,2026-05-18,657,N20,VIIRS,n,2.0NRT,291.83,3.47,N
11.62969,-70.23281,367.0,0.41,0.61,2026-05-18,657,N20,VIIRS,h,2.0NRT,292.99,5.26,N
11.63038,-70.23641,306.77,0.41,0.61,2026-05-18,657,N20,VIIRS,n,2.0NRT,291.48,5.26,N
11.6352,-70.23175,304.26,0.41,0.61,2026-05-18,657,N20,VIIRS,n,2.0NRT,291.62,1.36,N
11.73593,-70.19199,335.27,0.41,0.61,2026-05-18,657,N20,VIIRS,n,2.0NRT,292.31,3.88,N
11.73664,-70.19569,333.43,0.41,0.61,2026-05-18,657,N20,VIIRS,n,2.0NRT,292.51,4.27,N
11.741,-70.19154,317.86,0.41,0.61,2026-05-18,657,N20,VIIRS,n,2.0NRT,292.32,2.55,N
11.74145,-70.19097,314.84,0.41,0.61,2026-05-18,657,N20,VIIRS,n,2.0NRT,292.59,3.88,N
11.74173,-70.19521,323.97,0.41,0.61,2026-05-18,657,N20,VIIRS,n,2.0NRT,292.22,3.42,N
11.74216,-70.19467,327.24,0.41,0.61,2026-05-18,657,N20,VIIRS,n,2.0NRT,292.96,4.27,N
11.74904,-70.17445,305.7,0.41,0.61,2026-05-18,657,N20,VIIRS,n,2.0NRT,291.97,1.05,N
11.7496,-70.1738,307.1,0.41,0.61,2026-05-18,657,N20,VIIRS,n,2.0NRT,291.49,0.95,N
-8.51528,-74.9099,326.04,0.41,0.61,2026-05-18,701,N20,VIIRS,n,2.0NRT,273.71,3.75,N
-20.25142,-40.24132,327.66,0.43,0.38,2026-05-18,1611,N20,VIIRS,n,2.0NRT,297.19,8.13,D
-20.2509,-40.24455,335.76,0.43,0.38,2026-05-18,1611,N20,VIIRS,n,2.0NRT,296.93,6.57,D
-20.25086,-40.2372,335.69,0.43,0.38,2026-05-18,1611,N20,VIIRS,n,2.0NRT,299.53,7.16,D
-20.25032,-40.24043,335.84,0.43,0.38,2026-05-18,1611,N20,VIIRS,n,2.0NRT,298.56,6.57,D
-20.24792,-40.24185,340.1,0.43,0.38,2026-05-18,1611,N20,VIIRS,n,2.0NRT,297.6,8.13,D
-20.24682,-40.24097,328.08,0.43,0.38,2026-05-18,1611,N20,VIIRS,n,2.0NRT,297.33,6.57,D
-20.24332,-40.24151,332.89,0.43,0.38,2026-05-18,1611,N20,VIIRS,n,2.0NRT,299.69,4.72,D
-20.23983,-40.24205,347.58,0.43,0.38,2026-05-18,1611,N20,VIIRS,n,2.0NRT,299.84,4.72,D
-20.2346,-40.23026,333.94,0.43,0.38,2026-05-18,1611,N20,VIIRS,n,2.0NRT,301.98,3.71,D
-19.87682,-40.40135,334.03,0.43,0.38,2026-05-18,1611,N20,VIIRS,n,2.0NRT,298.55,3.83,D
-19.87447,-40.7769,327.38,0.45,0.39,2026-05-18,1611,N20,VIIRS,n,2.0NRT,296.85,2.69,D
-19.59593,-40.30391,334.4,0.43,0.38,2026-05-18,1611,N20,VIIRS,n,2.0NRT,296.58,2.58,D
-19.52054,-40.9857,332.49,0.45,0.39,2026-05-18,1611,N20,VIIRS,n,2.0NRT,297.68,1.72,D
-19.38041,-43.2804,339.21,0.4,0.44,2026-05-18,1611,N20,VIIRS,n,2.0NRT,292.91,5.86,D
-18.75423,-40.08168,345.96,0.41,0.37,2026-05-18,1611,N20,VIIRS,n,2.0NRT,298.57,9.63,D
-18.65503,-40.22106,334.26,0.42,0.37,2026-05-18,1611,N20,VIIRS,n,2.0NRT,298.65,4.0,D
-18.65158,-40.2216,333.96,0.42,0.37,2026-05-18,1611,N20,VIIRS,n,2.0NRT,298.55,4.0,D
-18.57778,-40.11631,336.64,0.41,0.37,2026-05-18,1611,N20,VIIRS,n,2.0NRT,298.9,4.62,D
-18.36185,-40.29338,337.1,0.42,0.37,2026-05-18,1611,N20,VIIRS,n,2.0NRT,301.6,5.44,D
-17.96492,-44.56412,341.28,0.46,0.47,2026-05-18,1611,N20,VIIRS,n,2.0NRT,300.86,12.1,D
-17.9611,-44.56894,347.08,0.46,0.47,2026-05-18,1611,N20,VIIRS,n,2.0NRT,307.84,47.57,D
-17.96058,-44.56469,340.32,0.46,0.47,2026-05-18,1611,N20,VIIRS,n,2.0NRT,298.65,18.65,D
-17.55656,-46.5457,331.24,0.61,0.53,2026-05-18,1611,N20,VIIRS,n,2.0NRT,295.9,5.68,D
-17.13106,-44.58798,336.12,0.45,0.47,2026-05-18,1611,N20,VIIRS,n,2.0NRT,298.2,2.65,D
-17.12676,-44.58848,336.31,0.45,0.47,2026-05-18,1611,N20,VIIRS,n,2.0NRT,297.73,2.65,D
-17.35602,-47.8082,326.69,0.37,0.58,2026-05-18,1613,N20,VIIRS,n,2.0NRT,290.58,4.39,D
-16.55267,-44.96336,334.43,0.47,0.47,2026-05-18,1613,N20,VIIRS,n,2.0NRT,298.47,2.97,D
-16.55206,-44.96597,332.42,0.46,0.47,2026-05-18,1613,N20,VIIRS,n,2.0NRT,299.03,2.16,D
-16.35399,-43.8807,336.34,0.4,0.44,2026-05-18,1613,N20,VIIRS,n,2.0NRT,304.06,5.36,D
-16.27393,-39.05291,331.51,0.39,0.36,2026-05-18,1613,N20,VIIRS,n,2.0NRT,297.73,2.68,D
-15.68445,-50.52734,333.66,0.53,0.67,2026-05-18,1613,N20,VIIRS,n,2.0NRT,291.67,5.0,D
-15.43225,-41.49043,330.29,0.44,0.38,2026-05-18,1613,N20,VIIRS,n,2.0NRT,299.59,14.19,D
-15.37205,-47.55228,338.3,0.33,0.56,2026-05-18,1613,N20,VIIRS,n,2.0NRT,298.74,4.3,D
-15.32773,-42.06166,338.79,0.46,0.39,2026-05-18,1613,N20,VIIRS,n,2.0NRT,305.24,27.76,D
-15.32714,-42.05736,342.84,0.46,0.39,2026-05-18,1613,N20,VIIRS,n,2.0NRT,309.78,27.76,D
-15.32412,-42.06216,367.0,0.46,0.39,2026-05-18,1613,N20,VIIRS,l,2.0NRT,333.67,27.76,D
-15.32353,-42.05785,348.81,0.46,0.39,2026-05-18,1613,N20,VIIRS,n,2.0NRT,314.81,27.76,D
-15.31992,-42.05834,333.02,0.46,0.39,2026-05-18,1613,N20,VIIRS,l,2.0NRT,303.37,6.0,D
-15.31758,-42.04111,339.18,0.46,0.39,2026-05-18,1613,N20,VIIRS,n,2.0NRT,306.85,3.99,D
-14.54905,-39.6472,338.44,0.39,0.36,2026-05-18,1613,N20,VIIRS,n,2.0NRT,301.3,4.48,D
-14.29922,-49.15102,351.39,0.41,0.61,2026-05-18,1613,N20,VIIRS,n,2.0NRT,297.8,6.25,D
-14.29449,-41.50189,335.23,0.43,0.38,2026-05-18,1613,N20,VIIRS,l,2.0NRT,306.62,3.62,D
-14.18884,-41.59484,332.28,0.43,0.38,2026-05-18,1613,N20,VIIRS,n,2.0NRT,305.49,2.17,D
-14.16833,-52.87883,341.92,0.74,0.76,2026-05-18,1613,N20,VIIRS,n,2.0NRT,289.85,11.78,D
-14.16402,-52.88628,355.29,0.74,0.76,2026-05-18,1613,N20,VIIRS,n,2.0NRT,292.22,25.93,D
-14.16336,-52.87992,367.0,0.74,0.76,2026-05-18,1613,N20,VIIRS,h,2.0NRT,290.26,25.93,D
-14.16192,-52.88588,367.0,0.74,0.76,2026-05-18,1613,N20,VIIRS,h,2.0NRT,291.85,35.94,D
-14.1613,-52.87952,367.0,0.74,0.76,2026-05-18,1613,N20,VIIRS,h,2.0NRT,290.75,42.73,D
-14.16099,-45.29973,367.0,0.45,0.47,2026-05-18,1613,N20,VIIRS,h,2.0NRT,304.68,12.38,D
-14.15667,-45.30029,367.0,0.45,0.47,2026-05-18,1613,N20,VIIRS,h,2.0NRT,306.73,12.38,D
-14.15644,-42.8398,334.11,0.49,0.4,2026-05-18,1613,N20,VIIRS,l,2.0NRT,308.67,6.19,D
-14.15632,-52.88051,367.0,0.74,0.76,2026-05-18,1613,N20,VIIRS,h,2.0NRT,290.91,23.76,D
-14.15614,-45.29613,341.64,0.45,0.47,2026-05-18,1613,N20,VIIRS,n,2.0NRT,304.73,6.84,D
-14.15287,-45.30499,331.93,0.45,0.47,2026-05-18,1613,N20,VIIRS,n,2.0NRT,302.77,4.92,D
-14.15235,-45.30083,338.16,0.45,0.47,2026-05-18,1613,N20,VIIRS,n,2.0NRT,303.52,4.92,D
-14.15067,-52.89455,338.55,0.74,0.76,2026-05-18,1613,N20,VIIRS,n,2.0NRT,291.08,12.18,D
-14.14853,-52.89436,337.81,0.74,0.76,2026-05-18,1613,N20,VIIRS,n,2.0NRT,290.84,7.77,D
-14.14803,-45.30136,344.4,0.45,0.47,2026-05-18,1613,N20,VIIRS,n,2.0NRT,304.69,4.92,D
-14.0859,-42.11798,346.18,0.45,0.39,2026-05-18,1613,N20,VIIRS,n,2.0NRT,315.39,19.58,D
-14.08531,-42.11382,344.88,0.45,0.39,2026-05-18,1613,N20,VIIRS,n,2.0NRT,309.56,19.76,D
-13.85207,-41.3863,347.04,0.42,0.38,2026-05-18,1613,N20,VIIRS,n,2.0NRT,312.29,8.76,D
-13.82943,-49.39051,348.57,0.42,0.61,2026-05-18,1613,N20,VIIRS,n,2.0NRT,298.05,4.7,D
-13.82484,-39.47737,329.12,0.38,0.36,2026-05-18,1613,N20,VIIRS,n,2.0NRT,295.48,3.79,D
-13.8243,-39.47382,331.05,0.38,0.36,2026-05-18,1613,N20,VIIRS,n,2.0NRT,295.62,3.96,D
-13.77987,-42.22392,342.79,0.45,0.39,2026-05-18,1613,N20,VIIRS,n,2.0NRT,308.6,11.41,D
-13.68177,-39.9226,330.41,0.39,0.36,2026-05-18,1613,N20,VIIRS,n,2.0NRT,295.26,1.92,D
-13.67363,-39.7782,330.84,0.39,0.36,2026-05-18,1613,N20,VIIRS,n,2.0NRT,295.58,2.37,D
-13.6575,-41.2473,338.17,0.41,0.37,2026-05-18,1613,N20,VIIRS,n,2.0NRT,301.54,3.06,D
-13.6334,-45.40847,335.48,0.45,0.47,2026-05-18,1613,N20,VIIRS,l,2.0NRT,305.53,5.64,D
-13.63233,-45.4001,343.23,0.45,0.47,2026-05-18,1613,N20,VIIRS,n,2.0NRT,304.21,22.08,D
-13.6318,-45.39592,351.01,0.45,0.47,2026-05-18,1613,N20,VIIRS,n,2.0NRT,311.41,15.65,D
-13.62855,-45.40487,343.4,0.45,0.47,2026-05-18,1613,N20,VIIRS,n,2.0NRT,303.79,5.27,D
-13.62574,-41.67628,337.29,0.43,0.38,2026-05-18,1613,N20,VIIRS,n,2.0NRT,308.97,3.44,D
-13.59845,-39.88829,333.94,0.39,0.36,2026-05-18,1613,N20,VIIRS,n,2.0NRT,300.5,3.32,D
-13.5904,-41.65319,334.75,0.43,0.38,2026-05-18,1613,N20,VIIRS,n,2.0NRT,307.23,2.26,D
-13.46984,-40.36787,332.08,0.39,0.36,2026-05-18,1613,N20,VIIRS,n,2.0NRT,301.26,7.52,D
-13.46614,-42.42926,331.31,0.46,0.39,2026-05-18,1613,N20,VIIRS,l,2.0NRT,304.97,2.3,D
-13.46556,-42.42511,333.17,0.46,0.39,2026-05-18,1613,N20,VIIRS,l,2.0NRT,305.15,2.3,D
-13.46196,-42.42564,334.06,0.46,0.39,2026-05-18,1613,N20,VIIRS,l,2.0NRT,305.84,6.85,D
-13.34784,-44.54549,335.9,0.4,0.44,2026-05-18,1613,N20,VIIRS,n,2.0NRT,303.85,2.06,D
-13.29115,-39.1588,330.79,0.38,0.36,2026-05-18,1613,N20,VIIRS,n,2.0NRT,295.57,2.0,D
-13.09346,-40.02446,333.13,0.39,0.36,2026-05-18,1613,N20,VIIRS,n,2.0NRT,304.37,5.2,D
-13.05852,-39.9499,337.81,0.39,0.36,2026-05-18,1613,N20,VIIRS,n,2.0NRT,307.71,9.11,D
-12.9566,-39.70178,341.55,0.38,0.36,2026-05-18,1613,N20,VIIRS,n,2.0NRT,308.52,21.6,D
-12.93265,-39.63329,335.63,0.38,0.36,2026-05-18,1613,N20,VIIRS,n,2.0NRT,301.69,2.52,D
-12.8674,-41.74945,340.52,0.42,0.38,2026-05-18,1613,N20,VIIRS,n,2.0NRT,306.47,4.12,D
-12.81407,-44.83176,342.06,0.41,0.45,2026-05-18,1613,N20,VIIRS,l,2.0NRT,312.95,6.05,D
-12.81357,-44.82802,340.41,0.41,0.45,2026-05-18,1613,N20,VIIRS,l,2.0NRT,313.64,4.72,D
-12.50139,-41.93134,346.36,0.43,0.38,2026-05-18,1613,N20,VIIRS,n,2.0NRT,307.67,5.78,D
-12.47248,-43.52851,333.41,0.51,0.41,2026-05-18,1613,N20,VIIRS,l,2.0NRT,308.3,2.91,D
-12.43427,-40.33127,331.51,0.39,0.36,2026-05-18,1613,N20,VIIRS,n,2.0NRT,304.23,2.74,D
-12.43373,-40.32771,332.82,0.39,0.36,2026-05-18,1613,N20,VIIRS,n,2.0NRT,303.7,2.74,D
-12.23562,-53.35828,350.03,0.75,0.77,2026-05-18,1613,N20,VIIRS,n,2.0NRT,291.03,16.58,D
-12.23159,-53.36497,327.53,0.75,0.77,2026-05-18,1613,N20,VIIRS,n,2.0NRT,291.42,16.85,D
-12.23081,-53.35797,341.14,0.75,0.77,2026-05-18,1613,N20,VIIRS,n,2.0NRT,291.25,10.29,D
-12.22856,-53.35919,354.82,0.75,0.77,2026-05-18,1613,N20,VIIRS,n,2.0NRT,291.73,16.58,D
-12.22782,-53.35211,340.47,0.75,0.77,2026-05-18,1613,N20,VIIRS,n,2.0NRT,290.95,17.04,D
-12.22374,-53.3588,338.4,0.75,0.77,2026-05-18,1613,N20,VIIRS,n,2.0NRT,291.74,10.29,D
-12.22296,-53.35179,331.13,0.75,0.77,2026-05-18,1613,N20,VIIRS,n,2.0NRT,291.31,10.29,D
-12.16639,-40.35518,334.59,0.39,0.36,2026-05-18,1613,N20,VIIRS,n,2.0NRT,303.78,4.44,D
-12.13935,-38.84441,330.39,0.39,0.36,2026-05-18,1613,N20,VIIRS,n,2.0NRT,301.2,2.5,D
-12.13278,-40.24417,331.38,0.39,0.36,2026-05-18,1613,N20,VIIRS,n,2.0NRT,303.01,1.91,D
-12.1088,-41.10537,331.6,0.4,0.37,2026-05-18,1613,N20,VIIRS,n,2.0NRT,306.5,3.42,D
-12.10628,-42.91503,346.66,0.47,0.4,2026-05-18,1613,N20,VIIRS,n,2.0NRT,311.5,5.62,D
-12.06368,-45.2835,351.26,0.42,0.46,2026-05-18,1613,N20,VIIRS,n,2.0NRT,315.68,73.32,D
-12.0595,-45.28405,344.13,0.42,0.46,2026-05-18,1613,N20,VIIRS,l,2.0NRT,318.02,44.56,D
-12.05532,-45.28463,343.76,0.42,0.46,2026-05-18,1613,N20,VIIRS,n,2.0NRT,308.44,44.56,D
-12.02506,-40.42857,338.89,0.39,0.36,2026-05-18,1613,N20,VIIRS,n,2.0NRT,302.04,5.41,D
-12.02411,-40.76523,338.95,0.39,0.36,2026-05-18,1613,N20,VIIRS,n,2.0NRT,302.86,3.56,D
-11.97929,-49.68227,340.87,0.42,0.61,2026-05-18,1613,N20,VIIRS,n,2.0NRT,298.01,5.99,D
-11.92248,-43.98889,346.83,0.53,0.42,2026-05-18,1613,N20,VIIRS,n,2.0NRT,306.87,8.28,D
-11.8842,-47.1239,338.81,0.56,0.51,2026-05-18,1613,N20,VIIRS,n,2.0NRT,303.22,5.76,D
-11.86239,-49.68855,335.13,0.42,0.61,2026-05-18,1613,N20,VIIRS,n,2.0NRT,299.89,6.95,D
-11.86192,-49.68471,348.36,0.42,0.61,2026-05-18,1613,N20,VIIRS,n,2.0NRT,298.88,6.73,D
-11.85677,-49.68924,332.54,0.42,0.61,2026-05-18,1613,N20,VIIRS,n,2.0NRT,299.02,5.09,D
-11.8563,-49.68541,341.08,0.42,0.61,2026-05-18,1613,N20,VIIRS,n,2.0NRT,299.42,5.01,D
-11.8462,-43.96352,352.33,0.53,0.42,2026-05-18,1613,N20,VIIRS,n,2.0NRT,309.69,19.67,D
-11.83252,-47.50933,332.49,0.59,0.53,2026-05-18,1613,N20,VIIRS,n,2.0NRT,302.1,4.66,D
-11.83118,-47.51169,331.11,0.59,0.53,2026-05-18,1613,N20,VIIRS,n,2.0NRT,300.53,5.44,D
-11.76889,-40.62233,337.89,0.39,0.36,2026-05-18,1613,N20,VIIRS,n,2.0NRT,309.98,13.53,D
-11.72449,-38.90523,337.08,0.39,0.36,2026-05-18,1613,N20,VIIRS,n,2.0NRT,304.43,3.64,D
-11.70958,-47.8136,337.72,0.62,0.54,2026-05-18,1613,N20,VIIRS,n,2.0NRT,303.58,9.79,D
-11.61348,-47.09726,353.31,0.55,0.51,2026-05-18,1613,N20,VIIRS,n,2.0NRT,312.25,35.27,D
-11.58965,-38.21064,337.79,0.4,0.37,2026-05-18,1613,N20,VIIRS,n,2.0NRT,300.28,3.71,D
-11.58908,-38.20697,332.25,0.4,0.37,2026-05-18,1613,N20,VIIRS,n,2.0NRT,299.47,3.71,D
-11.55049,-37.85028,333.72,0.41,0.37,2026-05-18,1613,N20,VIIRS,n,2.0NRT,294.99,2.85,D
-11.42471,-48.13863,330.9,0.32,0.55,2026-05-18,1613,N20,VIIRS,n,2.0NRT,298.05,3.32,D
-11.26391,-37.85564,338.93,0.41,0.37,2026-05-18,1613,N20,VIIRS,n,2.0NRT,299.87,4.8,D
-11.21847,-46.78258,367.0,0.52,0.5,2026-05-18,1613,N20,VIIRS,h,2.0NRT,305.31,27.93,D
-11.21395,-46.78657,331.49,0.52,0.5,2026-05-18,1613,N20,VIIRS,n,2.0NRT,304.38,20.51,D
-11.21388,-46.78308,352.68,0.52,0.5,2026-05-18,1613,N20,VIIRS,n,2.0NRT,311.13,27.93,D
-11.21327,-46.78157,346.4,0.52,0.5,2026-05-18,1613,N20,VIIRS,n,2.0NRT,307.65,20.51,D
-11.21204,-46.76863,346.36,0.52,0.5,2026-05-18,1613,N20,VIIRS,n,2.0NRT,303.24,10.1,D
-11.21197,-46.77195,340.6,0.52,0.5,2026-05-18,1613,N20,VIIRS,n,2.0NRT,303.11,5.19,D
-11.21132,-46.76717,330.88,0.52,0.5,2026-05-18,1613,N20,VIIRS,n,2.0NRT,300.8,3.11,D
-11.14312,-49.58156,338.53,0.4,0.6,2026-05-18,1613,N20,VIIRS,n,2.0NRT,296.59,7.22,D
-11.14308,-49.58077,341.73,0.4,0.6,2026-05-18,1613,N20,VIIRS,n,2.0NRT,297.02,6.77,D
-11.10897,-40.58488,337.96,0.39,0.36,2026-05-18,1613,N20,VIIRS,n,2.0NRT,306.28,6.33,D
-11.10565,-40.58539,345.83,0.39,0.36,2026-05-18,1613,N20,VIIRS,n,2.0NRT,308.92,6.33,D
-11.02938,-42.84433,343.62,0.45,0.39,2026-05-18,1613,N20,VIIRS,n,2.0NRT,307.43,7.93,D
-11.01699,-45.21084,331.67,0.41,0.45,2026-05-18,1613,N20,VIIRS,l,2.0NRT,304.83,2.72,D
-10.99009,-46.72102,347.77,0.51,0.49,2026-05-18,1613,N20,VIIRS,n,2.0NRT,303.9,11.65,D
-10.98707,-46.72392,341.44,0.51,0.49,2026-05-18,1613,N20,VIIRS,n,2.0NRT,307.01,14.83,D
-10.98648,-46.71932,345.32,0.51,0.49,2026-05-18,1613,N20,VIIRS,n,2.0NRT,306.57,17.46,D
-10.98555,-46.72165,336.57,0.51,0.49,2026-05-18,1613,N20,VIIRS,n,2.0NRT,306.46,11.65,D
-10.98528,-46.70998,351.36,0.51,0.49,2026-05-18,1613,N20,VIIRS,n,2.0NRT,305.29,11.13,D
-10.98429,-46.71238,349.57,0.51,0.49,2026-05-18,1613,N20,VIIRS,n,2.0NRT,306.89,13.64,D
-10.95239,-45.07078,350.52,0.4,0.44,2026-05-18,1613,N20,VIIRS,n,2.0NRT,303.49,6.96,D
-10.87835,-40.04591,335.15,0.38,0.36,2026-05-18,1613,N20,VIIRS,n,2.0NRT,301.16,3.47,D
-10.83085,-49.77148,351.24,0.41,0.61,2026-05-18,1613,N20,VIIRS,n,2.0NRT,296.01,17.13,D
-10.83038,-49.76775,367.0,0.41,0.61,2026-05-18,1613,N20,VIIRS,h,2.0NRT,295.21,17.13,D
-10.82959,-49.7717,353.55,0.41,0.61,2026-05-18,1613,N20,VIIRS,n,2.0NRT,295.38,15.21,D
-10.82914,-49.76796,367.0,0.41,0.61,2026-05-18,1613,N20,VIIRS,h,2.0NRT,296.49,15.21,D
-10.82528,-49.77219,338.01,0.41,0.61,2026-05-18,1613,N20,VIIRS,n,2.0NRT,292.56,5.21,D
-10.82481,-49.76845,349.75,0.41,0.61,2026-05-18,1613,N20,VIIRS,n,2.0NRT,293.12,5.21,D
-10.82356,-49.76867,352.34,0.41,0.61,2026-05-18,1613,N20,VIIRS,n,2.0NRT,293.13,15.21,D
-10.81595,-50.54723,367.0,0.46,0.64,2026-05-18,1613,N20,VIIRS,h,2.0NRT,294.6,10.4,D
-10.81542,-50.543,367.0,0.46,0.64,2026-05-18,1613,N20,VIIRS,h,2.0NRT,295.11,10.4,D
-10.81541,-50.54938,333.73,0.47,0.64,2026-05-18,1613,N20,VIIRS,n,2.0NRT,294.38,11.52,D
-10.81492,-50.54514,367.0,0.46,0.64,2026-05-18,1613,N20,VIIRS,h,2.0NRT,295.77,11.52,D
-10.81442,-50.5409,367.0,0.46,0.64,2026-05-18,1613,N20,VIIRS,h,2.0NRT,294.42,8.19,D
-10.80956,-50.54371,342.9,0.46,0.64,2026-05-18,1613,N20,VIIRS,n,2.0NRT,294.55,10.4,D
-10.80903,-50.53949,355.81,0.46,0.64,2026-05-18,1613,N20,VIIRS,n,2.0NRT,294.39,13.96,D
-10.80856,-50.54164,345.7,0.46,0.64,2026-05-18,1613,N20,VIIRS,n,2.0NRT,294.92,8.19,D
-10.80806,-50.53741,330.74,0.46,0.64,2026-05-18,1613,N20,VIIRS,n,2.0NRT,294.13,8.19,D
-10.80317,-50.54021,336.12,0.46,0.64,2026-05-18,1613,N20,VIIRS,n,2.0NRT,294.47,3.07,D
-10.79887,-49.92547,335.12,0.42,0.61,2026-05-18,1613,N20,VIIRS,n,2.0NRT,296.66,3.89,D
-10.76578,-49.7949,350.44,0.41,0.61,2026-05-18,1613,N20,VIIRS,n,2.0NRT,296.34,7.53,D
-10.7602,-49.7956,367.0,0.41,0.61,2026-05-18,1613,N20,VIIRS,h,2.0NRT,295.24,5.36,D
-10.75974,-49.79183,340.45,0.41,0.61,2026-05-18,1613,N20,VIIRS,n,2.0NRT,295.27,5.36,D
-10.65803,-42.32132,346.7,0.43,0.38,2026-05-18,1613,N20,VIIRS,n,2.0NRT,303.69,7.65,D
-10.65747,-42.31742,354.69,0.43,0.38,2026-05-18,1613,N20,VIIRS,n,2.0NRT,306.57,38.3,D
-10.6569,-42.31353,342.61,0.43,0.38,2026-05-18,1613,N20,VIIRS,n,2.0NRT,313.28,38.3,D
-10.65633,-42.30964,367.0,0.43,0.38,2026-05-18,1613,N20,VIIRS,h,2.0NRT,325.49,174.71,D
-10.65456,-42.32183,343.24,0.43,0.38,2026-05-18,1613,N20,VIIRS,n,2.0NRT,306.34,11.57,D
-10.6543,-40.53776,332.22,0.39,0.36,2026-05-18,1613,N20,VIIRS,n,2.0NRT,299.55,2.23,D
-10.65399,-42.31794,354.65,0.43,0.38,2026-05-18,1613,N20,VIIRS,n,2.0NRT,301.55,19.69,D
-10.65342,-42.31404,348.9,0.43,0.38,2026-05-18,1613,N20,VIIRS,n,2.0NRT,304.8,19.69,D
-10.65285,-42.31016,340.28,0.43,0.38,2026-05-18,1613,N20,VIIRS,n,2.0NRT,302.79,44.6,D
-10.65229,-42.30627,340.57,0.43,0.38,2026-05-18,1613,N20,VIIRS,n,2.0NRT,306.64,44.6,D
-10.65108,-42.32235,337.3,0.43,0.38,2026-05-18,1613,N20,VIIRS,n,2.0NRT,302.53,11.57,D
-10.65051,-42.31845,348.42,0.43,0.38,2026-05-18,1613,N20,VIIRS,n,2.0NRT,299.13,19.69,D
-10.64994,-42.31456,367.0,0.43,0.38,2026-05-18,1613,N20,VIIRS,h,2.0NRT,298.71,19.69,D
-10.64321,-40.46392,332.37,0.39,0.36,2026-05-18,1613,N20,VIIRS,n,2.0NRT,300.7,2.2,D
-10.5682,-49.9201,353.28,0.42,0.61,2026-05-18,1613,N20,VIIRS,n,2.0NRT,296.51,7.33,D
-10.4971,-44.75668,331.53,0.56,0.43,2026-05-18,1613,N20,VIIRS,l,2.0NRT,303.67,3.99,D
-10.49599,-44.7549,344.01,0.56,0.43,2026-05-18,1613,N20,VIIRS,n,2.0NRT,305.04,9.11,D
-10.45424,-49.90629,332.62,0.42,0.61,2026-05-18,1613,N20,VIIRS,n,2.0NRT,295.38,4.4,D
-10.41484,-40.38887,338.63,0.39,0.36,2026-05-18,1613,N20,VIIRS,n,2.0NRT,308.17,3.02,D
-10.41153,-40.38939,336.41,0.39,0.36,2026-05-18,1613,N20,VIIRS,n,2.0NRT,300.1,3.02,D
-10.41092,-44.93861,338.43,0.38,0.44,2026-05-18,1613,N20,VIIRS,n,2.0NRT,307.37,7.45,D
-10.41043,-44.93512,342.02,0.38,0.44,2026-05-18,1613,N20,VIIRS,n,2.0NRT,307.81,8.72,D
-10.37506,-46.97197,346.39,0.52,0.5,2026-05-18,1613,N20,VIIRS,n,2.0NRT,306.81,48.09,D
-10.37444,-46.96721,349.08,0.52,0.5,2026-05-18,1613,N20,VIIRS,n,2.0NRT,304.2,48.09,D
-10.37437,-46.9694,367.0,0.52,0.5,2026-05-18,1613,N20,VIIRS,h,2.0NRT,305.12,33.87,D
-10.37383,-46.96245,353.13,0.52,0.5,2026-05-18,1613,N20,VIIRS,n,2.0NRT,308.78,37.0,D
-10.37372,-46.96463,339.69,0.52,0.5,2026-05-18,1613,N20,VIIRS,n,2.0NRT,307.1,33.87,D
-10.37307,-46.95991,341.41,0.52,0.5,2026-05-18,1613,N20,VIIRS,n,2.0NRT,305.29,27.16,D
-10.37049,-46.97266,342.22,0.52,0.5,2026-05-18,1613,N20,VIIRS,n,2.0NRT,306.16,48.09,D
-10.37045,-46.97485,337.55,0.52,0.5,2026-05-18,1613,N20,VIIRS,n,2.0NRT,299.28,15.23,D
-10.36987,-46.96785,341.06,0.52,0.5,2026-05-18,1613,N20,VIIRS,n,2.0NRT,311.52,48.09,D
-10.36925,-46.96307,337.32,0.52,0.5,2026-05-18,1613,N20,VIIRS,n,2.0NRT,304.43,37.0,D
-10.36914,-46.96524,343.49,0.52,0.5,2026-05-18,1613,N20,VIIRS,n,2.0NRT,307.8,143.33,D
-10.34949,-46.36324,336.63,0.47,0.48,2026-05-18,1613,N20,VIIRS,n,2.0NRT,299.47,2.7,D
-10.11623,-50.6196,328.23,0.46,0.64,2026-05-18,1613,N20,VIIRS,n,2.0NRT,293.4,4.48,D
-10.10988,-50.61613,328.21,0.46,0.64,2026-05-18,1613,N20,VIIRS,n,2.0NRT,295.39,4.48,D
-10.09422,-48.0112,367.0,0.61,0.53,2026-05-18,1613,N20,VIIRS,h,2.0NRT,304.28,22.12,D
-10.09184,-48.01281,335.39,0.61,0.53,2026-05-18,1613,N20,VIIRS,n,2.0NRT,298.44,8.55,D
-10.06414,-39.44989,333.79,0.39,0.36,2026-05-18,1613,N20,VIIRS,n,2.0NRT,302.41,1.94,D
-10.06359,-39.44637,333.25,0.39,0.36,2026-05-18,1613,N20,VIIRS,n,2.0NRT,302.45,3.91,D
-9.97067,-44.34302,336.54,0.53,0.42,2026-05-18,1613,N20,VIIRS,n,2.0NRT,305.65,4.88,D
-9.92381,-40.61831,333.75,0.39,0.36,2026-05-18,1613,N20,VIIRS,n,2.0NRT,302.61,3.65,D
-9.84608,-39.97298,345.8,0.38,0.36,2026-05-18,1613,N20,VIIRS,n,2.0NRT,309.23,9.15,D
-9.84277,-39.9735,346.34,0.38,0.36,2026-05-18,1613,N20,VIIRS,n,2.0NRT,307.53,9.87,D
-9.81005,-40.53945,337.55,0.39,0.36,2026-05-18,1613,N20,VIIRS,n,2.0NRT,308.95,4.82,D
-9.80952,-40.53595,338.13,0.39,0.36,2026-05-18,1613,N20,VIIRS,n,2.0NRT,309.96,4.82,D
-9.7265,-37.10612,340.62,0.46,0.39,2026-05-18,1613,N20,VIIRS,n,2.0NRT,300.56,5.83,D
-9.63312,-45.5147,330.26,0.41,0.45,2026-05-18,1613,N20,VIIRS,l,2.0NRT,301.05,2.63,D
-9.38065,-37.81193,345.12,0.43,0.38,2026-05-18,1613,N20,VIIRS,n,2.0NRT,303.42,8.5,D
-9.22951,-37.91331,332.87,0.43,0.38,2026-05-18,1613,N20,VIIRS,n,2.0NRT,300.66,2.78,D
-9.156,-36.91585,344.68,0.47,0.4,2026-05-18,1613,N20,VIIRS,n,2.0NRT,301.12,12.27,D
-9.01676,-40.99208,339.0,0.39,0.36,2026-05-18,1613,N20,VIIRS,n,2.0NRT,301.25,13.38,D
-8.96679,-37.17988,330.62,0.46,0.39,2026-05-18,1613,N20,VIIRS,l,2.0NRT,302.01,3.12,D
-8.90962,-37.31642,337.71,0.46,0.39,2026-05-18,1613,N20,VIIRS,n,2.0NRT,298.81,11.44,D
-8.8651,-37.48831,334.33,0.45,0.39,2026-05-18,1613,N20,VIIRS,n,2.0NRT,302.54,4.17,D
-8.72248,-36.71262,331.96,0.49,0.4,2026-05-18,1613,N20,VIIRS,n,2.0NRT,300.7,4.47,D
-8.51212,-36.01237,328.47,0.54,0.42,2026-05-18,1613,N20,VIIRS,n,2.0NRT,295.81,2.81,D
-8.34695,-36.05422,332.08,0.54,0.42,2026-05-18,1613,N20,VIIRS,n,2.0NRT,297.04,4.62,D
-8.34304,-36.05463,340.88,0.54,0.42,2026-05-18,1613,N20,VIIRS,n,2.0NRT,297.23,4.62,D
-9.58812,-47.93538,335.43,0.59,0.53,2026-05-18,1616,N20,VIIRS,n,2.0NRT,300.68,7.11,D
-9.52865,-46.6568,330.19,0.48,0.48,2026-05-18,1616,N20,VIIRS,l,2.0NRT,300.64,3.66,D
-9.52805,-46.65236,334.67,0.48,0.48,2026-05-18,1616,N20,VIIRS,n,2.0NRT,300.07,3.66,D
-9.46328,-47.41187,330.61,0.54,0.51,2026-05-18,1616,N20,VIIRS,n,2.0NRT,299.14,7.36,D
-9.46115,-47.40958,336.37,0.54,0.51,2026-05-18,1616,N20,VIIRS,n,2.0NRT,300.23,6.4,D
-9.45795,-47.40759,341.08,0.54,0.51,2026-05-18,1616,N20,VIIRS,n,2.0NRT,299.25,8.16,D
-9.45648,-47.41015,344.53,0.54,0.51,2026-05-18,1616,N20,VIIRS,n,2.0NRT,299.07,9.34,D
-9.23817,-46.66424,340.02,0.48,0.48,2026-05-18,1616,N20,VIIRS,n,2.0NRT,304.33,3.81,D
-9.23757,-46.65989,332.29,0.48,0.48,2026-05-18,1616,N20,VIIRS,l,2.0NRT,304.45,3.81,D
-9.23437,-46.66922,331.54,0.48,0.48,2026-05-18,1616,N20,VIIRS,l,2.0NRT,303.41,1.79,D
-9.23376,-46.66483,341.1,0.48,0.48,2026-05-18,1616,N20,VIIRS,n,2.0NRT,305.55,5.74,D
-9.23316,-46.66046,336.71,0.48,0.48,2026-05-18,1616,N20,VIIRS,n,2.0NRT,305.94,5.74,D
-9.18021,-48.62884,355.35,0.32,0.55,2026-05-18,1616,N20,VIIRS,n,2.0NRT,302.41,9.81,D
-9.17982,-48.626,346.47,0.32,0.55,2026-05-18,1616,N20,VIIRS,n,2.0NRT,299.95,7.3,D
-9.11217,-46.89185,346.0,0.49,0.49,2026-05-18,1616,N20,VIIRS,n,2.0NRT,301.77,11.38,D
-9.09131,-47.43073,340.88,0.54,0.51,2026-05-18,1616,N20,VIIRS,n,2.0NRT,301.82,4.47,D
-9.05437,-50.00722,332.18,0.4,0.6,2026-05-18,1616,N20,VIIRS,n,2.0NRT,293.95,2.79,D
-8.9313,-45.66262,348.11,0.41,0.45,2026-05-18,1616,N20,VIIRS,n,2.0NRT,308.88,7.34,D
-8.93079,-45.65899,337.12,0.41,0.45,2026-05-18,1616,N20,VIIRS,n,2.0NRT,302.78,5.13,D
-8.9277,-45.66689,336.81,0.41,0.45,2026-05-18,1616,N20,VIIRS,l,2.0NRT,307.7,7.42,D
-8.92719,-45.66321,353.55,0.41,0.45,2026-05-18,1616,N20,VIIRS,n,2.0NRT,310.54,7.42,D
-8.88795,-45.67611,350.71,0.41,0.45,2026-05-18,1616,N20,VIIRS,n,2.0NRT,305.07,6.72,D
-8.88436,-45.68032,350.44,0.41,0.45,2026-05-18,1616,N20,VIIRS,n,2.0NRT,310.5,6.72,D
-8.88385,-45.6767,341.33,0.41,0.45,2026-05-18,1616,N20,VIIRS,n,2.0NRT,302.08,6.72,D
-8.88078,-45.68459,336.59,0.41,0.45,2026-05-18,1616,N20,VIIRS,l,2.0NRT,308.04,7.44,D
-8.88026,-45.68092,336.82,0.41,0.45,2026-05-18,1616,N20,VIIRS,n,2.0NRT,304.26,3.88,D
-8.87975,-45.6773,340.47,0.41,0.45,2026-05-18,1616,N20,VIIRS,n,2.0NRT,301.2,3.88,D
-8.64526,-47.66167,341.24,0.55,0.51,2026-05-18,1616,N20,VIIRS,n,2.0NRT,299.56,5.76,D
-8.34106,-52.00088,334.72,0.54,0.68,2026-05-18,1616,N20,VIIRS,n,2.0NRT,278.93,6.88,D
-8.28869,-47.0629,351.69,0.49,0.49,2026-05-18,1616,N20,VIIRS,n,2.0NRT,302.6,10.66,D
-8.28808,-47.05849,330.03,0.49,0.49,2026-05-18,1616,N20,VIIRS,l,2.0NRT,301.67,10.66,D
-8.27977,-47.06431,367.0,0.49,0.49,2026-05-18,1616,N20,VIIRS,h,2.0NRT,302.77,11.3,D
-8.27917,-47.0599,337.55,0.49,0.49,2026-05-18,1616,N20,VIIRS,n,2.0NRT,298.34,11.3,D
-8.21338,-47.46836,330.68,0.52,0.5,2026-05-18,1616,N20,VIIRS,l,2.0NRT,300.86,5.38,D
-8.20879,-47.46904,332.53,0.52,0.5,2026-05-18,1616,N20,VIIRS,n,2.0NRT,301.64,5.38,D
-8.19833,-47.4608,339.41,0.52,0.5,2026-05-18,1616,N20,VIIRS,n,2.0NRT,303.11,6.89,D
-8.18728,-47.44806,343.53,0.52,0.5,2026-05-18,1616,N20,VIIRS,n,2.0NRT,306.19,5.67,D
-8.18717,-47.44731,338.92,0.52,0.5,2026-05-18,1616,N20,VIIRS,n,2.0NRT,305.79,6.52,D
-8.11724,-49.55638,334.37,0.36,0.58,2026-05-18,1616,N20,VIIRS,n,2.0NRT,297.08,2.2,D
-7.98627,-37.65521,333.77,0.45,0.39,2026-05-18,1616,N20,VIIRS,n,2.0NRT,299.62,2.97,D
-7.81447,-43.92359,347.19,0.47,0.4,2026-05-18,1616,N20,VIIRS,n,2.0NRT,300.55,7.39,D
-7.80049,-43.95582,334.42,0.47,0.4,2026-05-18,1616,N20,VIIRS,n,2.0NRT,300.97,5.04,D
-7.71961,-41.81757,336.14,0.4,0.37,2026-05-18,1616,N20,VIIRS,n,2.0NRT,297.74,2.44,D
-7.61254,-49.54223,334.51,0.36,0.57,2026-05-18,1616,N20,VIIRS,n,2.0NRT,292.43,2.13,D
-7.60728,-49.54281,333.28,0.36,0.57,2026-05-18,1616,N20,VIIRS,n,2.0NRT,294.27,2.13,D
-7.60711,-49.54181,342.15,0.36,0.57,2026-05-18,1616,N20,VIIRS,n,2.0NRT,294.83,5.47,D
-7.38123,-49.72858,331.43,0.37,0.58,2026-05-18,1616,N20,VIIRS,n,2.0NRT,297.95,1.81,D
-7.37677,-46.79512,342.63,0.46,0.47,2026-05-18,1616,N20,VIIRS,n,2.0NRT,305.17,6.99,D
-7.26069,-47.11993,346.92,0.48,0.48,2026-05-18,1616,N20,VIIRS,n,2.0NRT,299.82,23.02,D
-7.25628,-47.12061,341.74,0.48,0.48,2026-05-18,1616,N20,VIIRS,n,2.0NRT,293.95,23.02,D
-7.24025,-37.20686,331.57,0.48,0.4,2026-05-18,1616,N20,VIIRS,n,2.0NRT,296.74,7.38,D
-7.22585,-48.21261,329.93,0.57,0.52,2026-05-18,1616,N20,VIIRS,n,2.0NRT,299.2,4.3,D
-7.08866,-43.47197,337.58,0.44,0.39,2026-05-18,1616,N20,VIIRS,n,2.0NRT,301.43,3.86,D
-7.04046,-47.11836,343.65,0.48,0.48,2026-05-18,1616,N20,VIIRS,n,2.0NRT,295.86,15.8,D
-7.03985,-47.11411,344.06,0.48,0.48,2026-05-18,1616,N20,VIIRS,n,2.0NRT,297.53,10.81,D
-7.03925,-47.10989,330.77,0.48,0.48,2026-05-18,1616,N20,VIIRS,n,2.0NRT,299.05,10.81,D
-6.94075,-45.35059,330.66,0.55,0.43,2026-05-18,1616,N20,VIIRS,n,2.0NRT,298.19,2.66,D
-6.80279,-43.81747,337.21,0.45,0.39,2026-05-18,1616,N20,VIIRS,n,2.0NRT,303.55,8.19,D
-6.57782,-51.09957,367.0,0.44,0.63,2026-05-18,1616,N20,VIIRS,h,2.0NRT,296.08,17.88,D
-6.26102,-42.5788,352.96,0.4,0.37,2026-05-18,1616,N20,VIIRS,n,2.0NRT,301.83,9.01,D
-6.25764,-42.57933,340.32,0.4,0.37,2026-05-18,1616,N20,VIIRS,n,2.0NRT,303.35,9.01,D
-6.25709,-42.5757,332.85,0.4,0.37,2026-05-18,1616,N20,VIIRS,n,2.0NRT,297.45,5.66,D
-6.12601,-45.64214,345.67,0.56,0.43,2026-05-18,1616,N20,VIIRS,n,2.0NRT,295.23,11.9,D
-6.00374,-45.11378,342.94,0.52,0.41,2026-05-18,1616,N20,VIIRS,n,2.0NRT,295.74,10.36,D
-4.37002,-37.89793,344.63,0.48,0.4,2026-05-18,1616,N20,VIIRS,n,2.0NRT,299.56,4.26,D
-4.36687,-37.89762,335.93,0.48,0.4,2026-05-18,1616,N20,VIIRS,n,2.0NRT,299.39,6.52,D
-3.59681,-38.85868,344.63,0.44,0.39,2026-05-18,1616,N20,VIIRS,n,2.0NRT,300.91,6.73,D
-3.58975,-38.85975,337.65,0.44,0.39,2026-05-18,1616,N20,VIIRS,n,2.0NRT,299.76,6.85,D
-3.23998,-43.22423,328.23,0.4,0.37,2026-05-18,1616,N20,VIIRS,n,2.0NRT,295.62,2.43,D
-38.88119,-73.13433,338.33,0.58,0.7,2026-05-18,1747,N20,VIIRS,n,2.0NRT,288.73,7.94,D
-38.881,-73.12704,330.69,0.58,0.7,2026-05-18,1747,N20,VIIRS,n,2.0NRT,286.44,6.99,D
-38.88044,-73.13435,333.65,0.58,0.7,2026-05-18,1747,N20,VIIRS,n,2.0NRT,288.29,5.35,D
-38.88029,-73.1271,333.79,0.58,0.7,2026-05-18,1747,N20,VIIRS,n,2.0NRT,286.51,5.35,D
-38.69224,-72.00259,331.34,0.5,0.66,2026-05-18,1747,N20,VIIRS,n,2.0NRT,291.59,2.84,D
-38.51549,-73.30018,355.02,0.59,0.7,2026-05-18,1747,N20,VIIRS,n,2.0NRT,292.56,10.53,D
-38.51531,-73.29272,345.38,0.59,0.7,2026-05-18,1747,N20,VIIRS,n,2.0NRT,289.42,10.53,D
-38.51122,-73.40071,339.58,0.6,0.7,2026-05-18,1747,N20,VIIRS,n,2.0NRT,289.85,4.71,D
-38.49868,-68.32118,334.65,0.63,0.54,2026-05-18,1747,N20,VIIRS,n,2.0NRT,295.87,4.69,D
-38.48619,-68.69585,331.06,0.33,0.55,2026-05-18,1747,N20,VIIRS,n,2.0NRT,293.38,2.87,D
-38.42357,-68.71361,331.96,0.33,0.55,2026-05-18,1747,N20,VIIRS,n,2.0NRT,292.87,1.46,D
-38.41327,-68.71478,336.9,0.33,0.55,2026-05-18,1747,N20,VIIRS,n,2.0NRT,291.2,2.33,D
-38.36386,-72.06684,332.26,0.5,0.66,2026-05-18,1747,N20,VIIRS,n,2.0NRT,292.82,2.74,D
-38.35261,-68.68697,353.74,0.33,0.55,2026-05-18,1747,N20,VIIRS,n,2.0NRT,297.33,3.49,D
-38.32241,-68.78294,341.56,0.33,0.55,2026-05-18,1747,N20,VIIRS,n,2.0NRT,296.19,3.81,D
-38.32217,-68.77911,340.38,0.33,0.55,2026-05-18,1747,N20,VIIRS,n,2.0NRT,295.27,3.68,D
-38.269,-68.62412,329.72,0.32,0.55,2026-05-18,1747,N20,VIIRS,n,2.0NRT,295.66,1.01,D
-38.26611,-68.62468,352.32,0.32,0.55,2026-05-18,1747,N20,VIIRS,n,2.0NRT,295.53,3.8,D
-38.25252,-63.11091,329.51,0.51,0.41,2026-05-18,1747,N20,VIIRS,n,2.0NRT,289.77,22.49,D
-38.25187,-63.10502,340.78,0.51,0.41,2026-05-18,1747,N20,VIIRS,n,2.0NRT,294.65,42.37,D
-38.24807,-63.10568,342.86,0.51,0.41,2026-05-18,1747,N20,VIIRS,n,2.0NRT,305.32,42.37,D
-38.23179,-68.52836,338.5,0.32,0.55,2026-05-18,1747,N20,VIIRS,n,2.0NRT,296.29,3.32,D
-38.23154,-68.52454,347.84,0.32,0.55,2026-05-18,1747,N20,VIIRS,n,2.0NRT,294.97,3.32,D
-38.22359,-72.80621,340.82,0.55,0.68,2026-05-18,1747,N20,VIIRS,n,2.0NRT,290.06,4.82,D
-38.08676,-72.02475,336.59,0.5,0.66,2026-05-18,1747,N20,VIIRS,n,2.0NRT,292.98,3.36,D
-38.04327,-72.00365,325.25,0.5,0.65,2026-05-18,1747,N20,VIIRS,n,2.0NRT,298.75,20.92,D
-38.04302,-72.00227,344.15,0.5,0.66,2026-05-18,1747,N20,VIIRS,n,2.0NRT,301.82,24.16,D
-38.04302,-71.9977,355.77,0.5,0.65,2026-05-18,1747,N20,VIIRS,n,2.0NRT,312.55,23.88,D
-38.04282,-71.99628,367.0,0.5,0.65,2026-05-18,1747,N20,VIIRS,h,2.0NRT,307.86,24.16,D
-38.04277,-71.99151,335.66,0.5,0.65,2026-05-18,1747,N20,VIIRS,n,2.0NRT,296.58,23.88,D
-38.01524,-68.59742,336.65,0.32,0.55,2026-05-18,1747,N20,VIIRS,n,2.0NRT,295.5,2.4,D
-38.015,-68.59369,350.71,0.32,0.55,2026-05-18,1747,N20,VIIRS,n,2.0NRT,295.63,2.4,D
-37.87643,-71.97163,342.93,0.49,0.65,2026-05-18,1747,N20,VIIRS,n,2.0NRT,294.01,4.85,D
-37.72108,-69.18943,334.56,0.35,0.56,2026-05-18,1747,N20,VIIRS,n,2.0NRT,294.32,1.95,D
-37.7176,-69.13284,367.0,0.34,0.56,2026-05-18,1747,N20,VIIRS,h,2.0NRT,295.95,4.11,D
-37.61419,-58.53791,344.33,0.38,0.36,2026-05-18,1747,N20,VIIRS,n,2.0NRT,297.13,16.42,D
-37.61353,-58.53355,354.63,0.38,0.36,2026-05-18,1747,N20,VIIRS,n,2.0NRT,300.88,16.42,D
-37.61153,-71.9286,327.1,0.49,0.65,2026-05-18,1747,N20,VIIRS,n,2.0NRT,294.41,2.34,D
-37.61087,-58.5387,340.12,0.38,0.36,2026-05-18,1747,N20,VIIRS,n,2.0NRT,305.61,29.56,D
-37.61021,-58.53434,347.37,0.38,0.36,2026-05-18,1747,N20,VIIRS,n,2.0NRT,292.26,29.56,D
-37.55803,-72.13577,329.85,0.5,0.66,2026-05-18,1747,N20,VIIRS,n,2.0NRT,291.63,2.71,D
-37.5354,-73.44393,325.29,0.59,0.7,2026-05-18,1747,N20,VIIRS,n,2.0NRT,292.68,2.5,D
-37.52592,-72.93052,326.69,0.55,0.68,2026-05-18,1747,N20,VIIRS,n,2.0NRT,293.38,3.86,D
-37.48078,-69.37631,348.01,0.35,0.57,2026-05-18,1747,N20,VIIRS,n,2.0NRT,295.32,2.97,D
-37.43077,-69.17351,325.29,0.34,0.56,2026-05-18,1747,N20,VIIRS,n,2.0NRT,294.39,2.86,D
-37.43053,-69.16971,339.72,0.34,0.56,2026-05-18,1747,N20,VIIRS,n,2.0NRT,293.7,3.11,D
-37.42789,-65.35172,326.57,0.42,0.46,2026-05-18,1747,N20,VIIRS,n,2.0NRT,291.72,0.14,D
-37.42554,-69.09196,330.54,0.34,0.56,2026-05-18,1747,N20,VIIRS,n,2.0NRT,292.81,2.18,D
-37.39101,-71.93055,328.58,0.49,0.65,2026-05-18,1747,N20,VIIRS,n,2.0NRT,292.55,3.52,D
-37.3908,-71.925,336.62,0.49,0.65,2026-05-18,1747,N20,VIIRS,n,2.0NRT,290.16,3.52,D
-37.39037,-71.93192,355.02,0.49,0.65,2026-05-18,1747,N20,VIIRS,n,2.0NRT,295.89,13.46,D
-37.39013,-71.9263,352.72,0.49,0.65,2026-05-18,1747,N20,VIIRS,n,2.0NRT,292.09,12.42,D
-37.38494,-71.93069,367.0,0.49,0.65,2026-05-18,1747,N20,VIIRS,h,2.0NRT,297.23,10.83,D
-36.91136,-71.76004,325.04,0.47,0.64,2026-05-18,1747,N20,VIIRS,n,2.0NRT,294.32,4.78,D
-36.87791,-68.50117,328.54,0.62,0.54,2026-05-18,1747,N20,VIIRS,n,2.0NRT,295.87,0.26,D
-36.84164,-57.00584,332.34,0.39,0.37,2026-05-18,1747,N20,VIIRS,n,2.0NRT,289.28,2.23,D
-36.47469,-62.87627,326.31,0.48,0.4,2026-05-18,1747,N20,VIIRS,n,2.0NRT,292.13,3.05,D
-35.92147,-58.31747,327.55,0.39,0.36,2026-05-18,1747,N20,VIIRS,n,2.0NRT,289.43,2.07,D
-36.76949,-72.65292,367.0,0.53,0.67,2026-05-18,1749,N20,VIIRS,h,2.0NRT,298.76,25.16,D
-36.76926,-72.6469,367.0,0.53,0.67,2026-05-18,1749,N20,VIIRS,h,2.0NRT,300.1,17.82,D
-36.76904,-72.64085,344.49,0.53,0.67,2026-05-18,1749,N20,VIIRS,n,2.0NRT,297.49,17.82,D
-36.76322,-72.65314,367.0,0.53,0.67,2026-05-18,1749,N20,VIIRS,h,2.0NRT,296.18,25.16,D
-36.75741,-72.66589,347.84,0.53,0.67,2026-05-18,1749,N20,VIIRS,n,2.0NRT,299.98,28.39,D
-36.75718,-72.65965,367.0,0.53,0.67,2026-05-18,1749,N20,VIIRS,h,2.0NRT,291.64,24.01,D
-36.75605,-72.30857,328.37,0.5,0.66,2026-05-18,1749,N20,VIIRS,n,2.0NRT,292.05,2.64,D
-36.61999,-71.84963,354.85,0.47,0.64,2026-05-18,1749,N20,VIIRS,n,2.0NRT,293.75,8.53,D
-36.53931,-71.83817,336.02,0.47,0.64,2026-05-18,1749,N20,VIIRS,n,2.0NRT,293.9,3.24,D
-36.51033,-72.80878,348.73,0.54,0.68,2026-05-18,1749,N20,VIIRS,n,2.0NRT,295.06,5.73,D
-36.50724,-72.80863,349.71,0.54,0.68,2026-05-18,1749,N20,VIIRS,n,2.0NRT,293.28,8.09,D
-36.30806,-71.61693,354.3,0.46,0.63,2026-05-18,1749,N20,VIIRS,n,2.0NRT,297.22,27.98,D
-36.30781,-71.61168,356.48,0.46,0.63,2026-05-18,1749,N20,VIIRS,l,2.0NRT,292.81,27.98,D
-36.21694,-72.17966,344.03,0.49,0.65,2026-05-18,1749,N20,VIIRS,n,2.0NRT,298.21,43.73,D
-36.21669,-72.17388,355.65,0.49,0.65,2026-05-18,1749,N20,VIIRS,n,2.0NRT,303.64,43.73,D
-36.21061,-72.17455,353.32,0.49,0.65,2026-05-18,1749,N20,VIIRS,n,2.0NRT,301.87,43.73,D
-36.21038,-72.16906,328.78,0.49,0.65,2026-05-18,1749,N20,VIIRS,n,2.0NRT,290.54,38.26,D
-36.09249,-71.72998,356.16,0.46,0.64,2026-05-18,1749,N20,VIIRS,n,2.0NRT,294.49,6.73,D
-35.69358,-72.41666,340.32,0.5,0.66,2026-05-18,1749,N20,VIIRS,n,2.0NRT,294.94,4.1,D
-35.44582,-71.57449,327.08,0.45,0.63,2026-05-18,1749,N20,VIIRS,n,2.0NRT,293.58,5.44,D
-35.44557,-71.56946,349.8,0.45,0.63,2026-05-18,1749,N20,VIIRS,n,2.0NRT,290.55,5.44,D
-35.39709,-71.18912,350.01,0.43,0.62,2026-05-18,1749,N20,VIIRS,n,2.0NRT,301.93,24.83,D
-35.39684,-71.1841,334.45,0.43,0.62,2026-05-18,1749,N20,VIIRS,n,2.0NRT,294.19,16.02,D
-35.33531,-71.13547,338.39,0.42,0.61,2026-05-18,1749,N20,VIIRS,n,2.0NRT,298.56,5.4,D
-35.23049,-65.2621,332.01,0.4,0.44,2026-05-18,1749,N20,VIIRS,n,2.0NRT,298.26,4.62,D
-35.22751,-65.26114,332.1,0.4,0.44,2026-05-18,1749,N20,VIIRS,n,2.0NRT,298.94,3.16,D
-34.85966,-57.89367,336.87,0.39,0.36,2026-05-18,1749,N20,VIIRS,n,2.0NRT,288.51,2.91,D
-34.73797,-71.28942,328.69,0.43,0.62,2026-05-18,1749,N20,VIIRS,n,2.0NRT,297.87,2.48,D
-34.66267,-71.39146,352.11,0.43,0.62,2026-05-18,1749,N20,VIIRS,n,2.0NRT,299.49,5.68,D
-34.66243,-71.39375,342.13,0.43,0.62,2026-05-18,1749,N20,VIIRS,n,2.0NRT,299.78,6.67,D
-34.43046,-71.51028,325.67,0.44,0.62,2026-05-18,1749,N20,VIIRS,n,2.0NRT,297.86,1.18,D
-34.41293,-58.90506,330.8,0.38,0.36,2026-05-18,1749,N20,VIIRS,n,2.0NRT,291.16,2.92,D
-34.36057,-71.61375,332.38,0.44,0.62,2026-05-18,1749,N20,VIIRS,n,2.0NRT,299.49,2.74,D
-34.36029,-71.60886,327.07,0.44,0.62,2026-05-18,1749,N20,VIIRS,n,2.0NRT,296.05,2.74,D
-34.36016,-71.61269,348.53,0.44,0.62,2026-05-18,1749,N20,VIIRS,n,2.0NRT,300.17,5.32,D
-34.35474,-71.61409,342.85,0.44,0.62,2026-05-18,1749,N20,VIIRS,n,2.0NRT,298.57,3.69,D
-34.35446,-71.60921,330.98,0.44,0.62,2026-05-18,1749,N20,VIIRS,n,2.0NRT,296.45,3.69,D
-34.35433,-71.61304,338.47,0.44,0.62,2026-05-18,1749,N20,VIIRS,n,2.0NRT,297.76,4.05,D
-34.19137,-55.65092,332.79,0.45,0.39,2026-05-18,1749,N20,VIIRS,n,2.0NRT,290.42,3.12,D
-34.19001,-55.64955,329.39,0.45,0.39,2026-05-18,1749,N20,VIIRS,n,2.0NRT,290.04,2.24,D
-34.14959,-58.98525,338.8,0.38,0.36,2026-05-18,1749,N20,VIIRS,n,2.0NRT,294.23,4.08,D
-34.10683,-70.45738,367.0,0.38,0.59,2026-05-18,1749,N20,VIIRS,h,2.0NRT,293.35,9.16,D
-34.10282,-58.64505,341.59,0.39,0.36,2026-05-18,1749,N20,VIIRS,n,2.0NRT,292.21,4.65,D
-34.10271,-58.88346,329.63,0.39,0.36,2026-05-18,1749,N20,VIIRS,n,2.0NRT,291.8,2.0,D
-34.09939,-58.88422,326.64,0.39,0.36,2026-05-18,1749,N20,VIIRS,n,2.0NRT,288.25,2.0,D
-34.02695,-58.08959,335.67,0.39,0.36,2026-05-18,1749,N20,VIIRS,n,2.0NRT,291.56,3.66,D
-33.91959,-54.84307,333.63,0.49,0.41,2026-05-18,1749,N20,VIIRS,n,2.0NRT,290.09,3.6,D
-33.91857,-54.84043,327.94,0.49,0.41,2026-05-18,1749,N20,VIIRS,n,2.0NRT,289.56,2.39,D
-33.80917,-53.8395,328.33,0.55,0.43,2026-05-18,1749,N20,VIIRS,n,2.0NRT,287.86,2.76,D
-33.80528,-53.84061,333.07,0.55,0.43,2026-05-18,1749,N20,VIIRS,n,2.0NRT,289.1,3.9,D
-33.7564,-59.31999,332.16,0.38,0.36,2026-05-18,1749,N20,VIIRS,n,2.0NRT,290.23,3.02,D
-33.75576,-59.31584,329.41,0.38,0.36,2026-05-18,1749,N20,VIIRS,n,2.0NRT,288.87,3.02,D
-33.74913,-59.3173,343.95,0.38,0.36,2026-05-18,1749,N20,VIIRS,n,2.0NRT,290.71,5.83,D
-33.74582,-59.31804,347.21,0.38,0.36,2026-05-18,1749,N20,VIIRS,n,2.0NRT,292.25,5.83,D
-33.74314,-59.32293,329.39,0.38,0.36,2026-05-18,1749,N20,VIIRS,n,2.0NRT,290.71,3.48,D
-33.72248,-58.33344,329.06,0.39,0.36,2026-05-18,1749,N20,VIIRS,n,2.0NRT,292.46,3.3,D
-33.71846,-58.32999,327.34,0.39,0.36,2026-05-18,1749,N20,VIIRS,n,2.0NRT,292.4,3.3,D
-33.71512,-58.33077,343.83,0.39,0.36,2026-05-18,1749,N20,VIIRS,n,2.0NRT,293.49,5.51,D
-33.71178,-58.33154,351.77,0.39,0.36,2026-05-18,1749,N20,VIIRS,n,2.0NRT,293.45,5.51,D
-33.61649,-55.00254,330.03,0.49,0.4,2026-05-18,1749,N20,VIIRS,n,2.0NRT,288.75,3.87,D
-33.50904,-58.61657,367.0,0.39,0.36,2026-05-18,1749,N20,VIIRS,l,2.0NRT,358.12,82.09,D
-33.50837,-58.61238,367.0,0.39,0.36,2026-05-18,1749,N20,VIIRS,h,2.0NRT,331.27,82.09,D
-33.50571,-58.61732,347.23,0.39,0.36,2026-05-18,1749,N20,VIIRS,n,2.0NRT,295.14,82.09,D
-33.50504,-58.61314,330.22,0.39,0.36,2026-05-18,1749,N20,VIIRS,n,2.0NRT,292.92,82.09,D
-33.36828,-60.16238,327.9,0.39,0.36,2026-05-18,1749,N20,VIIRS,n,2.0NRT,292.0,2.71,D
-33.26057,-60.28288,326.72,0.39,0.36,2026-05-18,1749,N20,VIIRS,n,2.0NRT,289.97,2.06,D
-33.25724,-60.28357,338.2,0.39,0.36,2026-05-18,1749,N20,VIIRS,n,2.0NRT,293.16,6.87,D
-33.18906,-54.50958,331.27,0.53,0.42,2026-05-18,1749,N20,VIIRS,n,2.0NRT,289.74,2.61,D
-33.14008,-53.64137,330.1,0.39,0.44,2026-05-18,1749,N20,VIIRS,n,2.0NRT,290.03,2.62,D
-33.13874,-53.67996,331.46,0.38,0.44,2026-05-18,1749,N20,VIIRS,n,2.0NRT,289.8,2.38,D
-33.13792,-53.67585,326.2,0.39,0.44,2026-05-18,1749,N20,VIIRS,n,2.0NRT,288.92,2.38,D
-33.11338,-61.73484,327.86,0.41,0.37,2026-05-18,1749,N20,VIIRS,n,2.0NRT,293.22,2.65,D
-33.06319,-58.32021,335.42,0.39,0.36,2026-05-18,1749,N20,VIIRS,n,2.0NRT,288.97,3.3,D
-32.94813,-59.53813,331.58,0.38,0.36,2026-05-18,1749,N20,VIIRS,n,2.0NRT,292.57,3.57,D
-32.58636,-57.63828,331.69,0.41,0.37,2026-05-18,1749,N20,VIIRS,n,2.0NRT,291.02,3.84,D
-32.408,-52.34425,352.11,0.47,0.48,2026-05-18,1749,N20,VIIRS,n,2.0NRT,294.47,19.51,D
-32.16827,-61.38789,331.55,0.4,0.37,2026-05-18,1749,N20,VIIRS,n,2.0NRT,292.27,2.46,D
-32.01746,-60.63243,341.23,0.39,0.36,2026-05-18,1749,N20,VIIRS,n,2.0NRT,297.5,10.37,D
-32.01685,-60.62832,341.26,0.39,0.36,2026-05-18,1749,N20,VIIRS,n,2.0NRT,295.58,5.51,D
-31.98428,-68.31511,333.16,0.54,0.51,2026-05-18,1749,N20,VIIRS,n,2.0NRT,294.87,4.52,D
-31.97803,-55.38023,330.96,0.5,0.41,2026-05-18,1749,N20,VIIRS,n,2.0NRT,288.82,5.12,D
-31.86372,-55.29528,332.99,0.51,0.41,2026-05-18,1749,N20,VIIRS,n,2.0NRT,290.96,8.8,D
-31.84842,-58.97043,329.39,0.39,0.36,2026-05-18,1749,N20,VIIRS,n,2.0NRT,293.27,2.51,D
-31.79915,-59.7947,344.85,0.38,0.36,2026-05-18,1749,N20,VIIRS,n,2.0NRT,296.01,5.07,D
-31.79852,-59.79064,329.88,0.38,0.36,2026-05-18,1749,N20,VIIRS,n,2.0NRT,293.69,2.38,D
-31.7137,-59.16443,329.82,0.39,0.36,2026-05-18,1749,N20,VIIRS,n,2.0NRT,289.85,2.98,D
-31.63391,-61.41438,326.34,0.39,0.37,2026-05-18,1749,N20,VIIRS,n,2.0NRT,292.29,0.99,D
-31.39691,-53.72482,326.73,0.41,0.45,2026-05-18,1749,N20,VIIRS,n,2.0NRT,289.98,2.51,D
-31.39495,-53.72413,334.19,0.41,0.45,2026-05-18,1749,N20,VIIRS,n,2.0NRT,290.18,3.79,D
-31.38589,-53.72211,355.09,0.41,0.45,2026-05-18,1749,N20,VIIRS,n,2.0NRT,292.55,13.36,D
-31.30121,-58.31708,327.21,0.4,0.37,2026-05-18,1749,N20,VIIRS,n,2.0NRT,292.56,10.72,D
-31.29712,-58.31362,329.08,0.4,0.37,2026-05-18,1749,N20,VIIRS,n,2.0NRT,290.85,10.34,D
-31.03856,-57.93084,329.48,0.41,0.37,2026-05-18,1749,N20,VIIRS,n,2.0NRT,291.2,3.55,D
-30.92444,-60.09156,325.95,0.38,0.36,2026-05-18,1749,N20,VIIRS,n,2.0NRT,292.77,2.13,D
-30.92113,-60.09225,332.47,0.38,0.36,2026-05-18,1749,N20,VIIRS,n,2.0NRT,290.81,2.52,D
-30.8057,-58.99793,327.0,0.39,0.36,2026-05-18,1749,N20,VIIRS,n,2.0NRT,289.09,2.29,D
-30.7945,-58.10546,328.26,0.41,0.37,2026-05-18,1749,N20,VIIRS,n,2.0NRT,293.49,6.14,D
-30.79378,-58.10117,329.63,0.41,0.37,2026-05-18,1749,N20,VIIRS,n,2.0NRT,292.46,6.14,D
-30.75658,-60.21219,331.87,0.38,0.36,2026-05-18,1749,N20,VIIRS,n,2.0NRT,292.61,3.21,D
-30.74917,-60.03138,338.69,0.38,0.36,2026-05-18,1749,N20,VIIRS,n,2.0NRT,293.31,4.13,D
-30.68812,-51.79382,331.28,0.54,0.51,2026-05-18,1749,N20,VIIRS,n,2.0NRT,287.18,4.62,D
-30.68753,-59.32363,325.72,0.39,0.36,2026-05-18,1749,N20,VIIRS,n,2.0NRT,293.68,1.53,D
-30.67368,-60.13439,332.39,0.38,0.36,2026-05-18,1749,N20,VIIRS,n,2.0NRT,293.45,2.36,D
-30.67036,-60.13508,338.67,0.38,0.36,2026-05-18,1749,N20,VIIRS,n,2.0NRT,294.31,3.74,D
-30.55315,-57.94754,326.12,0.42,0.37,2026-05-18,1749,N20,VIIRS,n,2.0NRT,290.02,1.81,D
-30.54047,-58.22784,350.94,0.41,0.37,2026-05-18,1749,N20,VIIRS,n,2.0NRT,293.21,8.34,D
-30.52937,-57.97556,325.95,0.42,0.37,2026-05-18,1749,N20,VIIRS,n,2.0NRT,291.87,12.13,D
-30.51982,-57.98229,338.15,0.42,0.37,2026-05-18,1749,N20,VIIRS,n,2.0NRT,289.84,3.91,D
-30.43563,-59.40148,345.94,0.39,0.36,2026-05-18,1749,N20,VIIRS,n,2.0NRT,291.32,9.31,D
-30.4127,-59.96392,348.0,0.39,0.36,2026-05-18,1749,N20,VIIRS,n,2.0NRT,292.98,4.47,D
-30.40938,-59.96461,326.93,0.39,0.36,2026-05-18,1749,N20,VIIRS,n,2.0NRT,289.45,4.47,D
-30.3303,-57.51999,326.09,0.43,0.38,2026-05-18,1749,N20,VIIRS,n,2.0NRT,291.06,3.89,D
-30.32951,-57.5155,325.64,0.43,0.38,2026-05-18,1749,N20,VIIRS,n,2.0NRT,290.68,3.08,D
-30.32667,-59.52891,327.45,0.39,0.36,2026-05-18,1749,N20,VIIRS,n,2.0NRT,292.65,2.6,D
-30.28564,-59.46661,329.08,0.39,0.36,2026-05-18,1749,N20,VIIRS,n,2.0NRT,290.41,2.35,D
-30.28499,-59.46255,325.02,0.39,0.36,2026-05-18,1749,N20,VIIRS,n,2.0NRT,289.59,1.85,D
-30.26786,-57.95254,327.84,0.42,0.38,2026-05-18,1749,N20,VIIRS,n,2.0NRT,290.08,1.5,D
-30.26516,-57.95767,339.95,0.42,0.38,2026-05-18,1749,N20,VIIRS,n,2.0NRT,292.01,3.74,D
-30.26171,-57.95846,330.14,0.42,0.38,2026-05-18,1749,N20,VIIRS,n,2.0NRT,291.42,3.74,D
-30.25752,-57.95489,328.85,0.42,0.38,2026-05-18,1749,N20,VIIRS,n,2.0NRT,290.21,1.57,D
-30.14705,-59.9188,326.74,0.39,0.36,2026-05-18,1749,N20,VIIRS,n,2.0NRT,291.3,2.29,D
-30.13336,-62.89929,335.63,0.42,0.38,2026-05-18,1749,N20,VIIRS,n,2.0NRT,291.47,3.47,D
-30.00988,-59.84806,330.98,0.39,0.36,2026-05-18,1749,N20,VIIRS,n,2.0NRT,290.96,2.4,D
-30.00092,-60.55369,343.86,0.38,0.36,2026-05-18,1749,N20,VIIRS,n,2.0NRT,292.85,7.35,D
-29.89707,-61.30948,331.29,0.39,0.36,2026-05-18,1749,N20,VIIRS,n,2.0NRT,291.01,3.28,D
-29.89374,-61.31013,342.58,0.39,0.36,2026-05-18,1749,N20,VIIRS,n,2.0NRT,292.7,3.28,D
-29.89026,-61.30171,325.43,0.39,0.36,2026-05-18,1749,N20,VIIRS,n,2.0NRT,292.62,2.1,D
-29.86501,-58.3744,326.49,0.41,0.37,2026-05-18,1749,N20,VIIRS,n,2.0NRT,291.65,3.08,D
-29.86427,-58.37014,327.02,0.41,0.37,2026-05-18,1749,N20,VIIRS,n,2.0NRT,289.48,2.79,D
-29.8623,-58.37457,327.73,0.41,0.37,2026-05-18,1749,N20,VIIRS,n,2.0NRT,295.19,8.11,D
-29.86159,-58.37515,327.41,0.41,0.37,2026-05-18,1749,N20,VIIRS,n,2.0NRT,291.65,3.08,D
-29.86116,-59.34151,328.69,0.39,0.36,2026-05-18,1749,N20,VIIRS,n,2.0NRT,290.74,1.88,D
-29.86086,-58.3709,329.0,0.41,0.37,2026-05-18,1749,N20,VIIRS,n,2.0NRT,289.78,2.79,D
-29.86032,-58.38385,326.57,0.41,0.37,2026-05-18,1749,N20,VIIRS,n,2.0NRT,291.14,1.32,D
-29.78209,-61.03466,333.42,0.39,0.36,2026-05-18,1749,N20,VIIRS,n,2.0NRT,289.72,6.18,D
-29.78149,-61.03067,333.12,0.39,0.36,2026-05-18,1749,N20,VIIRS,n,2.0NRT,290.71,3.84,D
-29.78002,-58.53281,349.9,0.41,0.37,2026-05-18,1749,N20,VIIRS,n,2.0NRT,293.77,24.67,D
-29.77958,-58.53362,340.99,0.41,0.37,2026-05-18,1749,N20,VIIRS,n,2.0NRT,294.49,10.39,D
-29.77931,-58.52859,339.93,0.41,0.37,2026-05-18,1749,N20,VIIRS,n,2.0NRT,289.43,5.08,D
-29.77886,-58.5294,342.94,0.41,0.37,2026-05-18,1749,N20,VIIRS,n,2.0NRT,291.03,7.09,D
-29.77661,-58.53357,345.78,0.41,0.37,2026-05-18,1749,N20,VIIRS,n,2.0NRT,299.68,24.67,D
-29.75917,-61.01863,341.69,0.39,0.36,2026-05-18,1749,N20,VIIRS,n,2.0NRT,289.52,2.94,D
-29.75585,-61.01929,326.07,0.39,0.36,2026-05-18,1749,N20,VIIRS,n,2.0NRT,291.71,2.94,D
-29.7549,-61.0359,327.03,0.39,0.36,2026-05-18,1749,N20,VIIRS,n,2.0NRT,291.8,2.36,D
-29.75371,-61.02792,341.51,0.39,0.36,2026-05-18,1749,N20,VIIRS,n,2.0NRT,292.26,5.16,D
-29.71109,-58.79445,333.4,0.4,0.37,2026-05-18,1749,N20,VIIRS,n,2.0NRT,290.0,4.29,D
-29.7104,-58.79029,340.39,0.4,0.37,2026-05-18,1749,N20,VIIRS,n,2.0NRT,290.81,4.29,D
-29.70902,-58.78195,330.8,0.4,0.37,2026-05-18,1749,N20,VIIRS,n,2.0NRT,289.22,6.24,D
-29.7084,-58.79935,327.66,0.4,0.37,2026-05-18,1749,N20,VIIRS,n,2.0NRT,289.77,2.64,D
-29.70771,-58.79519,331.9,0.4,0.37,2026-05-18,1749,N20,VIIRS,n,2.0NRT,289.37,4.08,D
-29.70501,-58.80009,329.81,0.4,0.37,2026-05-18,1749,N20,VIIRS,n,2.0NRT,290.9,2.64,D
-29.63036,-62.58058,329.37,0.41,0.37,2026-05-18,1749,N20,VIIRS,n,2.0NRT,289.98,5.49,D
-29.61892,-58.32948,337.43,0.41,0.37,2026-05-18,1749,N20,VIIRS,n,2.0NRT,291.94,7.19,D
-29.61549,-58.33024,329.95,0.41,0.37,2026-05-18,1749,N20,VIIRS,n,2.0NRT,292.07,4.18,D
-29.61207,-58.33101,333.79,0.41,0.37,2026-05-18,1749,N20,VIIRS,n,2.0NRT,291.83,4.18,D
-29.52736,-66.81031,341.03,0.41,0.45,2026-05-18,1749,N20,VIIRS,n,2.0NRT,296.87,5.23,D
-29.43054,-61.68573,329.26,0.39,0.36,2026-05-18,1749,N20,VIIRS,n,2.0NRT,292.03,2.75,D
-29.36679,-55.98626,328.92,0.52,0.41,2026-05-18,1749,N20,VIIRS,n,2.0NRT,292.0,7.07,D
-29.28431,-58.74353,333.57,0.41,0.37,2026-05-18,1749,N20,VIIRS,n,2.0NRT,294.97,3.15,D
-29.26831,-57.89567,336.48,0.43,0.38,2026-05-18,1749,N20,VIIRS,n,2.0NRT,292.37,2.98,D
-29.26559,-57.90088,338.15,0.43,0.38,2026-05-18,1749,N20,VIIRS,n,2.0NRT,292.96,4.17,D
-29.26482,-57.89645,328.36,0.43,0.38,2026-05-18,1749,N20,VIIRS,n,2.0NRT,290.69,2.27,D
-29.1356,-67.39319,338.96,0.44,0.46,2026-05-18,1749,N20,VIIRS,n,2.0NRT,296.68,3.44,D
-29.12091,-58.58567,329.71,0.41,0.37,2026-05-18,1749,N20,VIIRS,n,2.0NRT,293.38,2.22,D
-29.12019,-58.58144,326.05,0.41,0.37,2026-05-18,1749,N20,VIIRS,n,2.0NRT,291.34,1.87,D
-29.08909,-57.35654,355.6,0.45,0.39,2026-05-18,1749,N20,VIIRS,n,2.0NRT,295.05,14.27,D
-29.02323,-61.26641,339.56,0.39,0.36,2026-05-18,1749,N20,VIIRS,n,2.0NRT,297.59,3.68,D
-29.00006,-56.29874,342.5,0.5,0.41,2026-05-18,1749,N20,VIIRS,n,2.0NRT,295.42,12.46,D
-28.98173,-57.47079,339.38,0.45,0.39,2026-05-18,1749,N20,VIIRS,n,2.0NRT,294.63,13.27,D
-28.97818,-57.47161,341.94,0.45,0.39,2026-05-18,1749,N20,VIIRS,n,2.0NRT,292.3,12.88,D
-28.97237,-56.63231,328.56,0.49,0.4,2026-05-18,1749,N20,VIIRS,n,2.0NRT,290.36,6.94,D
-28.9696,-56.63818,342.03,0.49,0.4,2026-05-18,1749,N20,VIIRS,n,2.0NRT,295.75,6.94,D
-28.96869,-56.63319,328.38,0.49,0.4,2026-05-18,1749,N20,VIIRS,n,2.0NRT,288.88,6.94,D
-28.96592,-56.63905,342.56,0.49,0.4,2026-05-18,1749,N20,VIIRS,n,2.0NRT,291.23,5.72,D
-28.96315,-56.64491,331.52,0.49,0.4,2026-05-18,1749,N20,VIIRS,n,2.0NRT,292.17,5.16,D
-28.95947,-56.64579,331.33,0.49,0.4,2026-05-18,1749,N20,VIIRS,n,2.0NRT,292.42,7.61,D
-28.95578,-56.64667,333.7,0.49,0.4,2026-05-18,1749,N20,VIIRS,n,2.0NRT,290.51,7.61,D
-28.93069,-57.43451,327.56,0.45,0.39,2026-05-18,1749,N20,VIIRS,n,2.0NRT,291.34,2.61,D
-28.92849,-57.78421,332.36,0.44,0.38,2026-05-18,1749,N20,VIIRS,n,2.0NRT,290.93,2.47,D
-28.92577,-57.78949,334.89,0.44,0.38,2026-05-18,1749,N20,VIIRS,n,2.0NRT,291.38,4.15,D
-28.92498,-57.78501,329.36,0.44,0.38,2026-05-18,1749,N20,VIIRS,n,2.0NRT,291.53,5.9,D
-28.92226,-57.79029,340.71,0.44,0.38,2026-05-18,1749,N20,VIIRS,n,2.0NRT,290.58,4.15,D
-28.91875,-57.79109,326.18,0.44,0.38,2026-05-18,1749,N20,VIIRS,n,2.0NRT,289.71,3.29,D
-28.89612,-57.95223,336.7,0.43,0.38,2026-05-18,1749,N20,VIIRS,n,2.0NRT,292.76,6.47,D
-28.89303,-57.81091,332.13,0.44,0.38,2026-05-18,1749,N20,VIIRS,n,2.0NRT,292.0,5.9,D
-28.88959,-57.81009,333.49,0.44,0.38,2026-05-18,1749,N20,VIIRS,n,2.0NRT,290.97,5.74,D
-28.87691,-59.12455,331.66,0.4,0.37,2026-05-18,1749,N20,VIIRS,n,2.0NRT,292.34,3.41,D
-28.84622,-57.64625,326.02,0.44,0.39,2026-05-18,1749,N20,VIIRS,n,2.0NRT,291.03,1.95,D
-28.78177,-57.11533,329.07,0.47,0.4,2026-05-18,1749,N20,VIIRS,n,2.0NRT,290.51,2.1,D
-28.69134,-56.52628,328.71,0.5,0.41,2026-05-18,1749,N20,VIIRS,n,2.0NRT,291.01,3.53,D
-28.62872,-56.19575,335.83,0.52,0.41,2026-05-18,1749,N20,VIIRS,n,2.0NRT,292.72,5.71,D
-28.58906,-58.57936,331.19,0.42,0.37,2026-05-18,1749,N20,VIIRS,n,2.0NRT,293.38,4.56,D
-28.58834,-58.57512,329.33,0.42,0.37,2026-05-18,1749,N20,VIIRS,n,2.0NRT,292.41,4.56,D
-28.58724,-58.57652,345.67,0.42,0.37,2026-05-18,1749,N20,VIIRS,n,2.0NRT,293.87,9.09,D
-28.57808,-56.03569,328.49,0.53,0.42,2026-05-18,1749,N20,VIIRS,n,2.0NRT,294.49,3.72,D
-28.57704,-56.03032,325.48,0.53,0.42,2026-05-18,1749,N20,VIIRS,n,2.0NRT,290.09,3.72,D
-28.5757,-56.5351,347.72,0.5,0.41,2026-05-18,1749,N20,VIIRS,n,2.0NRT,291.52,8.51,D
-28.55624,-59.05463,338.59,0.4,0.37,2026-05-18,1749,N20,VIIRS,n,2.0NRT,291.08,3.58,D
-28.53527,-58.49388,334.44,0.42,0.38,2026-05-18,1749,N20,VIIRS,n,2.0NRT,297.39,6.45,D
-28.53454,-58.48959,333.35,0.42,0.38,2026-05-18,1749,N20,VIIRS,n,2.0NRT,299.64,6.45,D
-28.53183,-58.49463,329.18,0.42,0.38,2026-05-18,1749,N20,VIIRS,n,2.0NRT,297.38,9.47,D
-28.5311,-58.49035,347.35,0.42,0.38,2026-05-18,1749,N20,VIIRS,n,2.0NRT,299.37,9.47,D
-28.51276,-58.5916,329.36,0.42,0.37,2026-05-18,1749,N20,VIIRS,n,2.0NRT,292.05,3.44,D
-28.47939,-56.43815,349.08,0.51,0.41,2026-05-18,1749,N20,VIIRS,n,2.0NRT,301.48,35.52,D
-28.47661,-56.44419,351.64,0.51,0.41,2026-05-18,1749,N20,VIIRS,n,2.0NRT,293.86,9.08,D
-28.41817,-59.0489,336.21,0.41,0.37,2026-05-18,1749,N20,VIIRS,n,2.0NRT,291.19,2.93,D
-28.40117,-56.23368,326.51,0.52,0.41,2026-05-18,1749,N20,VIIRS,n,2.0NRT,291.93,3.21,D
-28.40016,-56.22839,343.7,0.52,0.41,2026-05-18,1749,N20,VIIRS,n,2.0NRT,292.34,4.32,D
-28.39914,-56.22308,330.48,0.52,0.41,2026-05-18,1749,N20,VIIRS,n,2.0NRT,290.85,4.32,D
-28.37915,-56.22236,328.52,0.52,0.42,2026-05-18,1749,N20,VIIRS,n,2.0NRT,290.99,2.96,D
-28.31724,-62.82364,342.63,0.4,0.37,2026-05-18,1749,N20,VIIRS,n,2.0NRT,302.27,10.14,D
-28.31667,-62.8195,335.85,0.4,0.37,2026-05-18,1749,N20,VIIRS,n,2.0NRT,295.88,10.14,D
-28.31446,-62.85382,329.42,0.41,0.37,2026-05-18,1749,N20,VIIRS,n,2.0NRT,301.79,3.37,D
-28.31377,-58.41109,348.82,0.42,0.38,2026-05-18,1749,N20,VIIRS,n,2.0NRT,293.78,5.8,D
-28.30645,-62.82132,346.22,0.4,0.37,2026-05-18,1749,N20,VIIRS,n,2.0NRT,298.8,6.23,D
-28.28846,-62.61808,333.79,0.4,0.37,2026-05-18,1749,N20,VIIRS,n,2.0NRT,294.38,2.83,D
-28.02893,-56.4322,332.49,0.51,0.41,2026-05-18,1749,N20,VIIRS,n,2.0NRT,292.77,8.5,D
-27.9548,-55.60763,331.98,0.57,0.43,2026-05-18,1749,N20,VIIRS,n,2.0NRT,290.0,4.52,D
-27.92577,-57.91273,328.85,0.45,0.39,2026-05-18,1749,N20,VIIRS,n,2.0NRT,291.21,4.39,D
-27.9239,-57.90968,330.2,0.45,0.39,2026-05-18,1749,N20,VIIRS,n,2.0NRT,291.03,4.43,D
-27.91799,-50.71568,351.83,0.36,0.58,2026-05-18,1749,N20,VIIRS,n,2.0NRT,289.34,7.13,D
-27.91715,-50.71212,350.63,0.36,0.58,2026-05-18,1749,N20,VIIRS,n,2.0NRT,284.01,7.13,D
-27.88314,-56.3871,325.85,0.52,0.41,2026-05-18,1749,N20,VIIRS,n,2.0NRT,293.97,8.43,D
-27.6165,-56.24794,338.95,0.53,0.42,2026-05-18,1749,N20,VIIRS,n,2.0NRT,290.16,9.1,D
-27.61409,-56.25133,341.88,0.53,0.42,2026-05-18,1749,N20,VIIRS,n,2.0NRT,295.46,24.46,D
-27.61366,-56.25421,325.04,0.53,0.42,2026-05-18,1749,N20,VIIRS,n,2.0NRT,290.52,6.74,D
-27.61305,-56.24597,332.1,0.53,0.42,2026-05-18,1749,N20,VIIRS,n,2.0NRT,290.91,24.46,D
-27.61265,-56.24884,351.23,0.53,0.42,2026-05-18,1749,N20,VIIRS,n,2.0NRT,295.8,17.11,D
-27.60881,-56.24976,326.32,0.53,0.42,2026-05-18,1749,N20,VIIRS,n,2.0NRT,289.06,17.11,D
-27.6078,-56.24438,327.06,0.53,0.42,2026-05-18,1749,N20,VIIRS,n,2.0NRT,287.67,17.11,D
-27.4687,-55.51589,338.82,0.39,0.44,2026-05-18,1749,N20,VIIRS,n,2.0NRT,289.35,3.76,D
-27.46649,-57.05666,333.79,0.49,0.4,2026-05-18,1749,N20,VIIRS,n,2.0NRT,288.97,3.77,D
-27.87462,-62.85245,333.0,0.4,0.37,2026-05-18,1752,N20,VIIRS,n,2.0NRT,295.35,3.69,D
-27.87183,-63.08112,344.73,0.41,0.37,2026-05-18,1752,N20,VIIRS,n,2.0NRT,294.59,5.44,D
-27.87136,-63.08134,345.44,0.41,0.37,2026-05-18,1752,N20,VIIRS,n,2.0NRT,294.98,5.35,D
-27.87125,-63.07697,343.22,0.41,0.37,2026-05-18,1752,N20,VIIRS,n,2.0NRT,293.82,4.93,D
-27.87079,-63.07718,347.12,0.41,0.37,2026-05-18,1752,N20,VIIRS,n,2.0NRT,294.12,5.43,D
-27.83676,-61.95,334.52,0.39,0.36,2026-05-18,1752,N20,VIIRS,n,2.0NRT,294.88,5.72,D
-27.38507,-63.52081,342.83,0.42,0.37,2026-05-18,1752,N20,VIIRS,n,2.0NRT,293.31,9.37,D
-26.72011,-58.73754,336.05,0.43,0.38,2026-05-18,1752,N20,VIIRS,n,2.0NRT,284.0,5.17,D
-26.68443,-62.42424,344.61,0.39,0.36,2026-05-18,1752,N20,VIIRS,n,2.0NRT,296.18,5.59,D
-26.68166,-62.42877,338.9,0.39,0.36,2026-05-18,1752,N20,VIIRS,n,2.0NRT,300.14,6.56,D
-26.68109,-62.42484,326.51,0.39,0.36,2026-05-18,1752,N20,VIIRS,l,2.0NRT,300.78,3.53,D
-26.57608,-58.55668,351.56,0.44,0.38,2026-05-18,1752,N20,VIIRS,n,2.0NRT,290.69,6.51,D
-26.57257,-58.55744,336.94,0.44,0.38,2026-05-18,1752,N20,VIIRS,n,2.0NRT,292.94,8.34,D
-26.27993,-64.2092,325.18,0.43,0.38,2026-05-18,1752,N20,VIIRS,n,2.0NRT,292.24,2.4,D
-25.99099,-62.00328,328.42,0.39,0.36,2026-05-18,1752,N20,VIIRS,n,2.0NRT,295.33,2.69,D
-25.98767,-62.0039,338.78,0.39,0.36,2026-05-18,1752,N20,VIIRS,n,2.0NRT,296.64,3.66,D
-25.59658,-61.35123,329.27,0.38,0.36,2026-05-18,1752,N20,VIIRS,n,2.0NRT,293.78,3.47,D
-25.59598,-61.3474,343.37,0.38,0.36,2026-05-18,1752,N20,VIIRS,n,2.0NRT,286.56,6.31,D
-25.10278,-57.95142,325.9,0.48,0.4,2026-05-18,1752,N20,VIIRS,n,2.0NRT,288.45,2.57,D
-25.04052,-58.48567,347.41,0.46,0.39,2026-05-18,1752,N20,VIIRS,n,2.0NRT,288.83,6.54,D
-24.52156,-60.63496,337.06,0.4,0.37,2026-05-18,1752,N20,VIIRS,n,2.0NRT,297.49,3.97,D
-24.2406,-63.20525,341.76,0.39,0.36,2026-05-18,1752,N20,VIIRS,n,2.0NRT,303.88,13.97,D
-24.24004,-63.20137,349.97,0.39,0.36,2026-05-18,1752,N20,VIIRS,n,2.0NRT,299.84,12.99,D
-24.23724,-63.20582,330.29,0.39,0.36,2026-05-18,1752,N20,VIIRS,n,2.0NRT,296.97,13.97,D
-24.23668,-63.20195,348.7,0.39,0.36,2026-05-18,1752,N20,VIIRS,n,2.0NRT,296.83,12.99,D
-23.72041,-64.21563,336.25,0.41,0.37,2026-05-18,1752,N20,VIIRS,n,2.0NRT,288.29,5.43,D
-23.63015,-60.76126,328.83,0.4,0.37,2026-05-18,1752,N20,VIIRS,n,2.0NRT,291.84,1.74,D
-23.62951,-60.75737,327.84,0.4,0.37,2026-05-18,1752,N20,VIIRS,n,2.0NRT,292.02,1.74,D
-23.62741,-60.76579,335.94,0.4,0.37,2026-05-18,1752,N20,VIIRS,n,2.0NRT,292.72,3.91,D
-23.41581,-61.26184,342.47,0.39,0.36,2026-05-18,1752,N20,VIIRS,n,2.0NRT,299.55,69.89,D
-23.40853,-61.25926,330.78,0.39,0.36,2026-05-18,1752,N20,VIIRS,n,2.0NRT,295.19,26.51,D
-23.33226,-59.42392,346.59,0.44,0.38,2026-05-18,1752,N20,VIIRS,n,2.0NRT,284.62,7.53,D
-22.49554,-62.16811,332.64,0.38,0.36,2026-05-18,1752,N20,VIIRS,n,2.0NRT,296.38,5.07,D
-22.47623,-62.1754,329.32,0.38,0.36,2026-05-18,1752,N20,VIIRS,n,2.0NRT,296.17,6.2,D
-22.47565,-62.17167,331.53,0.38,0.36,2026-05-18,1752,N20,VIIRS,n,2.0NRT,295.64,4.56,D
-22.47407,-62.18346,346.87,0.38,0.36,2026-05-18,1752,N20,VIIRS,n,2.0NRT,297.22,5.91,D
-22.31851,-68.88052,337.26,0.45,0.47,2026-05-18,1752,N20,VIIRS,n,2.0NRT,303.15,6.52,D
-22.19246,-62.4485,338.42,0.38,0.36,2026-05-18,1752,N20,VIIRS,n,2.0NRT,299.03,5.71,D
-21.90331,-60.9332,330.3,0.4,0.37,2026-05-18,1752,N20,VIIRS,n,2.0NRT,292.56,2.14,D
-21.90285,-60.93324,329.43,0.4,0.37,2026-05-18,1752,N20,VIIRS,n,2.0NRT,292.43,2.16,D
-21.32076,-61.08509,349.35,0.4,0.37,2026-05-18,1752,N20,VIIRS,n,2.0NRT,278.51,4.96,D
-21.32013,-61.08121,330.17,0.4,0.37,2026-05-18,1752,N20,VIIRS,n,2.0NRT,276.21,3.09,D
-21.31949,-61.07732,332.85,0.4,0.37,2026-05-18,1752,N20,VIIRS,n,2.0NRT,279.05,3.09,D
-21.31738,-61.08572,330.11,0.4,0.37,2026-05-18,1752,N20,VIIRS,n,2.0NRT,276.27,4.96,D
-21.31674,-61.08184,331.59,0.4,0.37,2026-05-18,1752,N20,VIIRS,n,2.0NRT,278.7,3.09,D
-21.3161,-61.07795,347.01,0.4,0.37,2026-05-18,1752,N20,VIIRS,n,2.0NRT,280.6,3.09,D
-17.1848,-66.76116,328.61,0.45,0.39,2026-05-18,1754,N20,VIIRS,n,2.0NRT,281.81,4.24,D
-17.10584,-71.74436,342.3,0.58,0.52,2026-05-18,1754,N20,VIIRS,n,2.0NRT,303.43,6.48,D
-14.15475,-52.89377,356.55,0.51,0.66,2026-05-18,1754,N20,VIIRS,l,2.0NRT,291.05,8.76,D
-14.15377,-52.88899,330.75,0.51,0.66,2026-05-18,1754,N20,VIIRS,n,2.0NRT,291.38,8.76,D
-14.14862,-52.89478,343.15,0.51,0.66,2026-05-18,1754,N20,VIIRS,n,2.0NRT,291.37,8.76,D
-13.68746,-52.59589,328.8,0.55,0.68,2026-05-18,1754,N20,VIIRS,n,2.0NRT,291.02,5.24,D
-13.38055,-54.25457,326.64,0.43,0.62,2026-05-18,1754,N20,VIIRS,n,2.0NRT,295.37,3.39,D
-15.26909,-73.41777,367.0,0.36,0.57,2026-05-18,1756,N20,VIIRS,h,2.0NRT,304.05,12.36,D
-14.00277,-75.77709,334.94,0.5,0.66,2026-05-18,1756,N20,VIIRS,n,2.0NRT,297.04,6.31,D
-12.55424,-54.61269,340.23,0.42,0.61,2026-05-18,1756,N20,VIIRS,n,2.0NRT,294.25,8.41,D
-12.31121,-53.22116,332.25,0.53,0.67,2026-05-18,1756,N20,VIIRS,n,2.0NRT,289.79,5.21,D
-12.29987,-53.22851,347.92,0.53,0.67,2026-05-18,1756,N20,VIIRS,n,2.0NRT,291.41,13.76,D
-12.28864,-54.08622,329.47,0.46,0.64,2026-05-18,1756,N20,VIIRS,n,2.0NRT,293.62,3.19,D
-12.28369,-54.086,335.64,0.47,0.64,2026-05-18,1756,N20,VIIRS,n,2.0NRT,296.67,12.54,D
-11.85714,-57.36693,355.2,0.57,0.52,2026-05-18,1756,N20,VIIRS,n,2.0NRT,292.81,20.92,D
-11.80109,-57.35756,341.85,0.57,0.52,2026-05-18,1756,N20,VIIRS,n,2.0NRT,290.29,9.7,D
-11.80077,-57.35532,334.12,0.57,0.52,2026-05-18,1756,N20,VIIRS,n,2.0NRT,289.61,10.97,D
-11.75336,-54.7899,335.0,0.43,0.62,2026-05-18,1756,N20,VIIRS,n,2.0NRT,295.98,4.1,D
-11.75126,-54.79489,334.43,0.43,0.62,2026-05-18,1756,N20,VIIRS,n,2.0NRT,295.82,6.35,D
-11.75047,-54.79091,344.95,0.43,0.62,2026-05-18,1756,N20,VIIRS,n,2.0NRT,297.31,6.35,D
-11.74849,-54.79506,341.94,0.43,0.62,2026-05-18,1756,N20,VIIRS,n,2.0NRT,296.66,11.9,D
-11.45086,-54.09441,338.48,0.48,0.65,2026-05-18,1756,N20,VIIRS,n,2.0NRT,293.41,8.84,D
-11.45,-54.09004,346.3,0.48,0.65,2026-05-18,1756,N20,VIIRS,n,2.0NRT,288.82,8.84,D
-10.91663,-54.12069,349.35,0.49,0.65,2026-05-18,1756,N20,VIIRS,n,2.0NRT,292.62,10.19,D
-10.70102,-52.62091,330.61,0.62,0.72,2026-05-18,1756,N20,VIIRS,n,2.0NRT,293.83,5.93,D
-10.69926,-52.61953,327.7,0.62,0.72,2026-05-18,1756,N20,VIIRS,n,2.0NRT,294.21,5.87,D
-10.26634,-75.80685,328.92,0.45,0.63,2026-05-18,1756,N20,VIIRS,n,2.0NRT,291.68,2.47,D
-9.9428,-52.45817,335.9,0.66,0.73,2026-05-18,1756,N20,VIIRS,n,2.0NRT,291.21,11.33,D
-9.94159,-52.45214,348.98,0.66,0.73,2026-05-18,1756,N20,VIIRS,n,2.0NRT,290.66,11.33,D
-9.69182,-56.25399,334.95,0.37,0.58,2026-05-18,1756,N20,VIIRS,n,2.0NRT,291.82,4.16,D
-9.32763,-73.58897,325.21,0.61,0.54,2026-05-18,1756,N20,VIIRS,n,2.0NRT,292.83,2.78,D
-9.00054,-74.75246,338.23,0.36,0.58,2026-05-18,1756,N20,VIIRS,n,2.0NRT,289.89,3.68,D
-8.90511,-71.52294,340.12,0.44,0.46,2026-05-18,1756,N20,VIIRS,n,2.0NRT,292.79,4.22,D
-8.31293,-51.99863,325.21,0.76,0.77,2026-05-18,1756,N20,VIIRS,n,2.0NRT,289.64,9.14,D
-8.31009,-52.00029,331.91,0.76,0.77,2026-05-18,1756,N20,VIIRS,n,2.0NRT,290.77,6.87,D
-2.24158,-54.85418,332.68,0.62,0.71,2026-05-18,1758,N20,VIIRS,n,2.0NRT,285.95,4.88,D
3.06944,-60.82727,336.44,0.58,0.52,2026-05-18,1800,N20,VIIRS,n,2.0NRT,291.49,5.61,D
3.0698,-60.82971,332.66,0.58,0.52,2026-05-18,1800,N20,VIIRS,n,2.0NRT,291.34,7.46,D
3.38288,-64.52342,327.65,0.51,0.41,2026-05-18,1800,N20,VIIRS,n,2.0NRT,295.28,4.81,D
3.38317,-64.52292,327.34,0.51,0.41,2026-05-18,1800,N20,VIIRS,n,2.0NRT,293.36,4.98,D
3.39943,-60.94688,349.49,0.58,0.52,2026-05-18,1800,N20,VIIRS,n,2.0NRT,293.29,13.32,D
3.40094,-60.93648,330.51,0.58,0.52,2026-05-18,1800,N20,VIIRS,n,2.0NRT,292.2,12.21,D
4.21265,-70.51942,346.97,0.41,0.37,2026-05-18,1800,N20,VIIRS,n,2.0NRT,289.01,5.81,D
4.30268,-70.84089,327.41,0.42,0.38,2026-05-18,1800,N20,VIIRS,n,2.0NRT,283.7,2.24,D
4.3575,-70.46662,327.03,0.41,0.37,2026-05-18,1800,N20,VIIRS,n,2.0NRT,286.96,2.23,D
4.3609,-70.46714,334.2,0.41,0.37,2026-05-18,1800,N20,VIIRS,n,2.0NRT,286.75,2.23,D
4.40464,-60.57701,335.26,0.32,0.54,2026-05-18,1800,N20,VIIRS,n,2.0NRT,293.9,2.74,D
4.43671,-70.00019,345.77,0.4,0.37,2026-05-18,1800,N20,VIIRS,n,2.0NRT,293.47,7.75,D
4.43726,-69.99664,329.65,0.4,0.37,2026-05-18,1800,N20,VIIRS,n,2.0NRT,292.01,7.75,D
4.46327,-69.78387,332.88,0.39,0.36,2026-05-18,1800,N20,VIIRS,n,2.0NRT,290.33,4.38,D
4.66677,-70.22961,331.02,0.4,0.37,2026-05-18,1800,N20,VIIRS,n,2.0NRT,295.53,5.17,D
4.67013,-70.23013,348.16,0.4,0.37,2026-05-18,1800,N20,VIIRS,n,2.0NRT,293.73,5.17,D
4.67405,-70.22707,327.73,0.4,0.37,2026-05-18,1800,N20,VIIRS,n,2.0NRT,291.77,1.59,D
4.73598,-74.80416,332.05,0.45,0.47,2026-05-18,1800,N20,VIIRS,n,2.0NRT,292.03,3.12,D
4.90238,-69.40041,354.01,0.39,0.36,2026-05-18,1800,N20,VIIRS,n,2.0NRT,294.97,12.18,D
4.91753,-61.84157,340.03,0.53,0.5,2026-05-18,1800,N20,VIIRS,n,2.0NRT,287.91,8.0,D
4.92135,-60.43499,329.0,0.33,0.55,2026-05-18,1800,N20,VIIRS,n,2.0NRT,291.72,2.4,D
5.23502,-68.15257,348.73,0.39,0.36,2026-05-18,1800,N20,VIIRS,n,2.0NRT,294.0,33.47,D
5.23555,-68.14907,342.44,0.39,0.36,2026-05-18,1800,N20,VIIRS,n,2.0NRT,297.27,33.47,D
5.23939,-68.14609,335.05,0.39,0.36,2026-05-18,1800,N20,VIIRS,n,2.0NRT,294.98,24.59,D
5.28928,-67.85963,333.27,0.39,0.36,2026-05-18,1800,N20,VIIRS,n,2.0NRT,292.76,2.74,D
5.33786,-69.39484,331.96,0.39,0.36,2026-05-18,1800,N20,VIIRS,n,2.0NRT,295.91,3.49,D
5.36303,-69.20796,344.68,0.38,0.36,2026-05-18,1800,N20,VIIRS,n,2.0NRT,291.61,4.53,D
5.36597,-69.34715,332.08,0.39,0.36,2026-05-18,1800,N20,VIIRS,n,2.0NRT,294.25,3.36,D
5.52224,-67.75422,334.64,0.4,0.37,2026-05-18,1800,N20,VIIRS,n,2.0NRT,292.73,3.72,D
5.83645,-68.08128,340.14,0.39,0.36,2026-05-18,1800,N20,VIIRS,n,2.0NRT,297.18,8.32,D
5.84258,-68.08578,337.21,0.39,0.36,2026-05-18,1800,N20,VIIRS,n,2.0NRT,295.27,3.78,D
5.84311,-68.08227,334.74,0.39,0.36,2026-05-18,1800,N20,VIIRS,n,2.0NRT,295.81,4.73,D
5.91466,-69.99647,330.05,0.39,0.36,2026-05-18,1800,N20,VIIRS,n,2.0NRT,296.11,6.01,D
5.9152,-69.99297,338.13,0.39,0.36,2026-05-18,1800,N20,VIIRS,n,2.0NRT,294.02,6.01,D
5.91833,-69.99374,339.84,0.39,0.36,2026-05-18,1800,N20,VIIRS,n,2.0NRT,293.85,5.29,D
6.17256,-67.66829,338.26,0.4,0.37,2026-05-18,1800,N20,VIIRS,n,2.0NRT,296.68,2.76,D
6.17433,-67.6796,343.46,0.4,0.37,2026-05-18,1800,N20,VIIRS,n,2.0NRT,305.33,35.84,D
6.17769,-67.68009,331.36,0.4,0.37,2026-05-18,1800,N20,VIIRS,n,2.0NRT,295.88,35.84,D
6.17823,-67.67649,333.82,0.4,0.37,2026-05-18,1800,N20,VIIRS,n,2.0NRT,296.13,6.16,D
6.17877,-67.67289,353.04,0.4,0.37,2026-05-18,1800,N20,VIIRS,n,2.0NRT,296.24,6.16,D
6.1793,-67.6693,367.0,0.4,0.37,2026-05-18,1800,N20,VIIRS,h,2.0NRT,296.86,9.32,D
6.17984,-67.66569,351.4,0.4,0.37,2026-05-18,1800,N20,VIIRS,n,2.0NRT,295.38,9.32,D
6.35612,-70.32668,332.51,0.39,0.37,2026-05-18,1800,N20,VIIRS,n,2.0NRT,296.01,9.71,D
6.35667,-70.32313,341.62,0.39,0.37,2026-05-18,1800,N20,VIIRS,n,2.0NRT,297.3,9.71,D
6.36001,-70.32365,347.38,0.39,0.37,2026-05-18,1800,N20,VIIRS,n,2.0NRT,296.62,9.71,D
6.49521,-68.1693,340.57,0.39,0.36,2026-05-18,1800,N20,VIIRS,n,2.0NRT,296.35,6.18,D
6.50681,-68.16022,340.17,0.39,0.36,2026-05-18,1800,N20,VIIRS,n,2.0NRT,297.44,5.74,D
6.51736,-68.15819,331.62,0.39,0.36,2026-05-18,1800,N20,VIIRS,n,2.0NRT,296.32,1.77,D
6.52069,-68.15869,332.45,0.39,0.36,2026-05-18,1800,N20,VIIRS,n,2.0NRT,295.22,1.77,D
6.52715,-68.15669,348.69,0.39,0.36,2026-05-18,1800,N20,VIIRS,n,2.0NRT,297.12,7.83,D
6.53049,-68.1572,336.07,0.39,0.36,2026-05-18,1800,N20,VIIRS,n,2.0NRT,297.38,3.27,D
6.53102,-68.15366,332.17,0.39,0.36,2026-05-18,1800,N20,VIIRS,n,2.0NRT,295.71,2.25,D
6.83409,-67.7842,347.44,0.4,0.37,2026-05-18,1800,N20,VIIRS,n,2.0NRT,295.82,12.38,D
6.83462,-67.78059,336.53,0.4,0.37,2026-05-18,1800,N20,VIIRS,n,2.0NRT,298.13,12.38,D
7.05995,-63.1548,342.09,0.47,0.47,2026-05-18,1800,N20,VIIRS,n,2.0NRT,293.91,14.93,D
7.29849,-68.08006,330.42,0.4,0.37,2026-05-18,1802,N20,VIIRS,l,2.0NRT,300.6,4.25,D
7.29902,-68.07648,331.81,0.4,0.37,2026-05-18,1802,N20,VIIRS,n,2.0NRT,299.21,1.75,D
7.4835,-66.66557,336.79,0.44,0.39,2026-05-18,1802,N20,VIIRS,n,2.0NRT,300.26,4.41,D
7.48703,-66.66609,341.21,0.44,0.39,2026-05-18,1802,N20,VIIRS,n,2.0NRT,299.58,4.99,D
7.57169,-68.86153,339.69,0.39,0.36,2026-05-18,1802,N20,VIIRS,n,2.0NRT,297.17,4.58,D
7.57293,-71.06812,339.05,0.4,0.37,2026-05-18,1802,N20,VIIRS,n,2.0NRT,298.28,6.79,D
7.58945,-65.71566,337.24,0.5,0.41,2026-05-18,1802,N20,VIIRS,n,2.0NRT,298.46,3.78,D
7.65659,-67.00883,341.49,0.43,0.38,2026-05-18,1802,N20,VIIRS,n,2.0NRT,300.91,2.93,D
7.67297,-72.6814,333.25,0.47,0.39,2026-05-18,1802,N20,VIIRS,n,2.0NRT,297.37,5.43,D
7.67604,-72.70787,331.4,0.47,0.4,2026-05-18,1802,N20,VIIRS,n,2.0NRT,296.34,3.32,D
7.68163,-63.10531,347.53,0.48,0.48,2026-05-18,1802,N20,VIIRS,n,2.0NRT,293.76,11.09,D
7.68179,-63.10592,344.82,0.48,0.48,2026-05-18,1802,N20,VIIRS,n,2.0NRT,292.61,9.5,D
7.68983,-66.91334,352.1,0.44,0.38,2026-05-18,1802,N20,VIIRS,n,2.0NRT,289.1,7.22,D
7.76521,-66.96048,345.04,0.43,0.38,2026-05-18,1802,N20,VIIRS,n,2.0NRT,290.19,4.73,D
7.79744,-62.98664,344.77,0.49,0.48,2026-05-18,1802,N20,VIIRS,n,2.0NRT,296.46,7.94,D
7.79807,-62.98217,339.06,0.49,0.49,2026-05-18,1802,N20,VIIRS,n,2.0NRT,292.51,7.94,D
7.80128,-62.99156,338.55,0.49,0.48,2026-05-18,1802,N20,VIIRS,n,2.0NRT,297.1,17.62,D
7.80188,-62.98729,337.32,0.49,0.48,2026-05-18,1802,N20,VIIRS,n,2.0NRT,297.44,7.94,D
7.80252,-62.98282,340.97,0.49,0.49,2026-05-18,1802,N20,VIIRS,n,2.0NRT,297.14,7.94,D
7.80316,-62.97835,335.59,0.49,0.49,2026-05-18,1802,N20,VIIRS,n,2.0NRT,290.54,6.69,D
7.85166,-62.94693,355.95,0.49,0.49,2026-05-18,1802,N20,VIIRS,n,2.0NRT,292.88,11.86,D
7.87877,-68.26476,340.94,0.4,0.37,2026-05-18,1802,N20,VIIRS,n,2.0NRT,295.0,3.25,D
7.87977,-65.17529,333.56,0.53,0.42,2026-05-18,1802,N20,VIIRS,l,2.0NRT,304.1,6.68,D
7.89489,-72.59436,335.49,0.46,0.39,2026-05-18,1802,N20,VIIRS,n,2.0NRT,303.98,4.67,D
7.91273,-65.1652,342.98,0.54,0.42,2026-05-18,1802,N20,VIIRS,n,2.0NRT,301.4,4.99,D
7.91658,-65.16579,338.02,0.54,0.42,2026-05-18,1802,N20,VIIRS,n,2.0NRT,304.08,5.73,D
7.91975,-65.17114,333.65,0.54,0.42,2026-05-18,1802,N20,VIIRS,n,2.0NRT,300.31,5.73,D
7.9522,-63.19365,354.7,0.48,0.48,2026-05-18,1802,N20,VIIRS,n,2.0NRT,301.68,13.57,D
7.99797,-64.51767,333.74,0.39,0.44,2026-05-18,1802,N20,VIIRS,n,2.0NRT,300.72,2.95,D
8.01138,-67.82568,334.41,0.41,0.37,2026-05-18,1802,N20,VIIRS,n,2.0NRT,280.43,2.69,D
8.04425,-63.89223,339.54,0.43,0.46,2026-05-18,1802,N20,VIIRS,n,2.0NRT,296.14,6.17,D
8.10776,-66.49583,333.14,0.46,0.39,2026-05-18,1802,N20,VIIRS,n,2.0NRT,302.19,3.48,D
8.10836,-66.49168,338.46,0.46,0.39,2026-05-18,1802,N20,VIIRS,n,2.0NRT,302.21,3.48,D
8.1199,-64.36296,344.03,0.4,0.44,2026-05-18,1802,N20,VIIRS,n,2.0NRT,301.85,6.94,D
8.12397,-64.36353,341.87,0.4,0.44,2026-05-18,1802,N20,VIIRS,n,2.0NRT,300.46,2.32,D
8.13273,-64.50441,334.24,0.39,0.44,2026-05-18,1802,N20,VIIRS,n,2.0NRT,302.46,2.36,D
8.1521,-63.83083,330.7,0.44,0.46,2026-05-18,1802,N20,VIIRS,l,2.0NRT,303.62,3.37,D
8.22599,-64.43414,331.54,0.4,0.44,2026-05-18,1802,N20,VIIRS,l,2.0NRT,303.21,3.02,D
8.23106,-66.81713,330.89,0.44,0.39,2026-05-18,1802,N20,VIIRS,n,2.0NRT,299.29,1.82,D
8.23667,-64.21131,347.35,0.41,0.45,2026-05-18,1802,N20,VIIRS,n,2.0NRT,303.1,7.15,D
8.23771,-64.20392,331.76,0.41,0.45,2026-05-18,1802,N20,VIIRS,l,2.0NRT,303.67,4.05,D
8.24027,-64.2156,342.45,0.41,0.45,2026-05-18,1802,N20,VIIRS,n,2.0NRT,302.92,5.25,D
8.24079,-64.21191,356.03,0.41,0.45,2026-05-18,1802,N20,VIIRS,n,2.0NRT,304.51,7.15,D
8.24131,-64.20821,341.43,0.41,0.45,2026-05-18,1802,N20,VIIRS,n,2.0NRT,303.0,7.15,D
8.26336,-62.43267,332.56,0.54,0.51,2026-05-18,1802,N20,VIIRS,n,2.0NRT,293.2,3.95,D
8.308,-64.29371,334.75,0.41,0.45,2026-05-18,1802,N20,VIIRS,n,2.0NRT,300.74,4.27,D
8.32969,-62.49234,336.02,0.54,0.51,2026-05-18,1802,N20,VIIRS,n,2.0NRT,295.62,4.03,D
8.34561,-68.11588,340.2,0.4,0.37,2026-05-18,1802,N20,VIIRS,n,2.0NRT,289.72,3.78,D
8.34898,-68.11638,335.71,0.4,0.37,2026-05-18,1802,N20,VIIRS,n,2.0NRT,289.62,4.11,D
8.35118,-62.84723,335.62,0.51,0.49,2026-05-18,1802,N20,VIIRS,n,2.0NRT,300.71,3.94,D
8.36419,-62.82047,331.66,0.51,0.49,2026-05-18,1802,N20,VIIRS,n,2.0NRT,296.99,2.55,D
8.36535,-62.81938,330.62,0.51,0.49,2026-05-18,1802,N20,VIIRS,n,2.0NRT,296.92,2.97,D
8.38176,-72.46976,341.11,0.45,0.39,2026-05-18,1802,N20,VIIRS,n,2.0NRT,296.47,11.21,D
8.39026,-63.82407,331.48,0.44,0.46,2026-05-18,1802,N20,VIIRS,n,2.0NRT,299.95,2.39,D
8.40333,-62.7436,347.43,0.52,0.5,2026-05-18,1802,N20,VIIRS,n,2.0NRT,297.93,39.45,D
8.4341,-63.85044,333.04,0.44,0.46,2026-05-18,1802,N20,VIIRS,l,2.0NRT,304.05,4.66,D
8.44907,-63.89723,342.06,0.44,0.46,2026-05-18,1802,N20,VIIRS,n,2.0NRT,297.91,3.95,D
8.46209,-68.15566,337.91,0.4,0.37,2026-05-18,1802,N20,VIIRS,n,2.0NRT,304.87,19.5,D
8.46263,-68.15204,342.82,0.4,0.37,2026-05-18,1802,N20,VIIRS,n,2.0NRT,301.71,9.6,D
8.46759,-64.45862,331.4,0.4,0.44,2026-05-18,1802,N20,VIIRS,n,2.0NRT,300.87,2.24,D
8.46769,-64.45882,331.33,0.4,0.44,2026-05-18,1802,N20,VIIRS,n,2.0NRT,300.83,2.42,D
8.47953,-64.40468,330.77,0.4,0.45,2026-05-18,1802,N20,VIIRS,l,2.0NRT,301.36,6.34,D
8.47983,-64.43084,332.45,0.4,0.44,2026-05-18,1802,N20,VIIRS,n,2.0NRT,301.2,1.69,D
8.48473,-68.70412,347.15,0.39,0.36,2026-05-18,1802,N20,VIIRS,n,2.0NRT,292.95,5.19,D
8.4874,-64.40599,342.72,0.4,0.45,2026-05-18,1802,N20,VIIRS,n,2.0NRT,302.55,4.6,D
8.50031,-68.53256,341.34,0.39,0.36,2026-05-18,1802,N20,VIIRS,n,2.0NRT,300.37,5.14,D
8.5253,-68.52541,336.83,0.39,0.36,2026-05-18,1802,N20,VIIRS,n,2.0NRT,302.01,3.49,D
8.52952,-65.44287,342.43,0.53,0.42,2026-05-18,1802,N20,VIIRS,n,2.0NRT,302.15,3.81,D
8.53058,-64.65794,335.06,0.39,0.44,2026-05-18,1802,N20,VIIRS,n,2.0NRT,301.77,2.13,D
8.53335,-65.44341,340.37,0.53,0.42,2026-05-18,1802,N20,VIIRS,n,2.0NRT,304.51,10.26,D
8.53379,-62.71269,333.28,0.52,0.5,2026-05-18,1802,N20,VIIRS,n,2.0NRT,300.22,5.9,D
8.55214,-62.71522,341.17,0.52,0.5,2026-05-18,1802,N20,VIIRS,n,2.0NRT,301.84,12.3,D
8.55279,-62.71048,347.28,0.52,0.5,2026-05-18,1802,N20,VIIRS,n,2.0NRT,303.17,12.3,D
8.55619,-64.47893,345.33,0.4,0.44,2026-05-18,1802,N20,VIIRS,n,2.0NRT,304.51,6.84,D
8.55922,-64.48673,336.08,0.4,0.44,2026-05-18,1802,N20,VIIRS,n,2.0NRT,302.98,1.86,D
8.56002,-62.72594,353.44,0.52,0.5,2026-05-18,1802,N20,VIIRS,n,2.0NRT,299.82,9.27,D
8.56065,-62.68726,339.09,0.53,0.5,2026-05-18,1802,N20,VIIRS,n,2.0NRT,299.66,4.98,D
8.56067,-62.7212,344.81,0.52,0.5,2026-05-18,1802,N20,VIIRS,n,2.0NRT,297.49,9.27,D
8.56132,-62.71646,354.35,0.52,0.5,2026-05-18,1802,N20,VIIRS,n,2.0NRT,303.09,14.36,D
8.56198,-62.71171,342.43,0.52,0.5,2026-05-18,1802,N20,VIIRS,n,2.0NRT,300.23,14.36,D
8.5646,-62.69263,346.53,0.52,0.5,2026-05-18,1802,N20,VIIRS,n,2.0NRT,302.19,7.62,D
8.56526,-62.72183,337.54,0.52,0.5,2026-05-18,1802,N20,VIIRS,n,2.0NRT,298.87,9.27,D
8.56591,-62.71709,342.05,0.52,0.5,2026-05-18,1802,N20,VIIRS,n,2.0NRT,300.35,14.36,D
8.56591,-62.68312,343.0,0.53,0.5,2026-05-18,1802,N20,VIIRS,n,2.0NRT,301.65,10.72,D
8.5692,-62.69324,335.37,0.52,0.5,2026-05-18,1802,N20,VIIRS,n,2.0NRT,292.59,7.62,D
8.57051,-62.7177,367.0,0.52,0.5,2026-05-18,1802,N20,VIIRS,h,2.0NRT,299.96,16.68,D
8.57182,-62.67422,335.75,0.53,0.5,2026-05-18,1802,N20,VIIRS,n,2.0NRT,300.07,11.09,D
8.58498,-62.68082,355.03,0.53,0.5,2026-05-18,1802,N20,VIIRS,n,2.0NRT,293.99,30.06,D
8.58564,-62.67602,347.29,0.53,0.5,2026-05-18,1802,N20,VIIRS,n,2.0NRT,301.18,30.06,D
8.58959,-62.68142,355.82,0.53,0.5,2026-05-18,1802,N20,VIIRS,n,2.0NRT,304.69,30.06,D
8.59025,-62.67663,350.97,0.53,0.5,2026-05-18,1802,N20,VIIRS,n,2.0NRT,294.32,30.06,D
8.5907,-65.27701,343.8,0.54,0.42,2026-05-18,1802,N20,VIIRS,n,2.0NRT,305.53,8.65,D
8.59158,-64.46259,342.14,0.4,0.44,2026-05-18,1802,N20,VIIRS,n,2.0NRT,301.43,2.05,D
8.59353,-62.68676,348.58,0.53,0.5,2026-05-18,1802,N20,VIIRS,n,2.0NRT,294.8,19.67,D
8.59419,-62.68201,349.34,0.53,0.5,2026-05-18,1802,N20,VIIRS,n,2.0NRT,302.45,38.04,D
8.59486,-62.67722,344.93,0.53,0.5,2026-05-18,1802,N20,VIIRS,n,2.0NRT,289.45,38.04,D
8.59754,-66.04887,330.36,0.49,0.4,2026-05-18,1802,N20,VIIRS,l,2.0NRT,302.59,3.13,D
8.60497,-72.63755,331.8,0.45,0.39,2026-05-18,1802,N20,VIIRS,n,2.0NRT,295.1,3.71,D
8.62791,-66.02141,333.49,0.49,0.4,2026-05-18,1802,N20,VIIRS,n,2.0NRT,299.61,11.11,D
8.6344,-64.51272,333.98,0.4,0.44,2026-05-18,1802,N20,VIIRS,n,2.0NRT,303.43,5.08,D
8.63452,-62.21724,353.56,0.57,0.52,2026-05-18,1802,N20,VIIRS,n,2.0NRT,297.4,24.64,D
8.64585,-68.64612,334.38,0.39,0.36,2026-05-18,1802,N20,VIIRS,n,2.0NRT,301.89,2.81,D
8.64755,-65.09866,335.17,0.55,0.43,2026-05-18,1802,N20,VIIRS,n,2.0NRT,302.22,5.05,D
8.64934,-64.04095,338.35,0.43,0.46,2026-05-18,1802,N20,VIIRS,n,2.0NRT,300.16,3.26,D
8.65353,-64.04156,337.48,0.43,0.46,2026-05-18,1802,N20,VIIRS,n,2.0NRT,298.92,3.26,D
8.6639,-64.92566,333.72,0.57,0.43,2026-05-18,1802,N20,VIIRS,n,2.0NRT,301.1,7.23,D
8.67505,-64.98941,341.21,0.56,0.43,2026-05-18,1802,N20,VIIRS,n,2.0NRT,303.68,8.15,D
8.67623,-64.4523,346.29,0.4,0.44,2026-05-18,1802,N20,VIIRS,n,2.0NRT,302.1,5.18,D
8.67728,-64.44496,334.42,0.4,0.45,2026-05-18,1802,N20,VIIRS,n,2.0NRT,301.64,4.23,D
8.679,-64.98997,335.69,0.56,0.43,2026-05-18,1802,N20,VIIRS,n,2.0NRT,301.84,8.15,D
8.68137,-64.44547,332.95,0.4,0.45,2026-05-18,1802,N20,VIIRS,n,2.0NRT,302.33,4.23,D
8.6848,-63.15146,342.42,0.49,0.49,2026-05-18,1802,N20,VIIRS,n,2.0NRT,301.05,7.82,D
8.68863,-64.7785,337.9,0.39,0.44,2026-05-18,1802,N20,VIIRS,n,2.0NRT,298.29,5.42,D
8.69762,-65.25621,333.89,0.54,0.42,2026-05-18,1802,N20,VIIRS,n,2.0NRT,301.59,8.61,D
8.70483,-73.38863,332.37,0.49,0.4,2026-05-18,1802,N20,VIIRS,n,2.0NRT,297.23,11.3,D
8.71077,-66.04081,332.53,0.49,0.4,2026-05-18,1802,N20,VIIRS,n,2.0NRT,302.17,4.69,D
8.72714,-62.90718,342.16,0.51,0.49,2026-05-18,1802,N20,VIIRS,n,2.0NRT,299.97,9.67,D
8.73613,-65.09441,337.01,0.55,0.43,2026-05-18,1802,N20,VIIRS,n,2.0NRT,298.86,8.08,D
8.73814,-65.46952,340.01,0.53,0.42,2026-05-18,1802,N20,VIIRS,n,2.0NRT,305.64,5.22,D
8.74216,-65.79276,334.1,0.51,0.41,2026-05-18,1802,N20,VIIRS,n,2.0NRT,299.53,2.89,D
8.75142,-65.53936,332.98,0.52,0.42,2026-05-18,1802,N20,VIIRS,l,2.0NRT,302.99,4.34,D
8.75672,-73.2774,337.88,0.48,0.4,2026-05-18,1802,N20,VIIRS,n,2.0NRT,293.73,6.8,D
8.79742,-65.2877,340.27,0.54,0.42,2026-05-18,1802,N20,VIIRS,n,2.0NRT,306.27,9.99,D
8.83778,-65.05461,331.23,0.56,0.43,2026-05-18,1802,N20,VIIRS,l,2.0NRT,302.71,7.17,D
8.86928,-72.77132,334.88,0.46,0.39,2026-05-18,1802,N20,VIIRS,n,2.0NRT,298.46,4.35,D
8.87566,-73.60445,333.42,0.5,0.41,2026-05-18,1802,N20,VIIRS,n,2.0NRT,296.69,6.17,D
8.88347,-62.88893,333.03,0.51,0.5,2026-05-18,1802,N20,VIIRS,n,2.0NRT,299.87,5.3,D
8.88738,-62.89421,330.26,0.51,0.5,2026-05-18,1802,N20,VIIRS,n,2.0NRT,297.25,3.82,D
8.91524,-74.14355,343.35,0.54,0.42,2026-05-18,1802,N20,VIIRS,n,2.0NRT,296.71,19.5,D
8.93071,-64.24174,342.61,0.42,0.45,2026-05-18,1802,N20,VIIRS,n,2.0NRT,305.23,2.63,D
8.93893,-65.33052,339.26,0.54,0.42,2026-05-18,1802,N20,VIIRS,n,2.0NRT,303.41,5.69,D
8.94419,-68.69288,338.04,0.39,0.36,2026-05-18,1802,N20,VIIRS,n,2.0NRT,301.24,5.34,D
8.94928,-64.69455,352.01,0.39,0.44,2026-05-18,1802,N20,VIIRS,n,2.0NRT,302.53,10.57,D
8.9552,-65.3826,339.57,0.54,0.42,2026-05-18,1802,N20,VIIRS,n,2.0NRT,302.7,8.11,D
8.95639,-65.00643,333.66,0.57,0.43,2026-05-18,1802,N20,VIIRS,n,2.0NRT,298.88,5.08,D
8.95805,-65.90397,341.9,0.5,0.41,2026-05-18,1802,N20,VIIRS,n,2.0NRT,306.35,11.33,D
8.97312,-65.39503,337.87,0.54,0.42,2026-05-18,1802,N20,VIIRS,n,2.0NRT,304.31,4.52,D
8.98459,-63.61374,355.48,0.46,0.47,2026-05-18,1802,N20,VIIRS,n,2.0NRT,303.52,21.29,D
8.98777,-63.62268,344.07,0.46,0.47,2026-05-18,1802,N20,VIIRS,n,2.0NRT,301.28,7.08,D
8.98835,-63.61851,341.17,0.46,0.47,2026-05-18,1802,N20,VIIRS,n,2.0NRT,302.29,7.08,D
8.98893,-63.61435,356.44,0.46,0.47,2026-05-18,1802,N20,VIIRS,n,2.0NRT,304.77,21.29,D
9.00095,-73.99817,333.75,0.53,0.42,2026-05-18,1802,N20,VIIRS,n,2.0NRT,294.01,3.93,D
9.04495,-65.31776,346.87,0.54,0.42,2026-05-18,1802,N20,VIIRS,n,2.0NRT,301.63,13.27,D
9.04607,-65.66633,337.91,0.52,0.41,2026-05-18,1802,N20,VIIRS,n,2.0NRT,305.54,7.98,D
9.07384,-65.6301,337.37,0.52,0.42,2026-05-18,1802,N20,VIIRS,l,2.0NRT,307.38,6.46,D
9.0784,-65.48469,340.41,0.53,0.42,2026-05-18,1802,N20,VIIRS,n,2.0NRT,307.29,10.91,D
9.09043,-67.24178,341.49,0.44,0.38,2026-05-18,1802,N20,VIIRS,n,2.0NRT,300.38,79.73,D
9.111,-66.32278,337.35,0.48,0.4,2026-05-18,1802,N20,VIIRS,l,2.0NRT,307.88,4.81,D
9.1297,-65.97715,350.72,0.5,0.41,2026-05-18,1802,N20,VIIRS,n,2.0NRT,299.24,10.83,D
9.13756,-65.61976,344.67,0.52,0.42,2026-05-18,1802,N20,VIIRS,n,2.0NRT,305.51,9.65,D
9.14138,-65.62031,341.56,0.52,0.42,2026-05-18,1802,N20,VIIRS,n,2.0NRT,308.48,13.35,D
9.14844,-66.42522,341.9,0.47,0.4,2026-05-18,1802,N20,VIIRS,n,2.0NRT,306.92,12.06,D
9.14906,-63.23732,343.52,0.49,0.49,2026-05-18,1802,N20,VIIRS,n,2.0NRT,300.77,8.49,D
9.15771,-68.46979,335.71,0.4,0.37,2026-05-18,1802,N20,VIIRS,n,2.0NRT,302.01,4.48,D
9.16107,-68.47028,334.37,0.4,0.37,2026-05-18,1802,N20,VIIRS,n,2.0NRT,297.75,4.48,D
9.17812,-65.10986,341.79,0.56,0.43,2026-05-18,1802,N20,VIIRS,n,2.0NRT,307.31,45.78,D
9.17883,-64.90057,335.28,0.38,0.44,2026-05-18,1802,N20,VIIRS,n,2.0NRT,304.15,2.55,D
9.18523,-64.75697,338.71,0.39,0.44,2026-05-18,1802,N20,VIIRS,n,2.0NRT,297.48,2.79,D
9.18609,-64.7579,338.98,0.39,0.44,2026-05-18,1802,N20,VIIRS,n,2.0NRT,297.29,1.99,D
9.19281,-65.09119,348.38,0.56,0.43,2026-05-18,1802,N20,VIIRS,n,2.0NRT,306.12,32.21,D
9.19625,-64.77377,353.56,0.39,0.44,2026-05-18,1802,N20,VIIRS,n,2.0NRT,303.03,8.68,D
9.19676,-65.09176,344.27,0.56,0.43,2026-05-18,1802,N20,VIIRS,n,2.0NRT,305.98,32.21,D
9.19746,-65.20011,337.43,0.55,0.43,2026-05-18,1802,N20,VIIRS,n,2.0NRT,297.56,4.35,D
9.19821,-64.87835,339.5,0.39,0.44,2026-05-18,1802,N20,VIIRS,n,2.0NRT,303.88,3.55,D
9.20028,-64.77433,351.38,0.39,0.44,2026-05-18,1802,N20,VIIRS,n,2.0NRT,301.44,8.68,D
9.20138,-65.20069,347.69,0.55,0.43,2026-05-18,1802,N20,VIIRS,n,2.0NRT,301.81,24.31,D
9.20221,-64.8789,341.63,0.39,0.44,2026-05-18,1802,N20,VIIRS,n,2.0NRT,303.67,3.55,D
9.20407,-68.34376,349.45,0.4,0.37,2026-05-18,1802,N20,VIIRS,n,2.0NRT,305.58,6.05,D
9.20689,-68.34789,344.33,0.4,0.37,2026-05-18,1802,N20,VIIRS,n,2.0NRT,305.16,6.05,D
9.20744,-68.34426,353.33,0.4,0.37,2026-05-18,1802,N20,VIIRS,n,2.0NRT,304.71,6.05,D
9.20925,-68.34464,342.41,0.4,0.37,2026-05-18,1802,N20,VIIRS,n,2.0NRT,300.76,5.92,D
9.21993,-65.18288,335.2,0.56,0.43,2026-05-18,1802,N20,VIIRS,n,2.0NRT,300.88,4.3,D
9.225,-64.05599,341.59,0.44,0.46,2026-05-18,1802,N20,VIIRS,n,2.0NRT,301.09,6.44,D
9.22964,-64.29836,337.74,0.42,0.45,2026-05-18,1802,N20,VIIRS,n,2.0NRT,301.39,5.15,D
9.24021,-64.86989,339.15,0.39,0.44,2026-05-18,1802,N20,VIIRS,n,2.0NRT,303.15,2.42,D
9.24174,-65.51102,341.75,0.53,0.42,2026-05-18,1802,N20,VIIRS,n,2.0NRT,306.96,9.97,D
9.24621,-66.39461,335.24,0.48,0.4,2026-05-18,1802,N20,VIIRS,n,2.0NRT,305.01,6.88,D
9.24817,-65.21051,342.84,0.55,0.43,2026-05-18,1802,N20,VIIRS,n,2.0NRT,302.08,8.96,D
9.24894,-66.47833,348.03,0.47,0.4,2026-05-18,1802,N20,VIIRS,n,2.0NRT,307.53,11.56,D
9.26081,-64.07706,334.05,0.43,0.46,2026-05-18,1802,N20,VIIRS,n,2.0NRT,298.84,4.2,D
9.26456,-65.97659,340.4,0.5,0.41,2026-05-18,1802,N20,VIIRS,n,2.0NRT,299.24,4.88,D
9.2687,-66.02811,343.51,0.5,0.41,2026-05-18,1802,N20,VIIRS,n,2.0NRT,306.79,7.76,D
9.27113,-65.52506,339.67,0.53,0.42,2026-05-18,1802,N20,VIIRS,n,2.0NRT,305.53,7.17,D
9.29261,-65.03522,337.03,0.57,0.43,2026-05-18,1802,N20,VIIRS,n,2.0NRT,303.97,11.29,D
9.30017,-66.07394,337.04,0.5,0.41,2026-05-18,1802,N20,VIIRS,n,2.0NRT,305.46,10.9,D
9.32959,-62.98331,333.22,0.51,0.5,2026-05-18,1802,N20,VIIRS,n,2.0NRT,298.02,6.83,D
9.33294,-65.4627,336.09,0.54,0.42,2026-05-18,1802,N20,VIIRS,n,2.0NRT,304.34,4.51,D
9.34473,-65.51884,342.27,0.53,0.42,2026-05-18,1802,N20,VIIRS,n,2.0NRT,305.19,6.15,D
9.34831,-73.77852,341.68,0.51,0.41,2026-05-18,1802,N20,VIIRS,n,2.0NRT,300.7,6.57,D
9.37938,-74.7459,349.13,0.38,0.43,2026-05-18,1802,N20,VIIRS,n,2.0NRT,301.06,4.62,D
9.38334,-74.74657,333.69,0.38,0.43,2026-05-18,1802,N20,VIIRS,n,2.0NRT,301.67,12.34,D
9.38391,-74.74312,341.39,0.38,0.43,2026-05-18,1802,N20,VIIRS,n,2.0NRT,300.93,27.13,D
9.38545,-64.54617,343.85,0.41,0.45,2026-05-18,1802,N20,VIIRS,n,2.0NRT,303.66,5.97,D
9.38597,-64.54245,336.1,0.41,0.45,2026-05-18,1802,N20,VIIRS,n,2.0NRT,302.1,4.33,D
9.38635,-63.36569,341.06,0.49,0.48,2026-05-18,1802,N20,VIIRS,n,2.0NRT,299.34,4.83,D
9.39834,-66.32104,346.41,0.48,0.4,2026-05-18,1802,N20,VIIRS,n,2.0NRT,304.67,10.55,D
9.39887,-66.32206,352.12,0.48,0.4,2026-05-18,1802,N20,VIIRS,n,2.0NRT,305.33,11.17,D
9.40818,-65.32258,337.0,0.55,0.43,2026-05-18,1802,N20,VIIRS,n,2.0NRT,306.03,5.87,D
9.41842,-67.29679,335.12,0.44,0.38,2026-05-18,1802,N20,VIIRS,l,2.0NRT,305.77,6.05,D
9.42543,-66.82852,333.06,0.46,0.39,2026-05-18,1802,N20,VIIRS,n,2.0NRT,295.77,5.68,D
9.43049,-63.84196,335.96,0.45,0.47,2026-05-18,1802,N20,VIIRS,n,2.0NRT,301.78,7.64,D
9.43561,-65.07354,333.15,0.57,0.43,2026-05-18,1802,N20,VIIRS,l,2.0NRT,303.51,6.52,D
9.44364,-65.01685,336.22,0.57,0.43,2026-05-18,1802,N20,VIIRS,n,2.0NRT,304.09,6.5,D
9.45113,-70.91581,329.62,0.39,0.36,2026-05-18,1802,N20,VIIRS,n,2.0NRT,294.89,1.31,D
9.45757,-68.68887,331.11,0.39,0.37,2026-05-18,1802,N20,VIIRS,n,2.0NRT,300.35,2.42,D
9.46934,-73.82095,335.15,0.51,0.41,2026-05-18,1802,N20,VIIRS,n,2.0NRT,301.41,4.55,D
9.47287,-74.78733,331.16,0.38,0.44,2026-05-18,1802,N20,VIIRS,n,2.0NRT,297.37,1.5,D
9.47618,-65.12337,330.86,0.56,0.43,2026-05-18,1802,N20,VIIRS,l,2.0NRT,302.53,29.67,D
9.47689,-65.11827,344.27,0.57,0.43,2026-05-18,1802,N20,VIIRS,n,2.0NRT,310.78,29.67,D
9.47911,-63.21817,340.56,0.5,0.49,2026-05-18,1802,N20,VIIRS,n,2.0NRT,300.99,5.68,D
9.48361,-63.21875,337.92,0.5,0.49,2026-05-18,1802,N20,VIIRS,n,2.0NRT,300.01,5.68,D
9.48914,-64.99963,344.92,0.38,0.43,2026-05-18,1802,N20,VIIRS,n,2.0NRT,303.68,4.12,D
9.50936,-64.43069,336.65,0.42,0.45,2026-05-18,1802,N20,VIIRS,n,2.0NRT,302.23,5.5,D
9.50989,-64.42691,342.82,0.42,0.45,2026-05-18,1802,N20,VIIRS,n,2.0NRT,302.36,5.5,D
9.51181,-65.24233,348.06,0.56,0.43,2026-05-18,1802,N20,VIIRS,n,2.0NRT,306.38,21.7,D
9.52693,-70.646,331.8,0.39,0.36,2026-05-18,1802,N20,VIIRS,n,2.0NRT,300.57,4.58,D
9.52747,-70.64251,329.49,0.39,0.36,2026-05-18,1802,N20,VIIRS,n,2.0NRT,299.15,3.16,D
9.52846,-73.8355,339.31,0.51,0.41,2026-05-18,1802,N20,VIIRS,n,2.0NRT,300.35,1.94,D
9.53084,-65.13622,335.02,0.56,0.43,2026-05-18,1802,N20,VIIRS,n,2.0NRT,302.62,4.54,D
9.53221,-73.83614,367.0,0.51,0.41,2026-05-18,1802,N20,VIIRS,h,2.0NRT,305.84,17.67,D
9.53433,-65.22485,337.28,0.56,0.43,2026-05-18,1802,N20,VIIRS,n,2.0NRT,304.53,6.03,D
9.53826,-65.22541,339.14,0.56,0.43,2026-05-18,1802,N20,VIIRS,n,2.0NRT,303.31,6.27,D
9.55743,-65.11134,336.83,0.57,0.43,2026-05-18,1802,N20,VIIRS,n,2.0NRT,302.3,5.19,D
9.55823,-65.11388,337.7,0.57,0.43,2026-05-18,1802,N20,VIIRS,n,2.0NRT,303.63,6.53,D
9.56083,-66.93593,342.06,0.45,0.39,2026-05-18,1802,N20,VIIRS,n,2.0NRT,306.35,6.5,D
9.56271,-65.27828,335.08,0.55,0.43,2026-05-18,1802,N20,VIIRS,l,2.0NRT,306.49,2.84,D
9.56535,-69.19131,336.64,0.39,0.36,2026-05-18,1802,N20,VIIRS,n,2.0NRT,300.35,3.54,D
9.56702,-64.70283,336.19,0.4,0.44,2026-05-18,1802,N20,VIIRS,n,2.0NRT,304.11,2.57,D
9.58237,-64.82925,342.57,0.39,0.44,2026-05-18,1802,N20,VIIRS,n,2.0NRT,305.72,6.78,D
9.58288,-64.82569,342.63,0.39,0.44,2026-05-18,1802,N20,VIIRS,n,2.0NRT,302.41,6.78,D
9.58491,-73.9421,334.08,0.51,0.41,2026-05-18,1802,N20,VIIRS,n,2.0NRT,300.81,3.43,D
9.58641,-64.8298,338.5,0.39,0.44,2026-05-18,1802,N20,VIIRS,n,2.0NRT,307.21,39.57,D
9.58691,-64.82626,341.11,0.39,0.44,2026-05-18,1802,N20,VIIRS,n,2.0NRT,310.31,39.57,D
9.6031,-64.7702,337.26,0.4,0.44,2026-05-18,1802,N20,VIIRS,n,2.0NRT,302.1,9.86,D
9.61369,-65.17135,335.55,0.56,0.43,2026-05-18,1802,N20,VIIRS,n,2.0NRT,301.29,5.2,D
9.61606,-63.72226,333.89,0.46,0.47,2026-05-18,1802,N20,VIIRS,l,2.0NRT,304.55,88.68,D
9.61973,-64.89319,346.65,0.39,0.44,2026-05-18,1802,N20,VIIRS,n,2.0NRT,301.27,8.5,D
9.61982,-63.72711,311.73,0.46,0.47,2026-05-18,1802,N20,VIIRS,l,2.0NRT,314.19,65.73,D
9.62025,-63.62701,332.23,0.47,0.48,2026-05-18,1802,N20,VIIRS,n,2.0NRT,301.97,2.54,D
9.62192,-65.8534,340.39,0.51,0.41,2026-05-18,1802,N20,VIIRS,n,2.0NRT,306.03,10.68,D
9.62464,-63.62754,330.74,0.47,0.48,2026-05-18,1802,N20,VIIRS,n,2.0NRT,298.69,2.54,D
9.62982,-63.04009,344.85,0.51,0.5,2026-05-18,1802,N20,VIIRS,n,2.0NRT,300.7,17.32,D
9.63062,-63.0389,342.0,0.52,0.5,2026-05-18,1802,N20,VIIRS,n,2.0NRT,302.35,27.76,D
9.637,-65.20582,339.51,0.56,0.43,2026-05-18,1802,N20,VIIRS,n,2.0NRT,307.38,9.85,D
9.64229,-63.56415,333.16,0.48,0.48,2026-05-18,1802,N20,VIIRS,n,2.0NRT,300.69,25.66,D
9.64288,-63.55983,343.71,0.48,0.48,2026-05-18,1802,N20,VIIRS,n,2.0NRT,302.96,25.95,D
9.64348,-63.55551,338.02,0.48,0.48,2026-05-18,1802,N20,VIIRS,n,2.0NRT,299.96,25.95,D
9.64549,-63.57345,339.0,0.47,0.48,2026-05-18,1802,N20,VIIRS,n,2.0NRT,297.34,6.62,D
9.64608,-63.56914,348.21,0.47,0.48,2026-05-18,1802,N20,VIIRS,n,2.0NRT,296.36,24.06,D
9.64712,-63.62627,354.59,0.47,0.48,2026-05-18,1802,N20,VIIRS,n,2.0NRT,301.82,195.68,D
9.65086,-63.53447,353.63,0.48,0.48,2026-05-18,1802,N20,VIIRS,n,2.0NRT,303.39,17.2,D
9.65208,-63.62265,346.86,0.47,0.48,2026-05-18,1802,N20,VIIRS,n,2.0NRT,297.65,15.91,D
9.65772,-63.98087,333.49,0.45,0.47,2026-05-18,1802,N20,VIIRS,n,2.0NRT,302.87,2.58,D
9.65828,-63.97678,331.4,0.45,0.47,2026-05-18,1802,N20,VIIRS,n,2.0NRT,301.02,2.58,D
9.66114,-63.45993,336.71,0.48,0.48,2026-05-18,1802,N20,VIIRS,n,2.0NRT,299.51,7.53,D
9.66189,-64.6153,346.23,0.41,0.45,2026-05-18,1802,N20,VIIRS,n,2.0NRT,300.14,7.43,D
9.66314,-65.07864,338.03,0.57,0.43,2026-05-18,1802,N20,VIIRS,n,2.0NRT,307.05,7.19,D
9.67669,-63.47427,340.15,0.48,0.48,2026-05-18,1802,N20,VIIRS,n,2.0NRT,297.28,3.65,D
9.6776,-63.47136,341.14,0.48,0.48,2026-05-18,1802,N20,VIIRS,n,2.0NRT,295.75,4.78,D
9.69027,-65.53642,334.21,0.54,0.42,2026-05-18,1802,N20,VIIRS,n,2.0NRT,298.86,3.71,D
9.69413,-65.53696,337.26,0.54,0.42,2026-05-18,1802,N20,VIIRS,n,2.0NRT,301.98,7.68,D
9.71651,-67.43339,349.65,0.43,0.38,2026-05-18,1802,N20,VIIRS,n,2.0NRT,306.55,18.12,D
9.72333,-64.65369,338.24,0.4,0.45,2026-05-18,1802,N20,VIIRS,n,2.0NRT,305.92,3.84,D
9.72845,-63.45831,347.81,0.48,0.48,2026-05-18,1802,N20,VIIRS,n,2.0NRT,298.35,12.47,D
9.73066,-66.22259,346.03,0.49,0.4,2026-05-18,1802,N20,VIIRS,n,2.0NRT,306.94,7.95,D
9.73306,-66.22135,347.18,0.49,0.41,2026-05-18,1802,N20,VIIRS,n,2.0NRT,307.21,17.4,D
9.73437,-66.22311,348.56,0.49,0.4,2026-05-18,1802,N20,VIIRS,n,2.0NRT,306.58,11.58,D
9.73613,-63.46839,342.42,0.48,0.48,2026-05-18,1802,N20,VIIRS,n,2.0NRT,298.79,4.33,D
9.74212,-65.11282,336.92,0.57,0.43,2026-05-18,1802,N20,VIIRS,n,2.0NRT,306.18,66.64,D
9.75331,-65.11962,337.7,0.57,0.43,2026-05-18,1802,N20,VIIRS,n,2.0NRT,304.79,8.62,D
9.76515,-64.55721,337.83,0.41,0.45,2026-05-18,1802,N20,VIIRS,n,2.0NRT,304.14,3.64,D
9.77235,-63.26786,340.0,0.5,0.49,2026-05-18,1802,N20,VIIRS,n,2.0NRT,295.09,3.94,D
9.77297,-63.26332,331.03,0.5,0.49,2026-05-18,1802,N20,VIIRS,n,2.0NRT,296.03,3.94,D
9.77317,-64.74278,336.32,0.4,0.44,2026-05-18,1802,N20,VIIRS,n,2.0NRT,305.1,2.7,D
9.78317,-70.92212,331.7,0.39,0.36,2026-05-18,1802,N20,VIIRS,l,2.0NRT,302.37,2.67,D
9.79605,-65.06301,332.94,0.38,0.43,2026-05-18,1802,N20,VIIRS,n,2.0NRT,295.3,4.22,D
9.811,-71.02515,330.94,0.39,0.36,2026-05-18,1802,N20,VIIRS,l,2.0NRT,301.66,0.83,D
9.81544,-71.04041,336.33,0.39,0.36,2026-05-18,1802,N20,VIIRS,n,2.0NRT,300.44,5.57,D
9.83043,-71.03186,334.87,0.39,0.36,2026-05-18,1802,N20,VIIRS,n,2.0NRT,303.44,3.7,D
9.86163,-64.22377,333.35,0.43,0.46,2026-05-18,1802,N20,VIIRS,n,2.0NRT,301.06,2.97,D
9.88797,-65.18109,334.54,0.57,0.43,2026-05-18,1802,N20,VIIRS,n,2.0NRT,300.48,6.99,D
9.88926,-65.17896,337.55,0.57,0.43,2026-05-18,1802,N20,VIIRS,n,2.0NRT,302.16,6.56,D
9.90423,-64.90206,331.79,0.39,0.44,2026-05-18,1802,N20,VIIRS,n,2.0NRT,300.43,2.17,D
9.90838,-63.65417,338.48,0.47,0.48,2026-05-18,1802,N20,VIIRS,n,2.0NRT,302.29,8.7,D
9.92388,-63.70461,338.01,0.47,0.48,2026-05-18,1802,N20,VIIRS,n,2.0NRT,304.13,8.96,D
9.92446,-63.70034,344.26,0.47,0.48,2026-05-18,1802,N20,VIIRS,n,2.0NRT,307.27,20.54,D
9.92504,-63.69606,344.88,0.47,0.48,2026-05-18,1802,N20,VIIRS,n,2.0NRT,306.33,20.54,D
9.92941,-63.6967,343.22,0.47,0.48,2026-05-18,1802,N20,VIIRS,n,2.0NRT,301.99,20.54,D
9.93396,-63.95234,336.86,0.45,0.47,2026-05-18,1802,N20,VIIRS,n,2.0NRT,300.89,4.86,D
9.94408,-65.58841,332.69,0.54,0.42,2026-05-18,1802,N20,VIIRS,n,2.0NRT,299.0,5.76,D
9.94473,-65.58361,343.58,0.54,0.42,2026-05-18,1802,N20,VIIRS,n,2.0NRT,301.24,5.76,D
9.95881,-64.23792,340.57,0.43,0.46,2026-05-18,1802,N20,VIIRS,n,2.0NRT,299.22,7.04,D
9.96799,-74.39737,336.88,0.54,0.42,2026-05-18,1802,N20,VIIRS,n,2.0NRT,299.47,4.69,D
10.00586,-65.13705,332.98,0.57,0.43,2026-05-18,1802,N20,VIIRS,n,2.0NRT,297.43,6.12,D
10.01109,-63.12692,333.0,0.51,0.5,2026-05-18,1802,N20,VIIRS,n,2.0NRT,294.8,3.88,D
10.03068,-65.5341,336.6,0.54,0.42,2026-05-18,1802,N20,VIIRS,n,2.0NRT,298.0,7.3,D
10.05261,-64.85353,332.99,0.4,0.44,2026-05-18,1802,N20,VIIRS,n,2.0NRT,301.2,2.61,D
10.05327,-65.54222,334.23,0.54,0.42,2026-05-18,1802,N20,VIIRS,n,2.0NRT,297.8,5.67,D
10.05468,-64.86868,367.0,0.4,0.44,2026-05-18,1802,N20,VIIRS,h,2.0NRT,305.36,7.07,D
10.05518,-64.865,335.07,0.4,0.44,2026-05-18,1802,N20,VIIRS,n,2.0NRT,300.87,7.07,D
10.05567,-64.86137,343.55,0.4,0.44,2026-05-18,1802,N20,VIIRS,n,2.0NRT,301.24,7.46,D
10.0568,-64.88342,342.75,0.4,0.44,2026-05-18,1802,N20,VIIRS,n,2.0NRT,299.95,3.05,D
10.06604,-66.69109,335.41,0.47,0.4,2026-05-18,1802,N20,VIIRS,n,2.0NRT,301.64,5.25,D
10.06885,-64.57805,332.33,0.41,0.45,2026-05-18,1802,N20,VIIRS,n,2.0NRT,300.03,3.44,D
10.07372,-61.88694,331.15,0.63,0.54,2026-05-18,1802,N20,VIIRS,n,2.0NRT,294.87,5.66,D
10.07557,-64.89691,331.54,0.4,0.44,2026-05-18,1802,N20,VIIRS,l,2.0NRT,302.36,5.03,D
10.07607,-64.8933,344.58,0.4,0.44,2026-05-18,1802,N20,VIIRS,n,2.0NRT,303.46,4.25,D
10.07657,-64.88969,334.15,0.4,0.44,2026-05-18,1802,N20,VIIRS,n,2.0NRT,299.2,4.25,D
10.07699,-64.85659,345.16,0.4,0.44,2026-05-18,1802,N20,VIIRS,n,2.0NRT,298.45,4.15,D
10.08249,-64.53911,346.34,0.42,0.45,2026-05-18,1802,N20,VIIRS,n,2.0NRT,299.63,8.89,D
10.13865,-63.80688,333.89,0.47,0.47,2026-05-18,1802,N20,VIIRS,n,2.0NRT,298.62,2.94,D
10.14781,-65.95806,334.76,0.52,0.41,2026-05-18,1802,N20,VIIRS,n,2.0NRT,299.45,3.85,D
10.1556,-65.81945,334.59,0.52,0.42,2026-05-18,1802,N20,VIIRS,n,2.0NRT,300.01,4.86,D
10.16962,-65.63404,336.62,0.54,0.42,2026-05-18,1802,N20,VIIRS,n,2.0NRT,301.07,9.56,D
10.1822,-67.21075,334.67,0.45,0.39,2026-05-18,1802,N20,VIIRS,n,2.0NRT,289.88,8.42,D
10.18763,-66.30846,339.32,0.49,0.41,2026-05-18,1802,N20,VIIRS,n,2.0NRT,300.29,8.86,D
10.20952,-63.84915,333.48,0.46,0.47,2026-05-18,1802,N20,VIIRS,n,2.0NRT,300.83,2.87,D
10.2101,-64.61169,342.14,0.41,0.45,2026-05-18,1802,N20,VIIRS,n,2.0NRT,300.93,5.48,D
10.28553,-63.55109,330.21,0.49,0.48,2026-05-18,1802,N20,VIIRS,n,2.0NRT,299.24,2.23,D
10.28786,-66.68065,330.71,0.47,0.4,2026-05-18,1802,N20,VIIRS,l,2.0NRT,303.2,3.36,D
10.30176,-64.19026,339.4,0.44,0.46,2026-05-18,1802,N20,VIIRS,n,2.0NRT,296.35,5.69,D
10.30599,-64.19101,345.56,0.44,0.46,2026-05-18,1802,N20,VIIRS,n,2.0NRT,297.36,4.79,D
10.30648,-64.18742,334.65,0.44,0.46,2026-05-18,1802,N20,VIIRS,n,2.0NRT,296.37,4.79,D
10.31152,-67.14114,332.95,0.45,0.39,2026-05-18,1802,N20,VIIRS,n,2.0NRT,296.74,4.28,D
10.31167,-64.30602,332.96,0.43,0.46,2026-05-18,1802,N20,VIIRS,n,2.0NRT,298.55,7.58,D
10.31172,-63.55804,339.88,0.49,0.48,2026-05-18,1802,N20,VIIRS,n,2.0NRT,297.39,4.02,D
10.31226,-64.30185,348.97,0.43,0.46,2026-05-18,1802,N20,VIIRS,n,2.0NRT,298.35,7.58,D
10.3321,-63.10285,334.05,0.52,0.5,2026-05-18,1802,N20,VIIRS,n,2.0NRT,292.54,5.14,D
10.3763,-66.06293,335.94,0.51,0.41,2026-05-18,1802,N20,VIIRS,n,2.0NRT,300.73,6.38,D
10.38089,-63.91335,343.27,0.46,0.47,2026-05-18,1802,N20,VIIRS,n,2.0NRT,298.97,5.4,D
10.38385,-63.91281,338.21,0.46,0.47,2026-05-18,1802,N20,VIIRS,n,2.0NRT,299.33,7.49,D
10.38826,-61.40039,340.89,0.34,0.56,2026-05-18,1802,N20,VIIRS,n,2.0NRT,296.18,3.17,D
10.39023,-61.4016,337.33,0.34,0.56,2026-05-18,1802,N20,VIIRS,n,2.0NRT,295.85,1.64,D
10.40845,-66.24908,343.87,0.5,0.41,2026-05-18,1802,N20,VIIRS,n,2.0NRT,300.5,10.28,D
10.41028,-63.42536,335.57,0.5,0.49,2026-05-18,1802,N20,VIIRS,n,2.0NRT,299.85,4.39,D
10.42855,-63.65232,341.26,0.48,0.48,2026-05-18,1802,N20,VIIRS,n,2.0NRT,302.34,4.42,D
10.46774,-63.62867,334.13,0.48,0.48,2026-05-18,1802,N20,VIIRS,n,2.0NRT,302.43,4.88,D
10.47051,-63.64168,353.43,0.48,0.48,2026-05-18,1802,N20,VIIRS,n,2.0NRT,304.22,9.87,D
10.49015,-63.35731,342.58,0.5,0.49,2026-05-18,1802,N20,VIIRS,n,2.0NRT,299.65,8.2,D
10.51025,-68.58588,334.56,0.4,0.37,2026-05-18,1802,N20,VIIRS,n,2.0NRT,291.99,2.78,D
10.52186,-63.62383,334.03,0.48,0.48,2026-05-18,1802,N20,VIIRS,n,2.0NRT,302.43,2.97,D
10.52244,-63.61937,337.22,0.49,0.48,2026-05-18,1802,N20,VIIRS,n,2.0NRT,302.02,2.97,D
10.52299,-63.62089,349.06,0.48,0.48,2026-05-18,1802,N20,VIIRS,n,2.0NRT,303.06,5.84,D
10.5232,-68.49776,352.32,0.4,0.37,2026-05-18,1802,N20,VIIRS,n,2.0NRT,288.36,13.24,D
10.55084,-68.61442,335.29,0.4,0.37,2026-05-18,1802,N20,VIIRS,n,2.0NRT,298.97,7.29,D
10.55137,-68.61081,333.27,0.4,0.37,2026-05-18,1802,N20,VIIRS,n,2.0NRT,295.2,7.29,D
10.55816,-68.72699,335.04,0.4,0.37,2026-05-18,1802,N20,VIIRS,n,2.0NRT,297.03,2.87,D
10.57588,-63.65906,333.73,0.48,0.48,2026-05-18,1802,N20,VIIRS,n,2.0NRT,299.88,5.78,D
10.57645,-63.65479,334.11,0.48,0.48,2026-05-18,1802,N20,VIIRS,n,2.0NRT,299.83,5.78,D
10.58031,-63.65968,338.51,0.48,0.48,2026-05-18,1802,N20,VIIRS,n,2.0NRT,298.48,5.78,D
10.58088,-63.65538,340.33,0.48,0.48,2026-05-18,1802,N20,VIIRS,n,2.0NRT,298.9,5.78,D
10.59606,-61.36779,330.37,0.35,0.56,2026-05-18,1802,N20,VIIRS,n,2.0NRT,291.37,2.57,D
10.60726,-63.52658,342.59,0.49,0.49,2026-05-18,1802,N20,VIIRS,n,2.0NRT,302.59,11.47,D
10.6448,-68.89572,349.61,0.4,0.37,2026-05-18,1802,N20,VIIRS,n,2.0NRT,305.81,5.71,D
10.64534,-68.89212,342.93,0.4,0.37,2026-05-18,1802,N20,VIIRS,n,2.0NRT,301.55,5.71,D
10.64724,-68.89623,339.49,0.4,0.37,2026-05-18,1802,N20,VIIRS,n,2.0NRT,301.89,3.17,D
10.66384,-61.38626,328.43,0.35,0.56,2026-05-18,1802,N20,VIIRS,n,2.0NRT,296.3,2.84,D
10.6771,-68.40041,331.36,0.41,0.37,2026-05-18,1802,N20,VIIRS,n,2.0NRT,294.56,4.17,D
10.6779,-74.72931,335.22,0.55,0.43,2026-05-18,1802,N20,VIIRS,n,2.0NRT,299.47,4.05,D
10.69106,-62.86334,339.81,0.55,0.51,2026-05-18,1802,N20,VIIRS,n,2.0NRT,296.58,10.47,D
10.71525,-69.19301,332.59,0.39,0.36,2026-05-18,1802,N20,VIIRS,n,2.0NRT,301.11,2.86,D
10.74754,-68.68195,332.14,0.4,0.37,2026-05-18,1802,N20,VIIRS,n,2.0NRT,293.56,3.76,D
10.7871,-69.0765,343.04,0.39,0.36,2026-05-18,1802,N20,VIIRS,n,2.0NRT,302.59,6.84,D
10.79748,-69.14394,334.16,0.39,0.36,2026-05-18,1802,N20,VIIRS,n,2.0NRT,295.84,6.93,D
10.81767,-69.10002,331.79,0.39,0.36,2026-05-18,1802,N20,VIIRS,n,2.0NRT,299.18,2.4,D
10.82563,-69.02415,345.31,0.39,0.37,2026-05-18,1802,N20,VIIRS,n,2.0NRT,293.11,7.86,D
10.83042,-68.99204,330.78,0.4,0.37,2026-05-18,1802,N20,VIIRS,n,2.0NRT,300.32,2.34,D
10.91869,-69.06007,334.99,0.39,0.36,2026-05-18,1802,N20,VIIRS,n,2.0NRT,304.78,5.99,D
10.91922,-69.05651,330.46,0.39,0.36,2026-05-18,1802,N20,VIIRS,l,2.0NRT,300.7,4.18,D
11.0271,-69.33247,334.58,0.39,0.36,2026-05-18,1802,N20,VIIRS,n,2.0NRT,300.81,3.53,D
11.03275,-69.27155,342.97,0.39,0.36,2026-05-18,1802,N20,VIIRS,n,2.0NRT,305.89,3.39,D
11.05976,-71.96392,345.94,0.41,0.37,2026-05-18,1802,N20,VIIRS,l,2.0NRT,303.11,20.57,D
11.074,-69.06208,335.49,0.39,0.37,2026-05-18,1802,N20,VIIRS,n,2.0NRT,303.19,2.1,D
11.12117,-68.62321,332.12,0.4,0.37,2026-05-18,1802,N20,VIIRS,n,2.0NRT,299.0,3.97,D
11.13645,-68.63696,337.6,0.4,0.37,2026-05-18,1802,N20,VIIRS,n,2.0NRT,298.15,7.32,D
11.13982,-68.63756,341.55,0.4,0.37,2026-05-18,1802,N20,VIIRS,n,2.0NRT,298.27,3.73,D
11.15766,-68.7042,337.34,0.4,0.37,2026-05-18,1802,N20,VIIRS,n,2.0NRT,302.1,3.78,D
11.16336,-68.71235,335.49,0.4,0.37,2026-05-18,1802,N20,VIIRS,n,2.0NRT,304.81,4.62,D
11.1671,-68.68698,333.61,0.4,0.37,2026-05-18,1802,N20,VIIRS,n,2.0NRT,302.27,3.55,D
11.16835,-68.70188,333.59,0.4,0.37,2026-05-18,1802,N20,VIIRS,l,2.0NRT,304.06,2.19,D
11.22515,-68.91205,334.77,0.4,0.37,2026-05-18,1802,N20,VIIRS,l,2.0NRT,304.9,2.72,D
11.22982,-69.63362,330.05,0.39,0.36,2026-05-18,1802,N20,VIIRS,n,2.0NRT,300.49,1.94,D
11.2586,-68.70817,334.21,0.4,0.37,2026-05-18,1802,N20,VIIRS,n,2.0NRT,299.92,2.39,D
11.27149,-74.03659,334.74,0.49,0.41,2026-05-18,1802,N20,VIIRS,n,2.0NRT,295.37,4.23,D
11.37973,-69.78604,347.78,0.39,0.36,2026-05-18,1802,N20,VIIRS,n,2.0NRT,307.38,4.63,D
11.62814,-70.23123,339.75,0.38,0.36,2026-05-18,1802,N20,VIIRS,n,2.0NRT,308.66,16.79,D
11.63091,-70.23524,337.66,0.38,0.36,2026-05-18,1802,N20,VIIRS,l,2.0NRT,308.13,34.63,D
11.73667,-70.23156,336.54,0.38,0.36,2026-05-18,1802,N20,VIIRS,n,2.0NRT,306.1,3.65,D
-39.17801,-72.60878,339.19,0.61,0.53,2026-05-18,1928,N20,VIIRS,n,2.0NRT,288.6,5.68,D
-39.17376,-72.60859,341.71,0.61,0.53,2026-05-18,1928,N20,VIIRS,n,2.0NRT,290.0,8.42,D
-38.88475,-73.1317,327.46,0.58,0.52,2026-05-18,1928,N20,VIIRS,n,2.0NRT,286.61,5.56,D
-38.88317,-73.12534,337.37,0.58,0.52,2026-05-18,1928,N20,VIIRS,n,2.0NRT,286.76,9.27,D
-38.8826,-73.13609,327.85,0.58,0.52,2026-05-18,1928,N20,VIIRS,n,2.0NRT,288.45,8.89,D
-38.88159,-73.13967,331.35,0.58,0.52,2026-05-18,1928,N20,VIIRS,n,2.0NRT,289.4,5.56,D
-38.88104,-73.12971,367.0,0.58,0.52,2026-05-18,1928,N20,VIIRS,h,2.0NRT,291.5,8.89,D
-38.88,-73.13334,341.28,0.58,0.52,2026-05-18,1928,N20,VIIRS,n,2.0NRT,289.44,5.56,D
-38.87784,-73.13772,328.34,0.58,0.52,2026-05-18,1928,N20,VIIRS,n,2.0NRT,287.06,3.82,D
-38.87769,-72.32469,353.16,0.32,0.54,2026-05-18,1928,N20,VIIRS,n,2.0NRT,290.95,3.43,D
-38.87275,-72.32645,338.32,0.32,0.54,2026-05-18,1928,N20,VIIRS,n,2.0NRT,288.38,3.43,D
-38.61647,-72.21965,329.66,0.33,0.55,2026-05-18,1928,N20,VIIRS,n,2.0NRT,290.63,1.95,D
-38.5144,-73.29372,329.12,0.58,0.52,2026-05-18,1928,N20,VIIRS,n,2.0NRT,288.59,4.87,D
-38.49913,-68.31691,336.74,0.52,0.67,2026-05-18,1928,N20,VIIRS,n,2.0NRT,292.54,3.49,D
-38.41219,-72.50732,338.71,0.32,0.55,2026-05-18,1928,N20,VIIRS,n,2.0NRT,290.4,2.05,D
-38.40145,-72.18171,325.68,0.33,0.56,2026-05-18,1928,N20,VIIRS,n,2.0NRT,288.96,2.21,D
-38.40049,-72.17805,330.72,0.33,0.56,2026-05-18,1928,N20,VIIRS,n,2.0NRT,289.17,2.59,D
-38.3991,-72.17966,329.8,0.33,0.56,2026-05-18,1928,N20,VIIRS,n,2.0NRT,289.6,2.59,D
-38.38993,-72.58427,325.95,0.32,0.54,2026-05-18,1928,N20,VIIRS,n,2.0NRT,290.93,1.11,D
-38.36359,-72.06271,344.03,0.34,0.56,2026-05-18,1928,N20,VIIRS,n,2.0NRT,289.91,2.91,D
-38.32124,-72.96655,342.58,0.61,0.53,2026-05-18,1928,N20,VIIRS,n,2.0NRT,293.85,24.54,D
-38.31953,-72.95975,328.74,0.61,0.54,2026-05-18,1928,N20,VIIRS,n,2.0NRT,286.9,24.54,D
-38.31521,-73.08892,333.21,0.6,0.53,2026-05-18,1928,N20,VIIRS,n,2.0NRT,290.22,3.85,D
-38.29669,-72.69967,338.43,0.63,0.54,2026-05-18,1928,N20,VIIRS,n,2.0NRT,290.45,5.53,D
-38.28765,-72.06908,367.0,0.34,0.56,2026-05-18,1928,N20,VIIRS,h,2.0NRT,294.88,14.29,D
-38.28668,-72.06535,352.68,0.34,0.56,2026-05-18,1928,N20,VIIRS,n,2.0NRT,299.24,14.29,D
-38.28571,-72.06165,340.95,0.34,0.56,2026-05-18,1928,N20,VIIRS,n,2.0NRT,290.8,10.33,D
-38.22226,-72.80679,327.15,0.63,0.54,2026-05-18,1928,N20,VIIRS,n,2.0NRT,290.09,3.87,D
-38.20062,-72.74068,325.8,0.63,0.54,2026-05-18,1928,N20,VIIRS,n,2.0NRT,288.04,6.2,D
-38.19947,-72.73891,333.15,0.63,0.54,2026-05-18,1928,N20,VIIRS,n,2.0NRT,288.35,2.48,D
-38.04504,-71.99819,326.81,0.35,0.57,2026-05-18,1928,N20,VIIRS,n,2.0NRT,296.82,4.89,D
-38.04401,-71.9943,367.0,0.35,0.57,2026-05-18,1928,N20,VIIRS,h,2.0NRT,298.92,7.86,D
-37.95181,-72.07005,325.46,0.35,0.56,2026-05-18,1928,N20,VIIRS,n,2.0NRT,290.9,1.78,D
-37.93472,-73.1006,332.42,0.62,0.54,2026-05-18,1928,N20,VIIRS,n,2.0NRT,288.75,5.05,D
-37.90622,-72.30226,347.65,0.34,0.56,2026-05-18,1928,N20,VIIRS,n,2.0NRT,288.45,6.2,D
-37.82196,-72.12991,367.0,0.35,0.56,2026-05-18,1928,N20,VIIRS,h,2.0NRT,294.29,6.03,D
-37.81686,-72.13178,341.79,0.35,0.56,2026-05-18,1928,N20,VIIRS,n,2.0NRT,293.21,6.03,D
-37.71656,-69.12896,352.06,0.5,0.66,2026-05-18,1928,N20,VIIRS,n,2.0NRT,290.85,6.37,D
-37.70324,-71.82576,336.69,0.36,0.58,2026-05-18,1928,N20,VIIRS,n,2.0NRT,307.82,29.31,D
-37.70224,-71.82195,367.0,0.36,0.58,2026-05-18,1928,N20,VIIRS,h,2.0NRT,295.03,22.52,D
-37.68522,-72.37673,333.68,0.34,0.56,2026-05-18,1928,N20,VIIRS,n,2.0NRT,290.86,2.39,D
-37.6841,-72.37682,331.89,0.34,0.56,2026-05-18,1928,N20,VIIRS,n,2.0NRT,290.82,1.95,D
-37.68038,-72.12238,355.86,0.35,0.57,2026-05-18,1928,N20,VIIRS,n,2.0NRT,295.69,5.42,D
-37.61238,-71.92693,343.52,0.36,0.57,2026-05-18,1928,N20,VIIRS,n,2.0NRT,305.86,28.58,D
-37.61135,-71.92301,346.67,0.36,0.57,2026-05-18,1928,N20,VIIRS,n,2.0NRT,291.35,18.29,D
-37.57557,-72.21444,351.87,0.35,0.57,2026-05-18,1928,N20,VIIRS,n,2.0NRT,290.45,5.91,D
-37.52192,-72.11666,330.64,0.35,0.57,2026-05-18,1930,N20,VIIRS,n,2.0NRT,292.58,2.45,D
-37.50967,-72.07008,367.0,0.36,0.57,2026-05-18,1930,N20,VIIRS,h,2.0NRT,292.89,6.34,D
-37.45049,-72.61692,341.48,0.33,0.56,2026-05-18,1930,N20,VIIRS,n,2.0NRT,293.8,3.32,D
-37.42447,-71.91102,367.0,0.36,0.58,2026-05-18,1930,N20,VIIRS,h,2.0NRT,291.92,7.12,D
-37.3894,-71.92977,334.43,0.36,0.58,2026-05-18,1930,N20,VIIRS,n,2.0NRT,294.5,5.37,D
-37.38835,-71.92579,367.0,0.36,0.58,2026-05-18,1930,N20,VIIRS,h,2.0NRT,294.27,8.04,D
-37.23523,-73.10775,344.63,0.32,0.55,2026-05-18,1930,N20,VIIRS,n,2.0NRT,292.81,31.41,D
-37.22971,-73.10716,367.0,0.32,0.55,2026-05-18,1930,N20,VIIRS,h,2.0NRT,291.53,31.41,D
-37.19858,-72.3544,367.0,0.35,0.57,2026-05-18,1930,N20,VIIRS,h,2.0NRT,296.49,6.58,D
-37.19759,-72.35056,350.4,0.35,0.57,2026-05-18,1930,N20,VIIRS,n,2.0NRT,293.94,6.58,D
-36.9892,-72.13029,348.78,0.36,0.58,2026-05-18,1930,N20,VIIRS,n,2.0NRT,299.58,14.98,D
-36.98815,-72.12632,367.0,0.36,0.58,2026-05-18,1930,N20,VIIRS,h,2.0NRT,293.0,15.05,D
-36.91354,-71.75558,342.17,0.38,0.59,2026-05-18,1930,N20,VIIRS,n,2.0NRT,294.28,4.25,D
-36.90818,-71.75738,367.0,0.38,0.59,2026-05-18,1930,N20,VIIRS,h,2.0NRT,295.32,7.1,D
-36.89416,-72.10712,349.3,0.37,0.58,2026-05-18,1930,N20,VIIRS,n,2.0NRT,293.03,4.28,D
-36.87316,-72.7838,337.7,0.34,0.56,2026-05-18,1930,N20,VIIRS,n,2.0NRT,290.86,2.44,D
-36.85117,-72.19501,367.0,0.36,0.58,2026-05-18,1930,N20,VIIRS,h,2.0NRT,294.39,9.06,D
-36.85014,-72.19102,367.0,0.36,0.58,2026-05-18,1930,N20,VIIRS,h,2.0NRT,295.59,10.78,D
-36.84877,-72.19544,367.0,0.36,0.58,2026-05-18,1930,N20,VIIRS,h,2.0NRT,295.47,9.32,D
-36.84771,-72.19147,367.0,0.36,0.58,2026-05-18,1930,N20,VIIRS,h,2.0NRT,296.8,12.59,D
-36.84171,-72.01677,367.0,0.37,0.58,2026-05-18,1930,N20,VIIRS,h,2.0NRT,294.82,9.15,D
-36.81792,-72.0442,326.44,0.37,0.58,2026-05-18,1930,N20,VIIRS,n,2.0NRT,294.41,1.75,D
-36.79536,-72.35197,349.44,0.36,0.57,2026-05-18,1930,N20,VIIRS,n,2.0NRT,294.79,4.41,D
-36.77124,-72.64561,331.37,0.35,0.56,2026-05-18,1930,N20,VIIRS,n,2.0NRT,295.44,4.63,D
-36.77026,-72.64182,342.82,0.35,0.56,2026-05-18,1930,N20,VIIRS,n,2.0NRT,299.26,4.63,D
-36.76714,-72.65134,367.0,0.35,0.56,2026-05-18,1930,N20,VIIRS,h,2.0NRT,300.08,12.91,D
-36.76512,-72.64353,335.03,0.35,0.56,2026-05-18,1930,N20,VIIRS,n,2.0NRT,297.16,4.63,D
-36.75896,-72.66281,354.57,0.35,0.56,2026-05-18,1930,N20,VIIRS,n,2.0NRT,295.62,10.58,D
-36.758,-72.65908,367.0,0.35,0.56,2026-05-18,1930,N20,VIIRS,h,2.0NRT,295.79,15.63,D
-36.75663,-72.30553,326.91,0.36,0.57,2026-05-18,1930,N20,VIIRS,n,2.0NRT,292.7,2.79,D
-36.75406,-72.66551,345.98,0.35,0.56,2026-05-18,1930,N20,VIIRS,n,2.0NRT,294.82,8.66,D
-36.75388,-72.66472,352.73,0.35,0.56,2026-05-18,1930,N20,VIIRS,n,2.0NRT,295.7,10.59,D
-36.75311,-72.66172,367.0,0.35,0.56,2026-05-18,1930,N20,VIIRS,h,2.0NRT,292.81,9.48,D
-36.7529,-72.66093,367.0,0.35,0.56,2026-05-18,1930,N20,VIIRS,h,2.0NRT,293.41,13.59,D
-36.62756,-72.39109,327.04,0.36,0.57,2026-05-18,1930,N20,VIIRS,n,2.0NRT,291.57,1.67,D
-36.62332,-71.99242,335.1,0.38,0.59,2026-05-18,1930,N20,VIIRS,n,2.0NRT,293.31,2.24,D
-36.50701,-72.81103,338.68,0.35,0.56,2026-05-18,1930,N20,VIIRS,n,2.0NRT,294.1,4.25,D
-36.48288,-72.78207,348.61,0.35,0.56,2026-05-18,1930,N20,VIIRS,n,2.0NRT,292.7,3.68,D
-36.31456,-71.6048,340.59,0.4,0.6,2026-05-18,1930,N20,VIIRS,n,2.0NRT,290.27,4.73,D
-36.31342,-71.60054,345.9,0.4,0.6,2026-05-18,1930,N20,VIIRS,n,2.0NRT,286.95,4.73,D
-36.31028,-71.61114,367.0,0.4,0.6,2026-05-18,1930,N20,VIIRS,h,2.0NRT,294.51,12.34,D
-36.30913,-71.60682,354.7,0.4,0.6,2026-05-18,1930,N20,VIIRS,n,2.0NRT,297.28,18.48,D
-36.30799,-71.60258,353.68,0.4,0.6,2026-05-18,1930,N20,VIIRS,n,2.0NRT,287.58,18.48,D
-36.30722,-71.62199,325.23,0.4,0.6,2026-05-18,1930,N20,VIIRS,n,2.0NRT,291.34,6.29,D
-36.30605,-71.61758,367.0,0.4,0.6,2026-05-18,1930,N20,VIIRS,h,2.0NRT,296.19,12.34,D
-36.30486,-71.61317,367.0,0.4,0.6,2026-05-18,1930,N20,VIIRS,h,2.0NRT,292.5,12.34,D
-36.30067,-71.6198,335.02,0.4,0.6,2026-05-18,1930,N20,VIIRS,n,2.0NRT,291.08,6.6,D
-36.29834,-71.61111,348.12,0.4,0.6,2026-05-18,1930,N20,VIIRS,n,2.0NRT,296.3,31.55,D
-36.2972,-71.60683,355.85,0.4,0.6,2026-05-18,1930,N20,VIIRS,n,2.0NRT,302.72,31.55,D
-36.22027,-72.1801,331.0,0.38,0.59,2026-05-18,1930,N20,VIIRS,n,2.0NRT,295.55,81.44,D
-36.21814,-72.172,367.0,0.38,0.59,2026-05-18,1930,N20,VIIRS,h,2.0NRT,296.1,48.4,D
-36.21391,-72.17797,354.29,0.38,0.59,2026-05-18,1930,N20,VIIRS,n,2.0NRT,301.27,20.94,D
-36.21284,-72.17389,367.0,0.38,0.59,2026-05-18,1930,N20,VIIRS,h,2.0NRT,299.94,9.2,D
-36.21172,-72.16965,331.75,0.38,0.59,2026-05-18,1930,N20,VIIRS,n,2.0NRT,293.61,9.2,D
-36.12718,-71.56841,345.57,0.41,0.61,2026-05-18,1930,N20,VIIRS,n,2.0NRT,291.25,7.19,D
-36.12452,-71.57238,353.39,0.41,0.61,2026-05-18,1930,N20,VIIRS,n,2.0NRT,293.64,6.69,D
-36.09434,-71.70597,354.98,0.4,0.6,2026-05-18,1930,N20,VIIRS,n,2.0NRT,296.04,10.07,D
-36.09317,-71.70161,349.37,0.4,0.6,2026-05-18,1930,N20,VIIRS,n,2.0NRT,290.53,9.02,D
-36.08094,-72.69006,335.58,0.36,0.57,2026-05-18,1930,N20,VIIRS,n,2.0NRT,290.39,2.35,D
-36.0792,-72.6899,335.96,0.36,0.57,2026-05-18,1930,N20,VIIRS,n,2.0NRT,290.17,2.42,D
-36.06398,-71.61526,353.65,0.41,0.61,2026-05-18,1930,N20,VIIRS,n,2.0NRT,292.1,5.71,D
-36.05613,-71.60841,326.61,0.41,0.61,2026-05-18,1930,N20,VIIRS,n,2.0NRT,292.12,4.56,D
-36.05465,-71.73589,325.95,0.4,0.6,2026-05-18,1930,N20,VIIRS,n,2.0NRT,291.11,1.74,D
-36.05162,-71.74673,328.39,0.4,0.6,2026-05-18,1930,N20,VIIRS,n,2.0NRT,291.78,2.91,D
-35.94448,-71.75745,325.1,0.41,0.6,2026-05-18,1930,N20,VIIRS,n,2.0NRT,291.33,1.92,D
-35.68835,-72.50642,346.63,0.38,0.58,2026-05-18,1930,N20,VIIRS,n,2.0NRT,292.36,5.16,D
-35.66131,-71.41093,331.02,0.43,0.62,2026-05-18,1930,N20,VIIRS,n,2.0NRT,291.64,4.31,D
-35.66006,-71.40635,339.9,0.43,0.62,2026-05-18,1930,N20,VIIRS,n,2.0NRT,290.09,4.31,D
-35.62009,-71.60385,336.15,0.42,0.61,2026-05-18,1930,N20,VIIRS,n,2.0NRT,289.78,4.73,D
-35.56085,-71.68565,367.0,0.42,0.61,2026-05-18,1930,N20,VIIRS,h,2.0NRT,290.26,8.13,D
-35.55613,-71.50283,326.53,0.43,0.62,2026-05-18,1930,N20,VIIRS,n,2.0NRT,292.09,2.16,D
-35.5545,-71.5026,341.35,0.43,0.62,2026-05-18,1930,N20,VIIRS,n,2.0NRT,292.29,4.02,D
-35.55059,-71.50494,327.62,0.43,0.62,2026-05-18,1930,N20,VIIRS,n,2.0NRT,292.57,2.51,D
-35.40258,-71.19144,350.56,0.45,0.63,2026-05-18,1930,N20,VIIRS,n,2.0NRT,296.7,21.73,D
-35.40122,-71.18649,367.0,0.45,0.63,2026-05-18,1930,N20,VIIRS,h,2.0NRT,293.62,29.11,D
-35.39676,-71.19296,350.68,0.45,0.63,2026-05-18,1930,N20,VIIRS,n,2.0NRT,294.96,21.73,D
-35.39524,-71.18743,367.0,0.45,0.63,2026-05-18,1930,N20,VIIRS,h,2.0NRT,295.3,29.11,D
-35.33787,-71.13485,355.94,0.45,0.63,2026-05-18,1930,N20,VIIRS,n,2.0NRT,297.72,14.66,D
-35.33777,-71.13776,325.29,0.45,0.63,2026-05-18,1930,N20,VIIRS,n,2.0NRT,292.92,8.56,D
-35.33656,-71.12999,329.05,0.45,0.63,2026-05-18,1930,N20,VIIRS,n,2.0NRT,293.4,9.19,D
-35.33644,-71.13297,367.0,0.45,0.63,2026-05-18,1930,N20,VIIRS,h,2.0NRT,297.65,15.87,D
-35.29369,-71.38409,325.81,0.44,0.62,2026-05-18,1930,N20,VIIRS,n,2.0NRT,290.41,3.54,D
-35.29281,-71.38029,325.68,0.44,0.62,2026-05-18,1930,N20,VIIRS,n,2.0NRT,289.91,3.64,D
-35.0485,-71.7181,325.71,0.43,0.62,2026-05-18,1930,N20,VIIRS,n,2.0NRT,293.51,1.83,D
-34.90575,-70.91684,352.65,0.48,0.65,2026-05-18,1930,N20,VIIRS,n,2.0NRT,295.43,6.93,D
-34.77182,-71.31126,332.25,0.46,0.63,2026-05-18,1930,N20,VIIRS,n,2.0NRT,298.87,3.37,D
-34.75372,-71.29111,355.61,0.46,0.64,2026-05-18,1930,N20,VIIRS,n,2.0NRT,299.63,7.71,D
-34.75237,-71.28619,335.37,0.46,0.64,2026-05-18,1930,N20,VIIRS,n,2.0NRT,294.15,7.71,D
-34.68756,-71.31937,325.98,0.46,0.64,2026-05-18,1930,N20,VIIRS,n,2.0NRT,296.38,3.55,D
-34.68622,-71.31445,327.97,0.46,0.64,2026-05-18,1930,N20,VIIRS,n,2.0NRT,296.61,3.46,D
-34.65811,-71.39575,344.65,0.46,0.63,2026-05-18,1930,N20,VIIRS,n,2.0NRT,299.0,5.85,D
-34.6212,-71.39256,355.36,0.46,0.63,2026-05-18,1930,N20,VIIRS,n,2.0NRT,301.43,8.82,D
-34.61999,-71.39423,348.19,0.46,0.63,2026-05-18,1930,N20,VIIRS,n,2.0NRT,303.63,17.55,D
-34.61988,-71.38766,333.07,0.46,0.63,2026-05-18,1930,N20,VIIRS,n,2.0NRT,293.68,8.82,D
-34.61864,-71.38935,367.0,0.46,0.63,2026-05-18,1930,N20,VIIRS,h,2.0NRT,297.21,17.55,D
-34.61552,-71.39474,367.0,0.46,0.63,2026-05-18,1930,N20,VIIRS,h,2.0NRT,303.86,19.11,D
-34.6143,-71.3964,330.73,0.46,0.63,2026-05-18,1930,N20,VIIRS,n,2.0NRT,298.54,4.63,D
-34.58311,-71.39104,353.54,0.46,0.63,2026-05-18,1930,N20,VIIRS,n,2.0NRT,297.83,6.51,D
-34.49241,-71.39838,367.0,0.46,0.64,2026-05-18,1930,N20,VIIRS,h,2.0NRT,297.67,6.75,D
-34.48167,-71.35876,327.69,0.46,0.64,2026-05-18,1930,N20,VIIRS,n,2.0NRT,295.67,2.89,D
-34.48033,-71.35381,330.19,0.46,0.64,2026-05-18,1930,N20,VIIRS,n,2.0NRT,295.35,2.89,D
-34.35763,-71.60876,350.51,0.45,0.63,2026-05-18,1930,N20,VIIRS,n,2.0NRT,297.87,6.31,D
-32.00602,-68.53195,338.43,0.76,0.77,2026-05-18,1930,N20,VIIRS,n,2.0NRT,292.07,8.62,D
-32.00357,-68.52394,338.26,0.76,0.77,2026-05-18,1930,N20,VIIRS,n,2.0NRT,290.03,8.62,D
-32.00119,-68.52675,332.21,0.76,0.77,2026-05-18,1930,N20,VIIRS,n,2.0NRT,287.27,6.35,D
-13.78859,-76.16522,333.18,0.71,0.75,2026-05-18,1936,N20,VIIRS,n,2.0NRT,297.27,4.34,D
-8.92082,-78.50689,345.9,0.62,0.71,2026-05-18,1938,N20,VIIRS,n,2.0NRT,294.25,12.91,D
-8.92026,-78.51082,345.7,0.62,0.71,2026-05-18,1938,N20,VIIRS,n,2.0NRT,294.26,9.15,D
-8.53143,-78.67731,331.6,0.61,0.71,2026-05-18,1938,N20,VIIRS,n,2.0NRT,291.65,3.71,D
-8.53024,-78.67574,330.58,0.61,0.71,2026-05-18,1938,N20,VIIRS,n,2.0NRT,291.31,4.21,D
-7.34702,-79.46823,339.26,0.57,0.69,2026-05-18,1938,N20,VIIRS,n,2.0NRT,291.57,5.11,D
-7.33839,-79.52746,337.04,0.57,0.69,2026-05-18,1938,N20,VIIRS,n,2.0NRT,290.91,6.29,D
-7.20955,-77.82024,335.32,0.75,0.77,2026-05-18,1938,N20,VIIRS,n,2.0NRT,281.4,11.14,D
-7.2068,-77.8171,347.28,0.75,0.77,2026-05-18,1938,N20,VIIRS,n,2.0NRT,286.0,10.33,D
-6.77513,-79.56837,343.2,0.58,0.69,2026-05-18,1938,N20,VIIRS,n,2.0NRT,289.67,7.1,D
-6.77026,-79.56683,343.73,0.58,0.69,2026-05-18,1938,N20,VIIRS,n,2.0NRT,287.86,8.12,D
-4.58078,-81.28318,330.28,0.48,0.65,2026-05-18,1938,N20,VIIRS,n,2.0NRT,292.74,7.34,D
-3.59261,-38.85841,310.76,0.48,0.64,2026-05-19,317,N20,VIIRS,n,2.0NRT,290.02,3.53,N
-3.59188,-38.86272,326.66,0.48,0.64,2026-05-19,317,N20,VIIRS,n,2.0NRT,289.8,4.45,N
-10.65149,-42.31106,307.52,0.61,0.71,2026-05-19,319,N20,VIIRS,n,2.0NRT,291.58,2.25,N
-10.65035,-42.31672,303.2,0.61,0.71,2026-05-19,319,N20,VIIRS,n,2.0NRT,291.46,1.77,N
-9.73827,-37.25829,303.4,0.58,0.52,2026-05-19,319,N20,VIIRS,n,2.0NRT,291.34,0.8,N
-9.56124,-35.69167,302.79,0.46,0.47,2026-05-19,319,N20,VIIRS,n,2.0NRT,292.54,1.1,N
-9.39557,-37.16896,303.93,0.58,0.52,2026-05-19,319,N20,VIIRS,n,2.0NRT,290.26,1.45,N
-9.39461,-37.17435,312.55,0.58,0.52,2026-05-19,319,N20,VIIRS,n,2.0NRT,290.35,1.91,N
-9.3232,-40.21152,335.09,0.47,0.64,2026-05-19,319,N20,VIIRS,n,2.0NRT,288.25,4.63,N
-17.77693,-42.81002,307.0,0.48,0.65,2026-05-19,321,N20,VIIRS,n,2.0NRT,289.17,1.59,N
-13.36511,-39.90962,321.16,0.38,0.59,2026-05-19,321,N20,VIIRS,n,2.0NRT,290.8,2.43,N
-12.46657,-38.35132,310.87,0.62,0.54,2026-05-19,321,N20,VIIRS,n,2.0NRT,292.69,2.48,N
-12.46566,-38.35003,314.87,0.62,0.54,2026-05-19,321,N20,VIIRS,n,2.0NRT,292.73,2.72,N
-12.39564,-38.34229,306.72,0.62,0.54,2026-05-19,321,N20,VIIRS,n,2.0NRT,292.96,2.4,N
-12.21333,-38.98083,305.89,0.34,0.56,2026-05-19,321,N20,VIIRS,n,2.0NRT,290.66,0.89,N
-12.21274,-38.98397,302.14,0.34,0.56,2026-05-19,321,N20,VIIRS,n,2.0NRT,290.51,0.84,N
-12.13222,-39.40891,307.71,0.37,0.58,2026-05-19,321,N20,VIIRS,n,2.0NRT,290.39,1.25,N
-22.08633,-39.82823,316.01,0.51,0.49,2026-05-19,323,N20,VIIRS,n,2.0NRT,285.24,1.67,N
-22.08531,-39.83314,307.67,0.51,0.49,2026-05-19,323,N20,VIIRS,n,2.0NRT,285.64,1.67,N
-20.25398,-40.23017,303.6,0.58,0.52,2026-05-19,323,N20,VIIRS,n,2.0NRT,289.14,1.74,N
-20.24947,-40.23434,309.86,0.59,0.53,2026-05-19,323,N20,VIIRS,n,2.0NRT,289.78,3.17,N
-20.24834,-40.23992,305.06,0.59,0.53,2026-05-19,323,N20,VIIRS,n,2.0NRT,289.35,3.17,N
-20.24804,-40.23457,308.43,0.59,0.52,2026-05-19,323,N20,VIIRS,n,2.0NRT,289.55,1.74,N
-20.24721,-40.24553,338.49,0.59,0.53,2026-05-19,323,N20,VIIRS,n,2.0NRT,288.54,6.2,N
-20.24687,-40.24014,310.74,0.59,0.53,2026-05-19,323,N20,VIIRS,n,2.0NRT,289.13,4.35,N
-20.24569,-40.24573,329.39,0.59,0.53,2026-05-19,323,N20,VIIRS,n,2.0NRT,287.89,4.35,N
-20.24241,-40.24439,313.3,0.59,0.53,2026-05-19,323,N20,VIIRS,n,2.0NRT,287.99,2.3,N
-20.24207,-40.23899,306.46,0.59,0.53,2026-05-19,323,N20,VIIRS,n,2.0NRT,288.91,3.38,N
-20.2409,-40.24459,319.89,0.59,0.53,2026-05-19,323,N20,VIIRS,n,2.0NRT,288.22,3.38,N
-20.23762,-40.24324,311.39,0.59,0.53,2026-05-19,323,N20,VIIRS,n,2.0NRT,288.16,2.3,N
-20.2351,-40.23089,320.42,0.59,0.53,2026-05-19,323,N20,VIIRS,n,2.0NRT,289.59,3.47,N
-20.23367,-40.23115,323.16,0.59,0.52,2026-05-19,323,N20,VIIRS,n,2.0NRT,289.87,5.23,N
-20.23283,-40.24206,314.68,0.59,0.53,2026-05-19,323,N20,VIIRS,n,2.0NRT,287.43,1.81,N
-20.23249,-40.23671,303.0,0.59,0.53,2026-05-19,323,N20,VIIRS,n,2.0NRT,287.79,2.32,N
-20.23169,-40.24767,301.45,0.59,0.53,2026-05-19,323,N20,VIIRS,n,2.0NRT,285.65,1.81,N
-20.23132,-40.24228,316.49,0.59,0.53,2026-05-19,323,N20,VIIRS,n,2.0NRT,287.02,2.32,N
-20.23014,-40.24786,299.8,0.59,0.53,2026-05-19,323,N20,VIIRS,n,2.0NRT,285.21,0.92,N
-20.22918,-40.2353,304.16,0.59,0.53,2026-05-19,323,N20,VIIRS,n,2.0NRT,287.93,3.47,N
-19.82059,-43.12884,308.94,0.46,0.63,2026-05-19,323,N20,VIIRS,n,2.0NRT,277.64,1.63,N
-19.82024,-43.12787,310.02,0.46,0.63,2026-05-19,323,N20,VIIRS,n,2.0NRT,278.32,1.9,N
-19.48417,-42.54542,302.29,0.42,0.61,2026-05-19,323,N20,VIIRS,n,2.0NRT,286.74,1.58,N
-19.4833,-42.54939,309.94,0.42,0.61,2026-05-19,323,N20,VIIRS,n,2.0NRT,286.43,1.78,N
-19.48035,-42.53593,305.65,0.42,0.61,2026-05-19,323,N20,VIIRS,n,2.0NRT,287.03,1.63,N
-19.47857,-42.544,305.5,0.42,0.61,2026-05-19,323,N20,VIIRS,n,2.0NRT,286.43,1.58,N
7.84299,-62.26929,301.55,0.52,0.67,2026-05-19,455,N20,VIIRS,n,2.0NRT,285.66,0.68,N
8.54396,-64.55277,296.85,0.76,0.77,2026-05-19,455,N20,VIIRS,n,2.0NRT,277.11,1.75,N
8.68882,-63.23195,300.59,0.63,0.72,2026-05-19,455,N20,VIIRS,n,2.0NRT,285.55,0.64,N
8.93688,-63.92937,310.67,0.7,0.75,2026-05-19,455,N20,VIIRS,n,2.0NRT,286.4,1.84,N
8.93706,-63.93077,300.08,0.7,0.75,2026-05-19,455,N20,VIIRS,n,2.0NRT,286.21,1.64,N
9.22685,-64.06244,326.11,0.72,0.76,2026-05-19,455,N20,VIIRS,n,2.0NRT,285.03,3.63,N
9.23441,-64.30238,314.81,0.75,0.77,2026-05-19,455,N20,VIIRS,n,2.0NRT,288.06,2.65,N
9.37309,-64.52489,305.57,0.78,0.78,2026-05-19,455,N20,VIIRS,n,2.0NRT,287.69,4.08,N
9.37396,-64.53221,329.17,0.78,0.78,2026-05-19,455,N20,VIIRS,n,2.0NRT,287.93,11.0,N
9.37482,-64.53942,347.42,0.78,0.78,2026-05-19,455,N20,VIIRS,n,2.0NRT,288.01,11.0,N
9.39092,-64.55183,343.71,0.78,0.78,2026-05-19,455,N20,VIIRS,n,2.0NRT,288.12,10.24,N
9.61615,-63.7451,298.67,0.7,0.75,2026-05-19,455,N20,VIIRS,n,2.0NRT,285.74,3.74,N
9.61769,-63.75783,296.0,0.7,0.75,2026-05-19,455,N20,VIIRS,n,2.0NRT,285.02,1.86,N
9.62148,-63.7314,308.47,0.7,0.75,2026-05-19,455,N20,VIIRS,n,2.0NRT,285.62,3.02,N
9.62225,-63.73773,315.07,0.7,0.75,2026-05-19,455,N20,VIIRS,n,2.0NRT,286.22,3.02,N
9.62303,-63.74412,310.34,0.7,0.75,2026-05-19,455,N20,VIIRS,n,2.0NRT,285.67,2.51,N
9.6238,-63.75048,306.84,0.7,0.75,2026-05-19,455,N20,VIIRS,n,2.0NRT,285.68,2.51,N
9.62457,-63.75681,301.16,0.7,0.75,2026-05-19,455,N20,VIIRS,n,2.0NRT,284.27,2.19,N
9.62913,-63.73674,312.36,0.7,0.75,2026-05-19,455,N20,VIIRS,n,2.0NRT,284.88,3.02,N
9.62928,-63.73724,306.76,0.7,0.75,2026-05-19,455,N20,VIIRS,n,2.0NRT,284.68,1.73,N
9.62991,-63.7431,296.08,0.7,0.75,2026-05-19,455,N20,VIIRS,n,2.0NRT,283.79,2.51,N
9.64039,-63.60173,301.87,0.68,0.74,2026-05-19,455,N20,VIIRS,n,2.0NRT,285.51,2.62,N
9.64102,-63.55111,298.57,0.68,0.74,2026-05-19,455,N20,VIIRS,n,2.0NRT,284.1,7.33,N
9.64138,-63.6018,306.77,0.68,0.74,2026-05-19,455,N20,VIIRS,n,2.0NRT,286.05,2.59,N
9.64179,-63.55725,321.79,0.68,0.74,2026-05-19,455,N20,VIIRS,n,2.0NRT,286.02,7.33,N
9.64233,-63.55109,299.01,0.68,0.74,2026-05-19,455,N20,VIIRS,n,2.0NRT,284.42,4.95,N
9.64256,-63.56341,348.4,0.68,0.74,2026-05-19,455,N20,VIIRS,n,2.0NRT,287.29,21.95,N
9.64306,-63.55722,327.38,0.68,0.74,2026-05-19,455,N20,VIIRS,n,2.0NRT,286.64,30.72,N
9.64333,-63.56964,325.09,0.68,0.74,2026-05-19,455,N20,VIIRS,n,2.0NRT,286.83,21.95,N
9.64379,-63.56341,345.69,0.68,0.74,2026-05-19,455,N20,VIIRS,n,2.0NRT,288.29,30.72,N
9.64411,-63.57583,322.79,0.68,0.74,2026-05-19,455,N20,VIIRS,n,2.0NRT,286.94,7.28,N
9.64453,-63.56964,348.93,0.68,0.74,2026-05-19,455,N20,VIIRS,n,2.0NRT,287.27,29.02,N
9.64488,-63.58201,303.33,0.68,0.74,2026-05-19,455,N20,VIIRS,n,2.0NRT,286.78,7.28,N
9.64526,-63.57583,367.0,0.68,0.74,2026-05-19,455,N20,VIIRS,h,2.0NRT,287.6,29.02,N
9.64565,-63.58821,301.13,0.68,0.74,2026-05-19,455,N20,VIIRS,n,2.0NRT,286.32,1.76,N
9.64588,-63.64597,296.46,0.69,0.74,2026-05-19,455,N20,VIIRS,n,2.0NRT,280.97,1.35,N
9.64599,-63.58203,307.35,0.68,0.74,2026-05-19,455,N20,VIIRS,n,2.0NRT,287.27,5.79,N
9.64642,-63.59436,299.8,0.68,0.74,2026-05-19,455,N20,VIIRS,n,2.0NRT,285.66,1.76,N
9.6466,-63.64618,295.37,0.69,0.74,2026-05-19,455,N20,VIIRS,n,2.0NRT,280.75,1.82,N
9.64665,-63.65217,299.75,0.69,0.74,2026-05-19,455,N20,VIIRS,n,2.0NRT,283.51,1.53,N
9.64672,-63.58823,307.38,0.68,0.74,2026-05-19,455,N20,VIIRS,n,2.0NRT,286.77,5.79,N
9.64732,-63.6524,302.39,0.69,0.74,2026-05-19,455,N20,VIIRS,n,2.0NRT,283.4,1.82,N
9.64738,-63.65806,296.87,0.69,0.74,2026-05-19,455,N20,VIIRS,n,2.0NRT,283.74,1.53,N
9.64745,-63.5944,301.53,0.68,0.74,2026-05-19,455,N20,VIIRS,n,2.0NRT,285.99,2.59,N
9.6478,-63.5499,299.04,0.68,0.74,2026-05-19,455,N20,VIIRS,n,2.0NRT,285.25,7.33,N
9.64802,-63.65832,297.61,0.69,0.74,2026-05-19,455,N20,VIIRS,n,2.0NRT,283.86,1.82,N
9.64856,-63.55602,321.48,0.68,0.74,2026-05-19,455,N20,VIIRS,n,2.0NRT,286.61,7.33,N
9.64933,-63.56218,340.41,0.68,0.74,2026-05-19,455,N20,VIIRS,n,2.0NRT,287.16,21.95,N
9.64984,-63.55598,303.27,0.68,0.74,2026-05-19,455,N20,VIIRS,n,2.0NRT,285.58,2.66,N
9.65011,-63.56839,336.08,0.68,0.74,2026-05-19,455,N20,VIIRS,n,2.0NRT,287.51,21.95,N
9.65057,-63.56215,310.86,0.68,0.74,2026-05-19,455,N20,VIIRS,n,2.0NRT,286.7,2.66,N
9.65089,-63.57462,367.0,0.68,0.74,2026-05-19,455,N20,VIIRS,h,2.0NRT,287.27,7.28,N
9.65131,-63.56837,329.89,0.68,0.74,2026-05-19,455,N20,VIIRS,n,2.0NRT,286.66,4.48,N
9.65167,-63.58082,315.51,0.68,0.74,2026-05-19,455,N20,VIIRS,n,2.0NRT,285.87,7.28,N
9.65194,-63.63864,302.33,0.69,0.74,2026-05-19,455,N20,VIIRS,n,2.0NRT,275.53,1.5,N
9.65205,-63.5746,327.24,0.68,0.74,2026-05-19,455,N20,VIIRS,n,2.0NRT,286.33,4.48,N
9.65245,-63.58704,309.03,0.68,0.74,2026-05-19,455,N20,VIIRS,n,2.0NRT,285.67,1.76,N
9.65269,-63.6388,301.03,0.69,0.74,2026-05-19,455,N20,VIIRS,n,2.0NRT,275.33,1.44,N
9.65274,-63.64507,307.67,0.69,0.74,2026-05-19,455,N20,VIIRS,n,2.0NRT,281.06,1.5,N
9.65278,-63.5808,311.31,0.68,0.74,2026-05-19,455,N20,VIIRS,n,2.0NRT,285.63,3.09,N
9.65323,-63.59328,302.29,0.68,0.74,2026-05-19,455,N20,VIIRS,n,2.0NRT,285.97,1.76,N
9.65345,-63.64524,309.24,0.69,0.74,2026-05-19,455,N20,VIIRS,n,2.0NRT,280.92,1.82,N
9.65352,-63.65139,312.79,0.69,0.74,2026-05-19,455,N20,VIIRS,n,2.0NRT,282.21,1.86,N
9.65352,-63.58702,304.15,0.68,0.74,2026-05-19,455,N20,VIIRS,n,2.0NRT,284.88,3.09,N
9.6542,-63.6516,314.99,0.69,0.74,2026-05-19,455,N20,VIIRS,n,2.0NRT,281.46,1.82,N
9.65426,-63.59328,299.94,0.68,0.74,2026-05-19,455,N20,VIIRS,n,2.0NRT,284.97,3.41,N
9.65429,-63.6576,298.49,0.69,0.74,2026-05-19,455,N20,VIIRS,n,2.0NRT,281.01,1.86,N
9.65458,-63.54871,297.32,0.68,0.74,2026-05-19,455,N20,VIIRS,n,2.0NRT,283.37,3.26,N
9.65493,-63.65781,298.37,0.69,0.74,2026-05-19,455,N20,VIIRS,n,2.0NRT,279.41,1.82,N
9.65611,-63.56095,307.21,0.68,0.74,2026-05-19,455,N20,VIIRS,n,2.0NRT,285.33,3.13,N
9.65689,-63.56712,315.88,0.68,0.74,2026-05-19,455,N20,VIIRS,n,2.0NRT,285.64,3.13,N
9.65735,-63.56088,303.97,0.68,0.74,2026-05-19,455,N20,VIIRS,n,2.0NRT,285.25,2.66,N
9.65767,-63.57331,299.43,0.68,0.74,2026-05-19,455,N20,VIIRS,n,2.0NRT,285.33,3.22,N
9.65809,-63.56705,302.47,0.68,0.74,2026-05-19,455,N20,VIIRS,n,2.0NRT,284.77,4.48,N
9.65956,-63.64396,302.87,0.69,0.74,2026-05-19,455,N20,VIIRS,n,2.0NRT,281.5,1.5,N
9.66028,-63.64408,296.26,0.69,0.74,2026-05-19,455,N20,VIIRS,n,2.0NRT,280.28,0.95,N
9.66037,-63.65042,301.18,0.69,0.74,2026-05-19,455,N20,VIIRS,n,2.0NRT,281.54,1.86,N
9.66104,-63.65057,296.13,0.69,0.74,2026-05-19,455,N20,VIIRS,n,2.0NRT,281.87,0.95,N
9.68172,-63.47591,306.48,0.67,0.74,2026-05-19,455,N20,VIIRS,n,2.0NRT,283.73,1.96,N
9.70203,-63.52926,303.19,0.68,0.74,2026-05-19,455,N20,VIIRS,n,2.0NRT,285.1,1.46,N
9.72867,-63.46496,324.16,0.67,0.74,2026-05-19,455,N20,VIIRS,n,2.0NRT,285.89,3.84,N
9.73041,-63.4627,313.75,0.67,0.74,2026-05-19,455,N20,VIIRS,n,2.0NRT,286.02,3.2,N
9.74508,-63.43074,301.52,0.67,0.73,2026-05-19,455,N20,VIIRS,n,2.0NRT,285.59,1.08,N
9.77536,-63.2656,304.35,0.65,0.73,2026-05-19,455,N20,VIIRS,n,2.0NRT,285.74,3.82,N
9.77609,-63.27155,330.15,0.65,0.73,2026-05-19,455,N20,VIIRS,n,2.0NRT,284.46,5.76,N
9.85573,-63.34249,306.12,0.66,0.73,2026-05-19,455,N20,VIIRS,n,2.0NRT,280.5,2.93,N
9.97647,-63.18535,299.43,0.65,0.73,2026-05-19,455,N20,VIIRS,n,2.0NRT,274.68,2.32,N
10.14026,-60.99753,305.36,0.46,0.64,2026-05-19,455,N20,VIIRS,n,2.0NRT,291.44,1.13,N
10.17854,-61.69416,304.39,0.52,0.66,2026-05-19,455,N20,VIIRS,n,2.0NRT,290.69,2.11,N
-8.72928,-47.97696,321.82,0.5,0.49,2026-05-19,459,N20,VIIRS,n,2.0NRT,294.86,3.5,N
-8.72864,-47.98141,327.75,0.5,0.49,2026-05-19,459,N20,VIIRS,n,2.0NRT,294.99,3.5,N
-8.72318,-48.33339,310.92,0.47,0.48,2026-05-19,459,N20,VIIRS,n,2.0NRT,293.14,2.08,N
-8.71999,-48.32408,315.23,0.47,0.48,2026-05-19,459,N20,VIIRS,n,2.0NRT,294.12,10.35,N
-8.71939,-48.32843,355.89,0.47,0.48,2026-05-19,459,N20,VIIRS,n,2.0NRT,297.73,10.35,N
-8.71879,-48.33274,341.29,0.47,0.48,2026-05-19,459,N20,VIIRS,n,2.0NRT,294.61,4.64,N
-8.715,-48.32776,343.23,0.47,0.48,2026-05-19,459,N20,VIIRS,n,2.0NRT,294.63,10.35,N
-8.7144,-48.33211,302.4,0.47,0.48,2026-05-19,459,N20,VIIRS,n,2.0NRT,292.4,4.64,N
-8.70486,-47.92229,307.38,0.5,0.49,2026-05-19,459,N20,VIIRS,n,2.0NRT,292.65,1.99,N
-8.70036,-47.92156,314.85,0.5,0.49,2026-05-19,459,N20,VIIRS,n,2.0NRT,292.95,1.99,N
-8.55436,-45.98802,317.43,0.34,0.56,2026-05-19,459,N20,VIIRS,n,2.0NRT,290.87,1.67,N
-8.54922,-45.98721,327.7,0.34,0.56,2026-05-19,459,N20,VIIRS,n,2.0NRT,290.5,1.67,N
-8.37124,-49.64001,303.91,0.39,0.44,2026-05-19,459,N20,VIIRS,n,2.0NRT,293.63,0.68,N
-8.08669,-44.10637,300.71,0.45,0.63,2026-05-19,459,N20,VIIRS,n,2.0NRT,287.92,1.81,N
-8.08642,-44.10786,301.17,0.45,0.63,2026-05-19,459,N20,VIIRS,n,2.0NRT,288.08,1.92,N
-8.08036,-44.1097,316.96,0.45,0.63,2026-05-19,459,N20,VIIRS,n,2.0NRT,288.98,2.63,N
-8.08006,-44.11121,315.08,0.45,0.63,2026-05-19,459,N20,VIIRS,n,2.0NRT,288.28,2.03,N
-8.07876,-44.12216,309.08,0.45,0.63,2026-05-19,459,N20,VIIRS,n,2.0NRT,288.94,1.96,N
-8.07837,-44.12363,316.82,0.45,0.63,2026-05-19,459,N20,VIIRS,n,2.0NRT,288.9,2.29,N
-8.07822,-44.1263,308.32,0.45,0.63,2026-05-19,459,N20,VIIRS,n,2.0NRT,288.32,1.82,N
-8.07781,-44.12776,301.26,0.45,0.63,2026-05-19,459,N20,VIIRS,n,2.0NRT,287.91,1.34,N
-8.07427,-44.11041,302.68,0.45,0.63,2026-05-19,459,N20,VIIRS,n,2.0NRT,287.9,1.1,N
-8.07258,-44.1228,304.75,0.45,0.63,2026-05-19,459,N20,VIIRS,n,2.0NRT,288.15,0.95,N
-7.38188,-46.80486,302.43,0.57,0.52,2026-05-19,459,N20,VIIRS,n,2.0NRT,289.75,0.92,N
-6.5774,-51.09875,302.42,0.46,0.39,2026-05-19,459,N20,VIIRS,n,2.0NRT,279.23,0.99,N
-6.57677,-51.10291,318.24,0.46,0.39,2026-05-19,459,N20,VIIRS,n,2.0NRT,280.02,0.99,N
-6.5738,-51.09826,319.35,0.46,0.39,2026-05-19,459,N20,VIIRS,n,2.0NRT,281.43,9.42,N
-6.57317,-51.10246,332.84,0.46,0.39,2026-05-19,459,N20,VIIRS,n,2.0NRT,284.89,9.42,N
-6.57083,-51.09354,313.14,0.46,0.39,2026-05-19,459,N20,VIIRS,n,2.0NRT,283.06,1.58,N
-2.75333,-54.59225,299.67,0.4,0.37,2026-05-19,459,N20,VIIRS,n,2.0NRT,277.72,0.7,N
-2.75139,-54.59176,301.81,0.4,0.37,2026-05-19,459,N20,VIIRS,n,2.0NRT,279.04,0.7,N
-16.67836,-43.88177,300.04,0.6,0.71,2026-05-19,501,N20,VIIRS,n,2.0NRT,288.88,2.23,N
-14.97268,-45.45532,318.04,0.45,0.63,2026-05-19,501,N20,VIIRS,n,2.0NRT,288.4,1.93,N
-14.70578,-48.31966,307.71,0.57,0.52,2026-05-19,501,N20,VIIRS,n,2.0NRT,290.25,2.27,N
-14.70513,-48.32445,317.43,0.57,0.52,2026-05-19,501,N20,VIIRS,n,2.0NRT,290.2,3.54,N
-14.70508,-48.32541,309.19,0.57,0.52,2026-05-19,501,N20,VIIRS,n,2.0NRT,290.15,2.4,N
-14.17987,-52.88847,298.29,0.45,0.39,2026-05-19,501,N20,VIIRS,n,2.0NRT,285.35,0.74,N
-14.17629,-52.88794,304.68,0.45,0.39,2026-05-19,501,N20,VIIRS,n,2.0NRT,286.2,0.74,N
-14.16617,-52.88206,338.35,0.45,0.39,2026-05-19,501,N20,VIIRS,n,2.0NRT,289.35,5.39,N
-14.16555,-52.8863,307.31,0.45,0.39,2026-05-19,501,N20,VIIRS,n,2.0NRT,286.72,5.39,N
-14.16443,-52.869,320.25,0.45,0.39,2026-05-19,501,N20,VIIRS,n,2.0NRT,290.26,1.59,N
-14.1626,-52.88151,339.99,0.45,0.39,2026-05-19,501,N20,VIIRS,n,2.0NRT,289.95,5.39,N
-14.16198,-52.88575,333.68,0.45,0.39,2026-05-19,501,N20,VIIRS,n,2.0NRT,289.75,5.39,N
-14.15902,-52.88097,345.74,0.45,0.39,2026-05-19,501,N20,VIIRS,n,2.0NRT,290.47,5.46,N
-14.1584,-52.88521,334.44,0.45,0.39,2026-05-19,501,N20,VIIRS,n,2.0NRT,289.58,5.46,N
-14.15544,-52.88042,320.25,0.45,0.39,2026-05-19,501,N20,VIIRS,n,2.0NRT,289.43,5.46,N
-14.15002,-52.89246,345.73,0.45,0.39,2026-05-19,501,N20,VIIRS,n,2.0NRT,293.82,12.62,N
-14.14942,-52.89663,325.88,0.45,0.39,2026-05-19,501,N20,VIIRS,n,2.0NRT,290.81,4.12,N
-13.03353,-49.93475,304.77,0.43,0.46,2026-05-19,501,N20,VIIRS,n,2.0NRT,292.84,0.67,N
-13.02933,-49.93419,317.1,0.43,0.46,2026-05-19,501,N20,VIIRS,n,2.0NRT,292.56,1.48,N
-12.23259,-49.3924,303.01,0.45,0.47,2026-05-19,501,N20,VIIRS,n,2.0NRT,292.29,0.82,N
-12.06115,-45.28556,308.05,0.43,0.62,2026-05-19,501,N20,VIIRS,n,2.0NRT,288.83,1.66,N
-12.05693,-45.27311,348.45,0.43,0.62,2026-05-19,501,N20,VIIRS,n,2.0NRT,289.85,6.08,N
-12.05646,-45.27694,298.05,0.43,0.62,2026-05-19,501,N20,VIIRS,n,2.0NRT,287.59,3.95,N
-12.05126,-45.27242,330.22,0.43,0.62,2026-05-19,501,N20,VIIRS,n,2.0NRT,289.94,3.74,N
-12.05079,-45.27626,309.88,0.43,0.62,2026-05-19,501,N20,VIIRS,n,2.0NRT,287.8,2.26,N
-11.97974,-47.37003,301.04,0.61,0.53,2026-05-19,501,N20,VIIRS,n,2.0NRT,290.98,1.19,N
-11.97587,-52.46246,318.13,0.45,0.39,2026-05-19,501,N20,VIIRS,n,2.0NRT,285.46,1.53,N
-11.97481,-47.36937,301.66,0.61,0.53,2026-05-19,501,N20,VIIRS,n,2.0NRT,291.22,1.19,N
-11.91905,-54.10371,316.62,0.4,0.37,2026-05-19,501,N20,VIIRS,n,2.0NRT,292.0,1.27,N
-11.75112,-54.791,306.42,0.39,0.36,2026-05-19,501,N20,VIIRS,n,2.0NRT,276.76,0.38,N
-11.74725,-54.794,302.77,0.39,0.36,2026-05-19,501,N20,VIIRS,n,2.0NRT,276.43,0.66,N
-11.7467,-54.79753,309.1,0.39,0.36,2026-05-19,501,N20,VIIRS,n,2.0NRT,275.26,0.66,N
-11.63488,-48.02601,308.31,0.54,0.51,2026-05-19,501,N20,VIIRS,n,2.0NRT,291.9,1.81,N
-11.61209,-47.09778,332.04,0.63,0.54,2026-05-19,501,N20,VIIRS,n,2.0NRT,292.85,3.64,N
-11.61132,-47.10366,304.38,0.63,0.54,2026-05-19,501,N20,VIIRS,n,2.0NRT,291.27,3.64,N
-11.6071,-47.09712,320.1,0.63,0.54,2026-05-19,501,N20,VIIRS,n,2.0NRT,291.42,3.77,N
-11.46314,-55.113,302.97,0.38,0.36,2026-05-19,501,N20,VIIRS,n,2.0NRT,289.94,0.68,N
-11.46273,-52.91949,309.79,0.43,0.38,2026-05-19,501,N20,VIIRS,n,2.0NRT,274.86,0.97,N
-11.46258,-55.1165,308.28,0.38,0.36,2026-05-19,501,N20,VIIRS,n,2.0NRT,289.79,1.06,N
-11.46203,-55.12001,312.95,0.38,0.36,2026-05-19,501,N20,VIIRS,n,2.0NRT,289.99,1.06,N
-11.45982,-55.11246,330.29,0.38,0.36,2026-05-19,501,N20,VIIRS,n,2.0NRT,290.82,2.64,N
-11.45927,-55.11597,318.93,0.38,0.36,2026-05-19,501,N20,VIIRS,n,2.0NRT,290.07,1.68,N
-11.45925,-52.91896,328.44,0.43,0.38,2026-05-19,501,N20,VIIRS,n,2.0NRT,279.65,2.67,N
-11.45871,-55.11948,308.01,0.38,0.36,2026-05-19,501,N20,VIIRS,n,2.0NRT,288.76,1.68,N
-11.45651,-55.11192,329.99,0.38,0.36,2026-05-19,501,N20,VIIRS,n,2.0NRT,290.94,2.64,N
-11.45596,-55.11543,324.75,0.38,0.36,2026-05-19,501,N20,VIIRS,n,2.0NRT,290.09,1.68,N
-11.45577,-52.91842,320.0,0.43,0.38,2026-05-19,501,N20,VIIRS,n,2.0NRT,280.28,2.67,N
-11.45518,-52.92233,309.76,0.43,0.38,2026-05-19,501,N20,VIIRS,n,2.0NRT,278.62,1.49,N
-11.45375,-55.10788,309.0,0.38,0.36,2026-05-19,501,N20,VIIRS,n,2.0NRT,289.97,4.1,N
-11.4532,-55.11139,325.72,0.38,0.36,2026-05-19,501,N20,VIIRS,n,2.0NRT,290.52,4.1,N
-11.45264,-55.11489,318.12,0.38,0.36,2026-05-19,501,N20,VIIRS,n,2.0NRT,289.57,1.35,N
-11.45196,-54.09389,302.49,0.39,0.37,2026-05-19,501,N20,VIIRS,n,2.0NRT,287.89,0.74,N
-11.45044,-55.10734,327.0,0.38,0.36,2026-05-19,501,N20,VIIRS,n,2.0NRT,292.52,4.1,N
-11.44989,-55.11085,333.55,0.38,0.36,2026-05-19,501,N20,VIIRS,n,2.0NRT,290.86,4.1,N
-11.44933,-55.11436,317.79,0.38,0.36,2026-05-19,501,N20,VIIRS,n,2.0NRT,289.34,1.35,N
-11.44916,-54.08976,329.38,0.39,0.37,2026-05-19,501,N20,VIIRS,n,2.0NRT,289.21,3.34,N
-11.44861,-54.09337,320.89,0.39,0.37,2026-05-19,501,N20,VIIRS,n,2.0NRT,287.59,3.34,N
-11.4447,-54.09645,302.96,0.39,0.37,2026-05-19,501,N20,VIIRS,n,2.0NRT,288.11,1.16,N
-11.44414,-54.10004,312.27,0.39,0.37,2026-05-19,501,N20,VIIRS,n,2.0NRT,288.07,1.16,N
-11.43519,-54.09125,322.42,0.39,0.37,2026-05-19,501,N20,VIIRS,n,2.0NRT,287.89,1.98,N
-11.43443,-55.10115,304.35,0.38,0.36,2026-05-19,501,N20,VIIRS,n,2.0NRT,288.71,1.08,N
-11.32834,-47.43882,308.28,0.59,0.53,2026-05-19,501,N20,VIIRS,n,2.0NRT,291.46,1.45,N
-11.32345,-47.43847,304.03,0.59,0.53,2026-05-19,501,N20,VIIRS,n,2.0NRT,290.95,1.45,N
-11.3208,-47.4209,303.24,0.59,0.53,2026-05-19,501,N20,VIIRS,n,2.0NRT,292.48,1.54,N
-11.20811,-55.92566,321.63,0.39,0.36,2026-05-19,501,N20,VIIRS,n,2.0NRT,286.26,2.26,N
-11.1893,-55.91532,304.99,0.39,0.36,2026-05-19,501,N20,VIIRS,n,2.0NRT,286.3,1.65,N
-11.18598,-55.91478,322.28,0.39,0.36,2026-05-19,501,N20,VIIRS,n,2.0NRT,287.02,1.65,N
-11.18541,-55.91831,320.79,0.39,0.36,2026-05-19,501,N20,VIIRS,n,2.0NRT,286.38,1.65,N
-11.18265,-55.91423,298.59,0.39,0.36,2026-05-19,501,N20,VIIRS,n,2.0NRT,285.63,0.93,N
-11.18208,-55.91776,315.27,0.39,0.36,2026-05-19,501,N20,VIIRS,n,2.0NRT,286.28,0.93,N
-11.17876,-55.91721,312.57,0.39,0.36,2026-05-19,501,N20,VIIRS,n,2.0NRT,285.36,0.93,N
-11.07962,-48.26202,314.39,0.52,0.5,2026-05-19,501,N20,VIIRS,n,2.0NRT,291.88,1.74,N
-11.07947,-48.25916,305.47,0.52,0.5,2026-05-19,501,N20,VIIRS,n,2.0NRT,291.79,1.2,N
-11.07879,-48.26406,304.62,0.52,0.5,2026-05-19,501,N20,VIIRS,n,2.0NRT,292.32,1.63,N
-10.67013,-49.70295,307.21,0.41,0.45,2026-05-19,501,N20,VIIRS,n,2.0NRT,294.79,0.74,N
-10.66652,-49.69861,339.26,0.41,0.45,2026-05-19,501,N20,VIIRS,n,2.0NRT,297.26,4.45,N
-10.66601,-49.70235,319.76,0.41,0.45,2026-05-19,501,N20,VIIRS,n,2.0NRT,295.0,4.45,N
-10.65424,-42.30766,301.6,0.65,0.73,2026-05-19,501,N20,VIIRS,n,2.0NRT,291.17,1.25,N
-10.65356,-42.31357,304.53,0.65,0.73,2026-05-19,501,N20,VIIRS,n,2.0NRT,291.19,1.25,N
-10.65288,-42.31944,301.08,0.65,0.73,2026-05-19,501,N20,VIIRS,n,2.0NRT,291.07,1.4,N
-10.65083,-42.30961,307.56,0.65,0.73,2026-05-19,501,N20,VIIRS,n,2.0NRT,291.08,1.79,N
-10.65011,-42.31551,302.38,0.65,0.73,2026-05-19,501,N20,VIIRS,n,2.0NRT,290.66,1.68,N
-10.5731,-46.66416,306.77,0.33,0.55,2026-05-19,501,N20,VIIRS,n,2.0NRT,291.1,0.67,N
-10.57232,-46.67014,338.04,0.33,0.55,2026-05-19,501,N20,VIIRS,n,2.0NRT,293.19,4.39,N
-10.57193,-46.67313,317.64,0.33,0.55,2026-05-19,501,N20,VIIRS,n,2.0NRT,291.98,2.9,N
-10.46036,-47.93897,310.75,0.53,0.5,2026-05-19,501,N20,VIIRS,n,2.0NRT,291.99,5.08,N
-10.45991,-47.93528,304.99,0.53,0.5,2026-05-19,501,N20,VIIRS,n,2.0NRT,292.04,1.45,N
-10.45925,-47.94026,314.55,0.53,0.5,2026-05-19,501,N20,VIIRS,n,2.0NRT,292.24,1.73,N
-10.45644,-47.93326,340.26,0.53,0.5,2026-05-19,501,N20,VIIRS,n,2.0NRT,294.25,5.08,N
-10.45574,-47.9383,334.34,0.53,0.5,2026-05-19,501,N20,VIIRS,n,2.0NRT,293.58,5.08,N
-10.45438,-47.94806,304.14,0.53,0.5,2026-05-19,501,N20,VIIRS,n,2.0NRT,291.54,1.69,N
-10.45182,-47.93252,302.36,0.53,0.5,2026-05-19,501,N20,VIIRS,n,2.0NRT,291.62,4.97,N
-10.45112,-47.93762,345.47,0.53,0.5,2026-05-19,501,N20,VIIRS,n,2.0NRT,294.56,4.97,N
-10.45043,-47.94254,313.76,0.53,0.5,2026-05-19,501,N20,VIIRS,n,2.0NRT,292.61,5.9,N
-10.44976,-47.94739,349.15,0.53,0.5,2026-05-19,501,N20,VIIRS,n,2.0NRT,293.92,5.9,N
-10.44515,-47.9467,332.29,0.53,0.5,2026-05-19,501,N20,VIIRS,n,2.0NRT,293.73,5.9,N
-10.39986,-49.44117,331.36,0.42,0.45,2026-05-19,501,N20,VIIRS,n,2.0NRT,294.46,4.04,N
-10.39933,-49.44499,314.17,0.42,0.45,2026-05-19,501,N20,VIIRS,n,2.0NRT,293.4,2.4,N
-10.13287,-52.20214,305.0,0.44,0.39,2026-05-19,501,N20,VIIRS,n,2.0NRT,292.68,1.18,N
-10.11926,-52.41241,304.17,0.43,0.38,2026-05-19,501,N20,VIIRS,n,2.0NRT,290.79,0.9,N
-9.93949,-52.45772,304.05,0.43,0.38,2026-05-19,501,N20,VIIRS,n,2.0NRT,292.76,1.18,N
-9.89262,-49.33728,309.19,0.42,0.45,2026-05-19,501,N20,VIIRS,n,2.0NRT,292.96,0.62,N
-9.47391,-46.0771,321.7,0.35,0.56,2026-05-19,501,N20,VIIRS,n,2.0NRT,291.68,1.67,N
-9.31024,-45.49004,312.02,0.38,0.59,2026-05-19,501,N20,VIIRS,n,2.0NRT,290.11,1.42,N
-9.30979,-45.4935,302.75,0.38,0.59,2026-05-19,501,N20,VIIRS,n,2.0NRT,289.64,1.12,N
-9.30774,-45.48729,304.72,0.38,0.59,2026-05-19,501,N20,VIIRS,n,2.0NRT,289.79,1.66,N
-9.30727,-45.49074,318.51,0.38,0.59,2026-05-19,501,N20,VIIRS,n,2.0NRT,289.21,1.66,N
-9.30529,-45.48594,317.46,0.38,0.59,2026-05-19,501,N20,VIIRS,n,2.0NRT,290.38,1.72,N
-9.30484,-45.4894,318.49,0.38,0.59,2026-05-19,501,N20,VIIRS,n,2.0NRT,289.25,1.72,N
-9.30282,-45.48321,303.09,0.38,0.59,2026-05-19,501,N20,VIIRS,n,2.0NRT,290.32,1.79,N
-9.30235,-45.48666,324.7,0.38,0.59,2026-05-19,501,N20,VIIRS,n,2.0NRT,290.41,1.66,N
-9.30034,-45.48183,315.92,0.38,0.59,2026-05-19,501,N20,VIIRS,n,2.0NRT,290.92,2.73,N
-9.2999,-45.48529,312.92,0.38,0.59,2026-05-19,501,N20,VIIRS,n,2.0NRT,289.64,1.72,N
-9.29789,-45.47912,308.97,0.38,0.59,2026-05-19,501,N20,VIIRS,n,2.0NRT,290.81,1.54,N
-9.29742,-45.48258,318.42,0.38,0.59,2026-05-19,501,N20,VIIRS,n,2.0NRT,290.1,1.54,N
-9.29539,-45.47773,315.22,0.38,0.59,2026-05-19,501,N20,VIIRS,n,2.0NRT,291.14,1.54,N
-9.29495,-45.48119,307.85,0.38,0.59,2026-05-19,501,N20,VIIRS,n,2.0NRT,289.56,1.54,N
-9.2925,-45.47849,312.78,0.38,0.59,2026-05-19,501,N20,VIIRS,n,2.0NRT,290.48,1.54,N
-8.31485,-55.10935,317.85,0.39,0.36,2026-05-19,501,N20,VIIRS,n,2.0NRT,292.86,1.74,N
-22.26471,-57.88548,300.86,0.38,0.36,2026-05-19,504,N20,VIIRS,n,2.0NRT,284.12,1.04,N
-19.86698,-65.88204,299.41,0.62,0.54,2026-05-19,504,N20,VIIRS,n,2.0NRT,270.88,1.02,N
-15.96141,-52.21013,297.85,0.51,0.41,2026-05-19,504,N20,VIIRS,n,2.0NRT,266.33,1.0,N
-29.77666,-51.17803,309.19,0.57,0.52,2026-05-19,506,N20,VIIRS,n,2.0NRT,280.1,1.76,N
-26.68337,-62.42926,318.93,0.46,0.39,2026-05-19,506,N20,VIIRS,n,2.0NRT,277.87,2.54,N
-26.68276,-62.42628,313.46,0.46,0.39,2026-05-19,506,N20,VIIRS,n,2.0NRT,276.66,2.82,N
-26.68253,-62.43384,307.97,0.46,0.39,2026-05-19,506,N20,VIIRS,n,2.0NRT,275.8,1.38,N
-26.68194,-62.43086,331.98,0.46,0.39,2026-05-19,506,N20,VIIRS,n,2.0NRT,279.71,2.82,N
-26.50808,-60.99439,310.49,0.41,0.37,2026-05-19,506,N20,VIIRS,n,2.0NRT,276.88,1.33,N
-26.48952,-57.30938,327.5,0.4,0.37,2026-05-19,506,N20,VIIRS,n,2.0NRT,280.7,2.15,N
-26.48613,-57.30878,320.39,0.4,0.37,2026-05-19,506,N20,VIIRS,n,2.0NRT,282.6,2.83,N
-26.48554,-57.31281,295.67,0.4,0.37,2026-05-19,506,N20,VIIRS,n,2.0NRT,279.66,3.03,N
-26.48274,-57.30816,322.09,0.4,0.37,2026-05-19,506,N20,VIIRS,n,2.0NRT,283.85,2.83,N
-26.48215,-57.31219,326.86,0.4,0.37,2026-05-19,506,N20,VIIRS,n,2.0NRT,282.21,3.03,N
-26.47935,-57.30755,327.16,0.4,0.37,2026-05-19,506,N20,VIIRS,n,2.0NRT,284.18,4.41,N
-26.47876,-57.31158,326.95,0.4,0.37,2026-05-19,506,N20,VIIRS,n,2.0NRT,284.41,4.76,N
-26.39627,-57.18166,311.74,0.4,0.37,2026-05-19,506,N20,VIIRS,n,2.0NRT,280.31,0.92,N
-25.79194,-58.85769,295.19,0.38,0.36,2026-05-19,506,N20,VIIRS,n,2.0NRT,279.47,0.51,N
-25.59469,-61.34608,298.37,0.43,0.38,2026-05-19,506,N20,VIIRS,n,2.0NRT,277.38,0.78,N
-25.59394,-61.35034,304.38,0.43,0.38,2026-05-19,506,N20,VIIRS,n,2.0NRT,277.13,0.78,N
-25.59122,-61.34534,298.11,0.43,0.38,2026-05-19,506,N20,VIIRS,n,2.0NRT,276.77,0.78,N
-25.07965,-63.40417,309.38,0.53,0.42,2026-05-19,506,N20,VIIRS,n,2.0NRT,278.16,2.66,N
-25.07909,-63.40242,314.0,0.53,0.42,2026-05-19,506,N20,VIIRS,n,2.0NRT,278.71,3.35,N
-25.07581,-63.40328,317.82,0.53,0.42,2026-05-19,506,N20,VIIRS,n,2.0NRT,279.01,2.66,N
-25.07525,-63.40152,317.96,0.53,0.42,2026-05-19,506,N20,VIIRS,n,2.0NRT,278.55,2.08,N
-25.07141,-63.40062,302.84,0.53,0.42,2026-05-19,506,N20,VIIRS,n,2.0NRT,276.58,2.08,N
-25.04597,-58.48796,302.34,0.38,0.36,2026-05-19,506,N20,VIIRS,n,2.0NRT,279.33,0.54,N
-25.04206,-58.49114,299.48,0.38,0.36,2026-05-19,506,N20,VIIRS,n,2.0NRT,278.02,0.54,N
-24.92767,-54.53874,301.11,0.49,0.4,2026-05-19,506,N20,VIIRS,n,2.0NRT,282.94,0.91,N
-24.56643,-55.84967,316.02,0.43,0.38,2026-05-19,506,N20,VIIRS,n,2.0NRT,281.98,1.64,N
-24.52313,-60.63483,311.62,0.42,0.37,2026-05-19,506,N20,VIIRS,n,2.0NRT,278.48,1.29,N
-24.44915,-60.49439,313.52,0.41,0.37,2026-05-19,506,N20,VIIRS,n,2.0NRT,277.85,1.3,N
-23.7824,-70.31946,300.4,0.49,0.65,2026-05-19,506,N20,VIIRS,n,2.0NRT,281.48,1.28,N
-23.41617,-61.26031,305.16,0.45,0.39,2026-05-19,506,N20,VIIRS,n,2.0NRT,279.51,1.27,N
-23.41539,-61.26467,308.85,0.45,0.39,2026-05-19,506,N20,VIIRS,n,2.0NRT,277.66,1.31,N
-23.41184,-61.26393,311.31,0.45,0.39,2026-05-19,506,N20,VIIRS,n,2.0NRT,279.35,1.47,N
-23.33431,-59.421,298.6,0.39,0.37,2026-05-19,506,N20,VIIRS,n,2.0NRT,281.3,0.91,N
-23.33367,-59.42486,319.38,0.39,0.37,2026-05-19,506,N20,VIIRS,n,2.0NRT,282.5,2.29,N
-23.33032,-59.42419,320.74,0.39,0.37,2026-05-19,506,N20,VIIRS,n,2.0NRT,282.77,2.08,N
-23.27878,-60.12258,310.71,0.41,0.37,2026-05-19,506,N20,VIIRS,n,2.0NRT,280.54,1.48,N
-23.27809,-60.12658,307.42,0.41,0.37,2026-05-19,506,N20,VIIRS,n,2.0NRT,279.68,0.86,N
-23.27574,-60.12312,299.97,0.41,0.37,2026-05-19,506,N20,VIIRS,n,2.0NRT,280.18,0.52,N
-23.27506,-60.12713,298.78,0.41,0.37,2026-05-19,506,N20,VIIRS,n,2.0NRT,279.98,0.57,N
-23.27467,-60.1259,299.75,0.41,0.37,2026-05-19,506,N20,VIIRS,n,2.0NRT,280.34,0.86,N
-22.31698,-68.8797,309.31,0.43,0.62,2026-05-19,506,N20,VIIRS,n,2.0NRT,276.65,2.31,N
-22.31602,-68.88383,317.15,0.43,0.62,2026-05-19,506,N20,VIIRS,n,2.0NRT,277.38,2.31,N
-34.86937,-57.91791,310.14,0.44,0.39,2026-05-19,508,N20,VIIRS,n,2.0NRT,275.83,1.0,N
-34.85828,-57.89072,305.11,0.45,0.39,2026-05-19,508,N20,VIIRS,n,2.0NRT,279.87,1.86,N
-34.85764,-57.89563,316.99,0.45,0.39,2026-05-19,508,N20,VIIRS,n,2.0NRT,277.33,1.64,N
-34.6228,-58.96683,326.37,0.41,0.37,2026-05-19,508,N20,VIIRS,n,2.0NRT,275.99,3.44,N
-34.56644,-58.81139,309.36,0.41,0.37,2026-05-19,508,N20,VIIRS,n,2.0NRT,275.65,1.44,N
-34.14871,-58.98483,327.97,0.41,0.37,2026-05-19,508,N20,VIIRS,n,2.0NRT,281.61,2.13,N
-34.10403,-70.45232,299.87,0.58,0.52,2026-05-19,508,N20,VIIRS,n,2.0NRT,279.68,4.3,N
-34.1026,-70.45834,334.0,0.58,0.52,2026-05-19,508,N20,VIIRS,n,2.0NRT,277.7,4.48,N
-33.37694,-60.14402,305.01,0.39,0.36,2026-05-19,508,N20,VIIRS,n,2.0NRT,281.15,1.21,N
-33.37631,-60.14819,314.6,0.39,0.36,2026-05-19,508,N20,VIIRS,n,2.0NRT,279.4,1.21,N
-33.37107,-60.15997,306.03,0.39,0.36,2026-05-19,508,N20,VIIRS,n,2.0NRT,280.37,0.78,N
-33.36774,-60.15924,330.88,0.39,0.36,2026-05-19,508,N20,VIIRS,n,2.0NRT,283.11,3.38,N
-33.35838,-60.15292,307.28,0.39,0.36,2026-05-19,508,N20,VIIRS,n,2.0NRT,283.52,1.62,N
-33.25735,-60.28352,324.52,0.39,0.36,2026-05-19,508,N20,VIIRS,n,2.0NRT,281.13,1.87,N
-32.69022,-60.73475,326.56,0.38,0.36,2026-05-19,508,N20,VIIRS,n,2.0NRT,279.84,1.5,N
-32.51325,-58.87197,305.58,0.4,0.37,2026-05-19,508,N20,VIIRS,n,2.0NRT,273.8,0.1,N
-32.50925,-58.87558,303.22,0.4,0.37,2026-05-19,508,N20,VIIRS,n,2.0NRT,274.63,0.09,N
-29.37259,-66.78176,308.95,0.46,0.47,2026-05-19,508,N20,VIIRS,n,2.0NRT,274.46,1.64,N
-38.88081,-73.13776,296.29,0.61,0.54,2026-05-19,510,N20,VIIRS,n,2.0NRT,276.0,1.37,N
-38.7439,-68.83759,326.91,0.57,0.43,2026-05-19,510,N20,VIIRS,n,2.0NRT,276.58,3.4,N
-38.69779,-68.71312,301.08,0.56,0.43,2026-05-19,510,N20,VIIRS,n,2.0NRT,273.29,0.74,N
-38.49784,-68.31953,323.94,0.55,0.42,2026-05-19,510,N20,VIIRS,n,2.0NRT,275.21,3.03,N
-38.41224,-68.71822,310.23,0.57,0.43,2026-05-19,510,N20,VIIRS,n,2.0NRT,270.87,2.13,N
-38.41138,-68.71711,307.77,0.57,0.43,2026-05-19,510,N20,VIIRS,n,2.0NRT,271.2,1.91,N
-38.26584,-68.62437,325.23,0.57,0.43,2026-05-19,510,N20,VIIRS,n,2.0NRT,274.41,3.17,N
-38.04305,-71.9995,305.68,0.56,0.52,2026-05-19,510,N20,VIIRS,n,2.0NRT,283.14,1.74,N
-37.71875,-69.18762,314.01,0.41,0.45,2026-05-19,510,N20,VIIRS,n,2.0NRT,271.51,2.09,N
-37.71783,-69.1318,303.59,0.41,0.45,2026-05-19,510,N20,VIIRS,n,2.0NRT,274.27,1.06,N
-37.71276,-69.13499,308.02,0.41,0.45,2026-05-19,510,N20,VIIRS,n,2.0NRT,274.94,1.24,N
-37.71173,-69.13969,300.52,0.41,0.45,2026-05-19,510,N20,VIIRS,n,2.0NRT,272.3,1.24,N
-37.65431,-71.84975,317.66,0.56,0.52,2026-05-19,510,N20,VIIRS,n,2.0NRT,279.6,1.85,N
-37.64973,-71.84767,296.3,0.56,0.52,2026-05-19,510,N20,VIIRS,n,2.0NRT,277.9,1.85,N
-37.52721,-69.09119,302.51,0.41,0.45,2026-05-19,510,N20,VIIRS,n,2.0NRT,271.7,1.0,N
-37.52385,-72.93187,296.99,0.32,0.55,2026-05-19,510,N20,VIIRS,n,2.0NRT,275.41,0.37,N
-37.523,-72.93522,305.96,0.32,0.55,2026-05-19,510,N20,VIIRS,n,2.0NRT,275.93,0.37,N
-37.52126,-72.93349,310.87,0.32,0.55,2026-05-19,510,N20,VIIRS,n,2.0NRT,277.34,1.18,N
-37.42597,-69.17191,329.16,0.42,0.45,2026-05-19,510,N20,VIIRS,n,2.0NRT,273.64,2.95,N
-37.42474,-69.09359,320.32,0.42,0.45,2026-05-19,510,N20,VIIRS,n,2.0NRT,274.42,1.75,N
-37.08344,-69.47619,309.42,0.44,0.46,2026-05-19,510,N20,VIIRS,n,2.0NRT,272.28,1.59,N
-36.98397,-60.24558,300.25,0.4,0.37,2026-05-19,510,N20,VIIRS,n,2.0NRT,274.75,0.83,N
-36.30433,-71.5923,296.38,0.59,0.53,2026-05-19,510,N20,VIIRS,n,2.0NRT,280.08,1.27,N
-36.30268,-71.59893,304.51,0.59,0.53,2026-05-19,510,N20,VIIRS,n,2.0NRT,279.8,1.64,N
-36.30208,-71.59141,296.16,0.59,0.53,2026-05-19,510,N20,VIIRS,n,2.0NRT,279.63,2.84,N
-36.30048,-71.59802,323.39,0.59,0.53,2026-05-19,510,N20,VIIRS,n,2.0NRT,280.7,2.84,N
-36.29888,-71.60466,307.35,0.59,0.53,2026-05-19,510,N20,VIIRS,n,2.0NRT,279.68,1.73,N
-36.29793,-71.59718,310.78,0.59,0.53,2026-05-19,510,N20,VIIRS,n,2.0NRT,279.62,3.27,N
-36.29728,-71.61125,298.87,0.59,0.53,2026-05-19,510,N20,VIIRS,n,2.0NRT,278.45,1.73,N
-36.29631,-71.60371,322.71,0.59,0.53,2026-05-19,510,N20,VIIRS,n,2.0NRT,280.57,3.27,N
-36.29467,-71.61028,311.52,0.59,0.53,2026-05-19,510,N20,VIIRS,n,2.0NRT,278.65,2.56,N
-36.29416,-71.60277,313.08,0.59,0.53,2026-05-19,510,N20,VIIRS,n,2.0NRT,278.4,1.73,N
-36.29257,-71.60934,305.03,0.59,0.53,2026-05-19,510,N20,VIIRS,n,2.0NRT,276.58,1.73,N
-35.71566,-72.3972,297.61,0.34,0.56,2026-05-19,510,N20,VIIRS,n,2.0NRT,281.2,0.77,N
-35.71465,-72.40121,308.07,0.34,0.56,2026-05-19,510,N20,VIIRS,n,2.0NRT,280.8,1.13,N
-35.3977,-71.18789,302.55,0.59,0.53,2026-05-19,510,N20,VIIRS,n,2.0NRT,281.09,1.59,N
-35.39497,-71.18787,317.67,0.59,0.53,2026-05-19,510,N20,VIIRS,n,2.0NRT,280.69,2.27,N
-35.3928,-71.18681,307.83,0.59,0.53,2026-05-19,510,N20,VIIRS,n,2.0NRT,279.93,1.59,N
9.63869,-63.55855,298.61,0.6,0.71,2026-05-19,635,N20,VIIRS,n,2.0NRT,284.67,2.37,N
9.63907,-63.55702,301.39,0.6,0.71,2026-05-19,635,N20,VIIRS,n,2.0NRT,285.07,2.07,N
9.64914,-63.613,298.61,0.6,0.7,2026-05-19,635,N20,VIIRS,n,2.0NRT,279.04,1.93,N
9.64989,-63.61135,301.3,0.6,0.7,2026-05-19,635,N20,VIIRS,n,2.0NRT,279.36,1.66,N
9.65309,-63.56053,311.56,0.6,0.71,2026-05-19,635,N20,VIIRS,n,2.0NRT,286.07,2.06,N
9.65322,-63.63426,296.75,0.6,0.7,2026-05-19,635,N20,VIIRS,n,2.0NRT,277.53,1.21,N
9.65411,-63.532,325.07,0.61,0.71,2026-05-19,635,N20,VIIRS,n,2.0NRT,285.92,8.44,N
9.65412,-63.63262,299.23,0.6,0.7,2026-05-19,635,N20,VIIRS,n,2.0NRT,275.74,1.54,N
9.65417,-63.56597,301.93,0.6,0.71,2026-05-19,635,N20,VIIRS,n,2.0NRT,286.16,1.74,N
9.6552,-63.53751,354.33,0.6,0.71,2026-05-19,635,N20,VIIRS,n,2.0NRT,285.2,8.44,N
9.6735,-63.56271,303.94,0.6,0.71,2026-05-19,635,N20,VIIRS,n,2.0NRT,282.15,1.37,N
9.67659,-63.47653,304.92,0.61,0.71,2026-05-19,635,N20,VIIRS,n,2.0NRT,273.22,1.87,N
9.69887,-63.41904,300.43,0.61,0.71,2026-05-19,635,N20,VIIRS,n,2.0NRT,285.27,1.86,N
9.70021,-63.52907,305.24,0.6,0.71,2026-05-19,635,N20,VIIRS,n,2.0NRT,276.69,2.65,N
9.70176,-63.53156,309.02,0.6,0.71,2026-05-19,635,N20,VIIRS,n,2.0NRT,275.47,3.53,N
9.73657,-63.47206,314.96,0.61,0.71,2026-05-19,635,N20,VIIRS,n,2.0NRT,268.89,2.28,N
9.73764,-63.47742,313.39,0.61,0.71,2026-05-19,635,N20,VIIRS,n,2.0NRT,271.16,2.28,N
9.7419,-63.43156,295.75,0.61,0.71,2026-05-19,635,N20,VIIRS,n,2.0NRT,274.8,1.8,N
9.77585,-63.26688,325.37,0.63,0.72,2026-05-19,635,N20,VIIRS,n,2.0NRT,286.71,3.6,N
9.77592,-63.26218,300.87,0.63,0.72,2026-05-19,635,N20,VIIRS,n,2.0NRT,286.46,2.59,N
9.77701,-63.2678,336.91,0.63,0.72,2026-05-19,635,N20,VIIRS,n,2.0NRT,286.55,5.16,N
9.85765,-63.33862,304.77,0.62,0.71,2026-05-19,635,N20,VIIRS,n,2.0NRT,286.5,0.99,N
9.97119,-64.24181,300.02,0.54,0.67,2026-05-19,635,N20,VIIRS,n,2.0NRT,287.2,0.55,N
10.05266,-64.85903,304.79,0.48,0.65,2026-05-19,635,N20,VIIRS,n,2.0NRT,288.57,1.6,N
10.0535,-64.86341,316.69,0.48,0.65,2026-05-19,635,N20,VIIRS,n,2.0NRT,288.7,1.6,N
10.05516,-64.87205,308.76,0.48,0.65,2026-05-19,635,N20,VIIRS,n,2.0NRT,288.65,1.87,N
10.05755,-64.88451,326.28,0.48,0.65,2026-05-19,635,N20,VIIRS,n,2.0NRT,288.96,2.33,N
10.05765,-64.85323,304.89,0.48,0.65,2026-05-19,635,N20,VIIRS,n,2.0NRT,289.01,3.09,N
10.05848,-64.85755,302.94,0.48,0.65,2026-05-19,635,N20,VIIRS,n,2.0NRT,288.99,4.08,N
10.06506,-64.89189,302.58,0.48,0.65,2026-05-19,635,N20,VIIRS,n,2.0NRT,288.85,0.91,N
10.07613,-64.89588,312.99,0.48,0.65,2026-05-19,635,N20,VIIRS,n,2.0NRT,289.07,1.96,N
10.07758,-64.89368,306.99,0.48,0.65,2026-05-19,635,N20,VIIRS,n,2.0NRT,288.3,1.92,N
10.0784,-64.89799,305.56,0.48,0.65,2026-05-19,635,N20,VIIRS,n,2.0NRT,288.65,1.31,N
10.21466,-64.6123,306.6,0.5,0.66,2026-05-19,635,N20,VIIRS,n,2.0NRT,288.64,1.84,N
10.21548,-64.61657,319.23,0.5,0.66,2026-05-19,635,N20,VIIRS,n,2.0NRT,289.04,1.84,N
10.23171,-64.56068,303.13,0.5,0.66,2026-05-19,635,N20,VIIRS,n,2.0NRT,288.35,0.67,N
10.23589,-64.56182,305.56,0.5,0.66,2026-05-19,635,N20,VIIRS,n,2.0NRT,288.45,1.25,N
11.1238,-70.31168,311.94,0.4,0.44,2026-05-19,635,N20,VIIRS,n,2.0NRT,292.81,1.71,N
11.13506,-72.57531,311.17,0.45,0.39,2026-05-19,635,N20,VIIRS,n,2.0NRT,295.86,4.64,N
11.14825,-72.52752,308.01,0.45,0.39,2026-05-19,635,N20,VIIRS,n,2.0NRT,294.68,4.21,N
11.1489,-72.5265,309.7,0.45,0.39,2026-05-19,635,N20,VIIRS,n,2.0NRT,294.49,4.31,N
11.15606,-72.53038,306.94,0.45,0.39,2026-05-19,635,N20,VIIRS,n,2.0NRT,294.16,3.86,N
11.61913,-70.22183,309.79,0.4,0.44,2026-05-19,635,N20,VIIRS,n,2.0NRT,288.07,11.24,N
11.61978,-70.22543,307.07,0.4,0.44,2026-05-19,635,N20,VIIRS,n,2.0NRT,289.75,9.05,N
11.6223,-70.22149,341.3,0.4,0.44,2026-05-19,635,N20,VIIRS,n,2.0NRT,294.95,34.1,N
11.62292,-70.22509,330.77,0.4,0.44,2026-05-19,635,N20,VIIRS,n,2.0NRT,293.0,13.61,N
11.62316,-70.22113,321.05,0.4,0.44,2026-05-19,635,N20,VIIRS,n,2.0NRT,295.88,11.24,N
11.62381,-70.22473,342.59,0.4,0.44,2026-05-19,635,N20,VIIRS,n,2.0NRT,294.38,9.05,N
11.62913,-70.23123,310.1,0.4,0.44,2026-05-19,635,N20,VIIRS,n,2.0NRT,292.89,4.42,N
11.62977,-70.23476,314.04,0.4,0.44,2026-05-19,635,N20,VIIRS,n,2.0NRT,292.63,4.42,N
11.63379,-70.23405,342.02,0.4,0.44,2026-05-19,635,N20,VIIRS,n,2.0NRT,294.6,4.42,N
11.73551,-70.19455,313.64,0.4,0.44,2026-05-19,635,N20,VIIRS,n,2.0NRT,293.92,3.69,N
11.73791,-70.23102,306.66,0.4,0.44,2026-05-19,635,N20,VIIRS,n,2.0NRT,292.26,2.02,N
11.73954,-70.19385,352.41,0.4,0.44,2026-05-19,635,N20,VIIRS,n,2.0NRT,296.15,15.91,N
11.75243,-70.17287,314.72,0.4,0.44,2026-05-19,635,N20,VIIRS,n,2.0NRT,292.92,2.12,N
8.27623,-62.8192,306.19,0.72,0.75,2026-05-19,637,N20,VIIRS,n,2.0NRT,284.17,2.06,N
8.3547,-62.85389,298.71,0.71,0.75,2026-05-19,637,N20,VIIRS,n,2.0NRT,283.46,1.83,N
8.57409,-62.73605,300.76,0.72,0.75,2026-05-19,637,N20,VIIRS,n,2.0NRT,285.21,3.32,N
8.57421,-62.7354,302.44,0.72,0.75,2026-05-19,637,N20,VIIRS,n,2.0NRT,285.09,5.32,N
8.57657,-62.74881,301.54,0.72,0.75,2026-05-19,637,N20,VIIRS,n,2.0NRT,285.16,3.8,N
8.57679,-62.74816,303.64,0.71,0.75,2026-05-19,637,N20,VIIRS,n,2.0NRT,285.14,5.39,N
8.57841,-62.72176,299.82,0.72,0.75,2026-05-19,637,N20,VIIRS,n,2.0NRT,285.26,3.21,N
8.57846,-62.72115,301.63,0.72,0.75,2026-05-19,637,N20,VIIRS,n,2.0NRT,284.87,4.44,N
8.57968,-62.72826,308.87,0.72,0.75,2026-05-19,637,N20,VIIRS,n,2.0NRT,285.34,3.21,N
8.57977,-62.72765,306.99,0.72,0.75,2026-05-19,637,N20,VIIRS,n,2.0NRT,285.03,3.88,N
8.58017,-62.69423,300.13,0.72,0.76,2026-05-19,637,N20,VIIRS,n,2.0NRT,284.96,1.71,N
8.58029,-62.69476,301.47,0.72,0.76,2026-05-19,637,N20,VIIRS,n,2.0NRT,284.96,3.01,N
8.58092,-62.73467,312.88,0.72,0.75,2026-05-19,637,N20,VIIRS,n,2.0NRT,285.26,3.32,N
8.58106,-62.73405,312.27,0.72,0.75,2026-05-19,637,N20,VIIRS,n,2.0NRT,285.1,3.88,N
8.58146,-62.70066,299.39,0.72,0.76,2026-05-19,637,N20,VIIRS,n,2.0NRT,284.94,2.72,N
8.58217,-62.74107,309.53,0.72,0.75,2026-05-19,637,N20,VIIRS,n,2.0NRT,285.08,3.32,N
8.58234,-62.74044,309.16,0.72,0.75,2026-05-19,637,N20,VIIRS,n,2.0NRT,285.12,4.4,N
8.58342,-62.7475,316.48,0.72,0.75,2026-05-19,637,N20,VIIRS,n,2.0NRT,285.15,3.8,N
8.58363,-62.74688,315.12,0.71,0.75,2026-05-19,637,N20,VIIRS,n,2.0NRT,284.51,4.4,N
8.58445,-62.68003,305.82,0.72,0.76,2026-05-19,637,N20,VIIRS,n,2.0NRT,284.69,2.76,N
8.58465,-62.68051,304.6,0.72,0.76,2026-05-19,637,N20,VIIRS,n,2.0NRT,285.14,1.72,N
8.5849,-62.75316,299.96,0.71,0.75,2026-05-19,637,N20,VIIRS,n,2.0NRT,283.21,3.26,N
8.58575,-62.68649,301.47,0.72,0.76,2026-05-19,637,N20,VIIRS,n,2.0NRT,284.69,2.63,N
8.5859,-62.68699,301.5,0.72,0.76,2026-05-19,637,N20,VIIRS,n,2.0NRT,284.91,1.72,N
8.5913,-62.67863,313.42,0.72,0.76,2026-05-19,637,N20,VIIRS,n,2.0NRT,284.87,2.76,N
8.5915,-62.67907,313.41,0.72,0.76,2026-05-19,637,N20,VIIRS,n,2.0NRT,284.84,2.23,N
8.59258,-62.68502,307.04,0.72,0.76,2026-05-19,637,N20,VIIRS,n,2.0NRT,285.08,2.63,N
8.59273,-62.68547,307.19,0.72,0.76,2026-05-19,637,N20,VIIRS,n,2.0NRT,284.64,2.23,N
8.59815,-62.6772,315.37,0.72,0.76,2026-05-19,637,N20,VIIRS,n,2.0NRT,285.05,2.35,N
8.59834,-62.67764,318.77,0.72,0.76,2026-05-19,637,N20,VIIRS,n,2.0NRT,285.09,2.23,N
8.59943,-62.6836,303.8,0.72,0.76,2026-05-19,637,N20,VIIRS,n,2.0NRT,284.72,1.98,N
8.59958,-62.68403,300.43,0.72,0.76,2026-05-19,637,N20,VIIRS,n,2.0NRT,284.82,2.23,N
9.22629,-64.05724,321.71,0.57,0.69,2026-05-19,637,N20,VIIRS,n,2.0NRT,287.58,2.89,N
9.22728,-64.06233,316.87,0.57,0.69,2026-05-19,637,N20,VIIRS,n,2.0NRT,287.06,2.89,N
9.33366,-65.11103,312.32,0.48,0.65,2026-05-19,637,N20,VIIRS,n,2.0NRT,280.78,1.68,N
9.37341,-64.52365,322.38,0.52,0.67,2026-05-19,637,N20,VIIRS,n,2.0NRT,279.4,2.92,N
9.37417,-64.52601,314.23,0.52,0.67,2026-05-19,637,N20,VIIRS,n,2.0NRT,279.57,3.02,N
9.37601,-64.53532,307.43,0.52,0.67,2026-05-19,637,N20,VIIRS,n,2.0NRT,277.57,2.7,N
10.23415,-72.30113,308.9,0.48,0.4,2026-05-19,637,N20,VIIRS,n,2.0NRT,291.9,1.19,N
10.23779,-72.30051,311.01,0.48,0.4,2026-05-19,637,N20,VIIRS,n,2.0NRT,290.59,1.19,N
10.23793,-72.30365,314.95,0.48,0.4,2026-05-19,637,N20,VIIRS,n,2.0NRT,291.21,1.66,N
10.23853,-72.30483,307.42,0.48,0.4,2026-05-19,637,N20,VIIRS,n,2.0NRT,290.18,1.19,N
10.24157,-72.30302,303.8,0.48,0.4,2026-05-19,637,N20,VIIRS,n,2.0NRT,288.54,1.66,N
10.31913,-75.48766,309.71,0.38,0.36,2026-05-19,637,N20,VIIRS,n,2.0NRT,293.6,0.88,N
10.48792,-71.6344,312.78,0.51,0.41,2026-05-19,637,N20,VIIRS,n,2.0NRT,291.92,4.81,N
10.6172,-71.68515,307.59,0.51,0.41,2026-05-19,637,N20,VIIRS,n,2.0NRT,293.88,3.17,N
10.69981,-73.00996,308.06,0.44,0.38,2026-05-19,637,N20,VIIRS,n,2.0NRT,294.36,1.21,N
10.94579,-72.76825,312.56,0.45,0.39,2026-05-19,637,N20,VIIRS,n,2.0NRT,294.75,1.54,N
10.96516,-72.73175,309.3,0.45,0.39,2026-05-19,637,N20,VIIRS,n,2.0NRT,294.3,1.99,N
10.96528,-72.73249,311.89,0.45,0.39,2026-05-19,637,N20,VIIRS,n,2.0NRT,294.21,1.91,N
10.97872,-72.72602,307.11,0.45,0.39,2026-05-19,637,N20,VIIRS,n,2.0NRT,295.21,2.84,N
11.02997,-72.66303,311.49,0.45,0.39,2026-05-19,637,N20,VIIRS,n,2.0NRT,295.66,3.56,N
11.03487,-74.75251,311.78,0.39,0.36,2026-05-19,637,N20,VIIRS,n,2.0NRT,293.75,0.61,N
11.07992,-72.68098,306.37,0.45,0.39,2026-05-19,637,N20,VIIRS,n,2.0NRT,289.12,1.31,N
-9.05879,-78.60374,316.53,0.4,0.37,2026-05-19,642,N20,VIIRS,n,2.0NRT,290.81,1.62,N
-9.05541,-78.60321,301.81,0.4,0.37,2026-05-19,642,N20,VIIRS,n,2.0NRT,290.57,0.59,N
-9.05203,-78.60268,304.4,0.4,0.37,2026-05-19,642,N20,VIIRS,n,2.0NRT,291.09,0.59,N
-8.38811,-78.68214,311.77,0.4,0.37,2026-05-19,642,N20,VIIRS,n,2.0NRT,290.0,1.0,N
-8.04009,-79.03879,304.54,0.39,0.36,2026-05-19,642,N20,VIIRS,n,2.0NRT,289.49,0.63,N
-7.93395,-79.26227,341.43,0.39,0.36,2026-05-19,642,N20,VIIRS,n,2.0NRT,290.96,2.03,N
-7.93341,-79.26576,331.12,0.39,0.36,2026-05-19,642,N20,VIIRS,n,2.0NRT,289.86,2.03,N
-7.93063,-79.26175,299.85,0.39,0.36,2026-05-19,642,N20,VIIRS,n,2.0NRT,289.15,2.03,N
-7.93009,-79.26524,307.08,0.39,0.36,2026-05-19,642,N20,VIIRS,n,2.0NRT,289.53,2.03,N
-4.92357,-80.68085,303.21,0.4,0.37,2026-05-19,642,N20,VIIRS,n,2.0NRT,289.97,0.76,N
-4.58107,-81.28692,309.62,0.42,0.38,2026-05-19,642,N20,VIIRS,n,2.0NRT,291.57,3.69,N
-4.51349,-81.23004,311.85,0.42,0.38,2026-05-19,642,N20,VIIRS,n,2.0NRT,292.78,0.68,N
-16.40579,-71.60992,302.77,0.42,0.61,2026-05-19,644,N20,VIIRS,n,2.0NRT,278.9,1.59,N
-34.10669,-70.45879,309.13,0.72,0.76,2026-05-19,650,N20,VIIRS,n,2.0NRT,279.27,2.86,N
-34.10383,-70.45777,304.89,0.72,0.76,2026-05-19,650,N20,VIIRS,n,2.0NRT,278.37,2.97,N
-20.24897,-40.24422,326.01,0.52,0.5,2026-05-19,1552,N20,VIIRS,n,2.0NRT,274.41,4.3,D
-20.24379,-40.23979,325.97,0.52,0.5,2026-05-19,1552,N20,VIIRS,n,2.0NRT,275.64,4.3,D
-17.21593,-40.61633,325.59,0.5,0.49,2026-05-19,1554,N20,VIIRS,n,2.0NRT,290.56,2.57,D
-16.78042,-39.58183,349.83,0.43,0.46,2026-05-19,1554,N20,VIIRS,n,2.0NRT,286.78,8.78,D
-15.67307,-39.80166,330.95,0.43,0.46,2026-05-19,1554,N20,VIIRS,n,2.0NRT,295.42,3.37,D
-15.20711,-43.82016,342.23,0.39,0.59,2026-05-19,1554,N20,VIIRS,n,2.0NRT,297.83,5.42,D
-14.79167,-41.62815,339.03,0.55,0.51,2026-05-19,1554,N20,VIIRS,n,2.0NRT,299.81,12.62,D
-14.79104,-41.62291,330.53,0.55,0.51,2026-05-19,1554,N20,VIIRS,n,2.0NRT,295.9,7.27,D
-14.25634,-42.81428,338.18,0.32,0.55,2026-05-19,1554,N20,VIIRS,n,2.0NRT,301.15,3.15,D
-14.25573,-42.81366,338.51,0.32,0.55,2026-05-19,1554,N20,VIIRS,n,2.0NRT,301.38,2.25,D
-14.2477,-42.11734,333.8,0.58,0.52,2026-05-19,1554,N20,VIIRS,n,2.0NRT,299.09,5.37,D
-14.16048,-45.31121,334.4,0.48,0.64,2026-05-19,1554,N20,VIIRS,n,2.0NRT,301.12,9.82,D
-14.16,-45.30684,367.0,0.48,0.64,2026-05-19,1554,N20,VIIRS,h,2.0NRT,302.54,10.95,D
-14.15548,-45.32051,331.25,0.48,0.64,2026-05-19,1554,N20,VIIRS,l,2.0NRT,301.43,3.06,D
-14.15453,-45.31173,350.64,0.48,0.64,2026-05-19,1554,N20,VIIRS,n,2.0NRT,303.23,9.82,D
-14.15405,-45.30737,344.8,0.48,0.64,2026-05-19,1554,N20,VIIRS,n,2.0NRT,302.33,10.95,D
-13.88646,-39.46698,326.92,0.39,0.44,2026-05-19,1554,N20,VIIRS,n,2.0NRT,292.29,1.46,D
-13.85933,-39.32367,333.74,0.57,0.43,2026-05-19,1554,N20,VIIRS,n,2.0NRT,295.59,8.87,D
-13.80437,-41.80635,337.75,0.54,0.51,2026-05-19,1554,N20,VIIRS,n,2.0NRT,303.12,7.53,D
-13.74121,-39.59403,327.12,0.39,0.44,2026-05-19,1554,N20,VIIRS,n,2.0NRT,293.24,1.89,D
-13.53392,-39.99595,334.31,0.41,0.45,2026-05-19,1554,N20,VIIRS,n,2.0NRT,299.73,2.68,D
-13.44596,-38.92978,339.72,0.53,0.42,2026-05-19,1554,N20,VIIRS,n,2.0NRT,297.33,6.77,D
-14.04737,-46.34465,330.02,0.56,0.69,2026-05-19,1556,N20,VIIRS,l,2.0NRT,304.45,4.95,D
-13.64096,-41.58765,354.65,0.52,0.5,2026-05-19,1556,N20,VIIRS,n,2.0NRT,301.57,13.03,D
-13.37288,-40.03821,335.39,0.41,0.45,2026-05-19,1556,N20,VIIRS,n,2.0NRT,299.19,3.41,D
-13.37184,-39.67993,340.46,0.39,0.44,2026-05-19,1556,N20,VIIRS,n,2.0NRT,296.4,3.9,D
-13.37041,-40.03844,335.6,0.41,0.45,2026-05-19,1556,N20,VIIRS,n,2.0NRT,298.81,4.44,D
-13.29513,-39.34587,330.71,0.56,0.43,2026-05-19,1556,N20,VIIRS,n,2.0NRT,295.22,4.23,D
-13.24004,-39.77758,340.26,0.4,0.44,2026-05-19,1556,N20,VIIRS,n,2.0NRT,301.66,5.58,D
-13.00726,-42.67009,337.11,0.61,0.53,2026-05-19,1556,N20,VIIRS,n,2.0NRT,303.45,6.14,D
-12.73897,-40.27335,349.53,0.42,0.45,2026-05-19,1556,N20,VIIRS,n,2.0NRT,307.1,18.9,D
-12.7348,-40.27386,355.88,0.42,0.45,2026-05-19,1556,N20,VIIRS,n,2.0NRT,306.62,18.9,D
-12.68949,-45.47364,337.32,0.47,0.64,2026-05-19,1556,N20,VIIRS,n,2.0NRT,303.39,5.36,D
-12.64178,-41.15683,335.42,0.47,0.48,2026-05-19,1556,N20,VIIRS,n,2.0NRT,297.02,5.99,D
-12.61837,-39.26961,335.73,0.54,0.42,2026-05-19,1556,N20,VIIRS,n,2.0NRT,299.91,4.76,D
-12.61803,-39.27217,341.71,0.54,0.42,2026-05-19,1556,N20,VIIRS,n,2.0NRT,299.99,6.33,D
-12.61679,-38.93673,332.4,0.52,0.42,2026-05-19,1556,N20,VIIRS,n,2.0NRT,299.35,4.15,D
-12.61615,-38.932,343.88,0.52,0.41,2026-05-19,1556,N20,VIIRS,n,2.0NRT,298.47,14.21,D
-12.6131,-44.52254,335.08,0.4,0.6,2026-05-19,1556,N20,VIIRS,n,2.0NRT,306.63,12.67,D
-12.61266,-44.51885,354.7,0.4,0.6,2026-05-19,1556,N20,VIIRS,n,2.0NRT,310.08,12.67,D
-12.61222,-44.51518,335.36,0.4,0.6,2026-05-19,1556,N20,VIIRS,n,2.0NRT,304.62,10.29,D
-12.60802,-44.52692,352.74,0.4,0.6,2026-05-19,1556,N20,VIIRS,n,2.0NRT,306.86,53.08,D
-12.60713,-44.51951,367.0,0.4,0.6,2026-05-19,1556,N20,VIIRS,h,2.0NRT,308.73,115.44,D
-12.6025,-44.52765,340.97,0.4,0.6,2026-05-19,1556,N20,VIIRS,n,2.0NRT,305.93,53.08,D
-12.60161,-44.52023,342.68,0.4,0.6,2026-05-19,1556,N20,VIIRS,n,2.0NRT,305.03,115.44,D
-12.46918,-38.34842,348.55,0.48,0.4,2026-05-19,1556,N20,VIIRS,n,2.0NRT,304.8,9.53,D
-12.46549,-38.3489,340.32,0.48,0.4,2026-05-19,1556,N20,VIIRS,n,2.0NRT,302.29,19.76,D
-12.45504,-38.9357,331.66,0.52,0.41,2026-05-19,1556,N20,VIIRS,n,2.0NRT,297.99,2.36,D
-12.42708,-40.38924,349.45,0.42,0.45,2026-05-19,1556,N20,VIIRS,n,2.0NRT,299.57,6.68,D
-12.33563,-44.59193,336.13,0.4,0.6,2026-05-19,1556,N20,VIIRS,n,2.0NRT,302.69,4.53,D
-12.33203,-39.36879,341.49,0.55,0.42,2026-05-19,1556,N20,VIIRS,n,2.0NRT,305.64,6.71,D
-12.24687,-38.25333,336.21,0.47,0.4,2026-05-19,1556,N20,VIIRS,n,2.0NRT,296.45,6.02,D
-12.22406,-44.26529,341.17,0.38,0.59,2026-05-19,1556,N20,VIIRS,n,2.0NRT,300.48,4.53,D
-12.22363,-44.26171,346.07,0.38,0.59,2026-05-19,1556,N20,VIIRS,n,2.0NRT,300.79,4.53,D
-12.22321,-44.25819,340.78,0.38,0.59,2026-05-19,1556,N20,VIIRS,n,2.0NRT,301.03,4.14,D
-12.22279,-44.25466,331.89,0.38,0.59,2026-05-19,1556,N20,VIIRS,n,2.0NRT,301.39,4.14,D
-12.22237,-44.25113,332.89,0.38,0.59,2026-05-19,1556,N20,VIIRS,n,2.0NRT,301.49,5.41,D
-12.15722,-38.09113,347.44,0.46,0.39,2026-05-19,1556,N20,VIIRS,n,2.0NRT,304.17,6.43,D
-12.09839,-40.28586,341.22,0.41,0.45,2026-05-19,1556,N20,VIIRS,n,2.0NRT,302.07,21.6,D
-12.09428,-40.2865,341.29,0.41,0.45,2026-05-19,1556,N20,VIIRS,n,2.0NRT,299.56,14.45,D
-12.06675,-45.28875,341.46,0.45,0.63,2026-05-19,1556,N20,VIIRS,n,2.0NRT,308.72,7.76,D
-12.06097,-45.28934,339.76,0.45,0.63,2026-05-19,1556,N20,VIIRS,n,2.0NRT,308.9,11.14,D
-12.03303,-40.29909,332.15,0.41,0.45,2026-05-19,1556,N20,VIIRS,n,2.0NRT,299.4,3.3,D
-11.99094,-47.37095,332.26,0.62,0.71,2026-05-19,1556,N20,VIIRS,l,2.0NRT,302.53,5.33,D
-11.98483,-44.98788,335.35,0.42,0.61,2026-05-19,1556,N20,VIIRS,n,2.0NRT,300.56,3.03,D
-11.94766,-37.98176,334.21,0.46,0.39,2026-05-19,1556,N20,VIIRS,n,2.0NRT,302.23,4.25,D
-11.93269,-43.4084,332.32,0.33,0.55,2026-05-19,1556,N20,VIIRS,l,2.0NRT,307.28,2.3,D
-11.92724,-43.40606,338.88,0.33,0.55,2026-05-19,1556,N20,VIIRS,n,2.0NRT,308.59,3.54,D
-11.92687,-43.40306,347.07,0.33,0.55,2026-05-19,1556,N20,VIIRS,n,2.0NRT,305.68,3.54,D
-11.85468,-39.50424,336.51,0.55,0.43,2026-05-19,1556,N20,VIIRS,n,2.0NRT,305.9,5.09,D
-11.81816,-39.67161,344.59,0.56,0.43,2026-05-19,1556,N20,VIIRS,n,2.0NRT,303.86,9.57,D
-11.81771,-39.67446,333.08,0.56,0.43,2026-05-19,1556,N20,VIIRS,l,2.0NRT,304.39,6.29,D
-11.7052,-47.81655,332.03,0.66,0.73,2026-05-19,1556,N20,VIIRS,l,2.0NRT,304.33,8.63,D
-11.64078,-47.87797,346.24,0.66,0.73,2026-05-19,1556,N20,VIIRS,n,2.0NRT,301.36,7.09,D
-11.63705,-47.87873,355.39,0.66,0.73,2026-05-19,1556,N20,VIIRS,n,2.0NRT,303.57,10.79,D
-11.61695,-38.89952,331.42,0.5,0.41,2026-05-19,1556,N20,VIIRS,n,2.0NRT,299.37,4.86,D
-11.60509,-47.10287,367.0,0.59,0.7,2026-05-19,1556,N20,VIIRS,h,2.0NRT,300.29,21.47,D
-11.58922,-38.27108,346.86,0.47,0.4,2026-05-19,1556,N20,VIIRS,n,2.0NRT,298.62,6.09,D
-11.58501,-41.99613,332.09,0.52,0.5,2026-05-19,1556,N20,VIIRS,n,2.0NRT,305.5,4.2,D
-11.58457,-41.99341,331.05,0.52,0.5,2026-05-19,1556,N20,VIIRS,l,2.0NRT,304.91,2.4,D
-11.5676,-37.64315,332.57,0.44,0.38,2026-05-19,1556,N20,VIIRS,n,2.0NRT,301.42,3.1,D
-11.48511,-39.48728,338.59,0.54,0.42,2026-05-19,1556,N20,VIIRS,n,2.0NRT,305.68,6.36,D
-11.44575,-39.28403,332.37,0.53,0.42,2026-05-19,1556,N20,VIIRS,l,2.0NRT,303.75,3.32,D
-11.34062,-48.19369,330.37,0.69,0.74,2026-05-19,1556,N20,VIIRS,n,2.0NRT,298.22,6.74,D
-11.23423,-37.68256,330.45,0.44,0.38,2026-05-19,1556,N20,VIIRS,n,2.0NRT,298.03,3.09,D
-11.19985,-39.31249,336.74,0.52,0.42,2026-05-19,1556,N20,VIIRS,n,2.0NRT,306.25,5.41,D
-11.13502,-46.68786,338.04,0.54,0.68,2026-05-19,1556,N20,VIIRS,n,2.0NRT,302.75,5.68,D
-11.13443,-46.68277,333.78,0.54,0.68,2026-05-19,1556,N20,VIIRS,n,2.0NRT,303.28,5.28,D
-11.12955,-46.78699,367.0,0.55,0.68,2026-05-19,1556,N20,VIIRS,h,2.0NRT,300.7,11.79,D
-11.12799,-46.79173,355.95,0.55,0.68,2026-05-19,1556,N20,VIIRS,n,2.0NRT,302.19,27.37,D
-11.12734,-46.78609,367.0,0.55,0.68,2026-05-19,1556,N20,VIIRS,h,2.0NRT,299.85,18.57,D
-11.12402,-46.79382,367.0,0.55,0.68,2026-05-19,1556,N20,VIIRS,h,2.0NRT,301.44,9.59,D
-11.12337,-46.78846,346.93,0.55,0.68,2026-05-19,1556,N20,VIIRS,n,2.0NRT,300.87,9.59,D
-11.1227,-46.58191,330.6,0.53,0.67,2026-05-19,1556,N20,VIIRS,n,2.0NRT,298.54,20.58,D
-11.12211,-46.57686,354.0,0.53,0.67,2026-05-19,1556,N20,VIIRS,n,2.0NRT,306.21,29.84,D
-11.12152,-46.57183,367.0,0.53,0.67,2026-05-19,1556,N20,VIIRS,h,2.0NRT,302.24,29.84,D
-11.11652,-46.58279,353.42,0.53,0.67,2026-05-19,1556,N20,VIIRS,n,2.0NRT,300.89,25.24,D
-11.11596,-46.5779,367.0,0.53,0.67,2026-05-19,1556,N20,VIIRS,h,2.0NRT,305.97,17.7,D
-11.11537,-46.57289,349.84,0.53,0.67,2026-05-19,1556,N20,VIIRS,n,2.0NRT,301.28,17.7,D
-11.11086,-46.75292,333.94,0.55,0.68,2026-05-19,1556,N20,VIIRS,n,2.0NRT,299.92,6.35,D
-11.11057,-46.5802,345.39,0.53,0.67,2026-05-19,1556,N20,VIIRS,n,2.0NRT,298.55,10.87,D
-11.10997,-46.57532,367.0,0.53,0.67,2026-05-19,1556,N20,VIIRS,h,2.0NRT,303.6,11.53,D
-11.10979,-46.57884,354.51,0.53,0.67,2026-05-19,1556,N20,VIIRS,n,2.0NRT,299.96,17.7,D
-11.10937,-46.57041,334.03,0.53,0.67,2026-05-19,1556,N20,VIIRS,n,2.0NRT,296.56,11.53,D
-11.10922,-46.57392,367.0,0.53,0.67,2026-05-19,1556,N20,VIIRS,h,2.0NRT,301.76,17.7,D
-11.10659,-46.75479,332.33,0.55,0.68,2026-05-19,1556,N20,VIIRS,n,2.0NRT,298.54,3.6,D
-11.1052,-46.7589,342.9,0.55,0.68,2026-05-19,1556,N20,VIIRS,n,2.0NRT,301.44,6.35,D
-11.10095,-46.7606,335.26,0.55,0.68,2026-05-19,1556,N20,VIIRS,n,2.0NRT,299.39,7.53,D
-11.06231,-47.14331,334.82,0.58,0.7,2026-05-19,1556,N20,VIIRS,n,2.0NRT,299.09,9.55,D
-11.06102,-47.14561,343.35,0.58,0.7,2026-05-19,1556,N20,VIIRS,n,2.0NRT,301.53,9.81,D
-11.02518,-42.84923,341.21,0.59,0.53,2026-05-19,1556,N20,VIIRS,n,2.0NRT,300.41,8.73,D
-11.00136,-38.56928,330.17,0.48,0.4,2026-05-19,1556,N20,VIIRS,n,2.0NRT,300.06,4.23,D
-10.99707,-38.56545,331.66,0.48,0.4,2026-05-19,1556,N20,VIIRS,n,2.0NRT,299.08,3.42,D
-10.94144,-39.63221,333.38,0.54,0.42,2026-05-19,1556,N20,VIIRS,n,2.0NRT,300.98,2.45,D
-10.91431,-40.48139,341.08,0.41,0.45,2026-05-19,1556,N20,VIIRS,n,2.0NRT,299.92,8.74,D
-10.8818,-38.41418,341.91,0.47,0.39,2026-05-19,1556,N20,VIIRS,n,2.0NRT,303.6,6.45,D
-10.86941,-39.04543,337.74,0.5,0.41,2026-05-19,1556,N20,VIIRS,n,2.0NRT,304.66,4.94,D
-10.86839,-39.04385,335.83,0.5,0.41,2026-05-19,1556,N20,VIIRS,n,2.0NRT,301.04,5.18,D
-10.83888,-40.14078,343.11,0.39,0.44,2026-05-19,1556,N20,VIIRS,n,2.0NRT,302.31,5.24,D
-10.80983,-40.50467,340.78,0.41,0.45,2026-05-19,1556,N20,VIIRS,n,2.0NRT,300.18,6.11,D
-10.73706,-46.68789,340.16,0.53,0.67,2026-05-19,1556,N20,VIIRS,n,2.0NRT,299.63,5.56,D
-10.68565,-46.72315,330.29,0.54,0.68,2026-05-19,1556,N20,VIIRS,n,2.0NRT,300.02,3.73,D
-10.68416,-46.71966,331.82,0.54,0.68,2026-05-19,1556,N20,VIIRS,n,2.0NRT,300.38,5.62,D
-10.60363,-46.66851,333.3,0.53,0.67,2026-05-19,1556,N20,VIIRS,n,2.0NRT,301.15,3.37,D
-10.60295,-44.99608,336.54,0.41,0.6,2026-05-19,1556,N20,VIIRS,n,2.0NRT,299.11,3.1,D
-10.57893,-46.66438,338.07,0.53,0.67,2026-05-19,1556,N20,VIIRS,n,2.0NRT,301.84,9.34,D
-10.57834,-46.65963,351.72,0.53,0.67,2026-05-19,1556,N20,VIIRS,n,2.0NRT,298.95,7.28,D
-10.5778,-46.66208,367.0,0.53,0.67,2026-05-19,1556,N20,VIIRS,h,2.0NRT,300.77,6.78,D
-10.57724,-46.65731,331.46,0.53,0.67,2026-05-19,1556,N20,VIIRS,n,2.0NRT,297.1,6.78,D
-10.57336,-46.67005,367.0,0.53,0.67,2026-05-19,1556,N20,VIIRS,h,2.0NRT,302.65,9.34,D
-10.57277,-46.66531,331.89,0.53,0.67,2026-05-19,1556,N20,VIIRS,n,2.0NRT,299.0,9.34,D
-10.5722,-46.66777,367.0,0.53,0.67,2026-05-19,1556,N20,VIIRS,h,2.0NRT,301.41,17.53,D
-10.57218,-46.66054,345.08,0.53,0.67,2026-05-19,1556,N20,VIIRS,n,2.0NRT,298.6,7.28,D
-10.57108,-46.6582,336.86,0.53,0.67,2026-05-19,1556,N20,VIIRS,n,2.0NRT,298.28,10.02,D
-10.54323,-46.06089,367.0,0.48,0.65,2026-05-19,1556,N20,VIIRS,h,2.0NRT,301.53,19.84,D
-10.52746,-38.94236,335.99,0.49,0.4,2026-05-19,1556,N20,VIIRS,n,2.0NRT,303.91,5.25,D
-10.52577,-38.94526,333.47,0.49,0.4,2026-05-19,1556,N20,VIIRS,n,2.0NRT,302.86,3.01,D
-10.49943,-42.40371,344.85,0.54,0.51,2026-05-19,1556,N20,VIIRS,n,2.0NRT,308.97,20.94,D
-10.49671,-48.11395,353.91,0.66,0.73,2026-05-19,1556,N20,VIIRS,n,2.0NRT,301.17,17.28,D
-10.49599,-48.10784,331.23,0.66,0.73,2026-05-19,1556,N20,VIIRS,n,2.0NRT,298.13,15.52,D
-10.49478,-42.40434,331.46,0.54,0.51,2026-05-19,1556,N20,VIIRS,l,2.0NRT,304.2,4.26,D
-10.45025,-47.94918,339.88,0.65,0.73,2026-05-19,1556,N20,VIIRS,n,2.0NRT,304.17,10.26,D
-10.44957,-47.94331,333.12,0.65,0.73,2026-05-19,1556,N20,VIIRS,n,2.0NRT,299.1,10.26,D
-10.42903,-39.18351,341.11,0.51,0.41,2026-05-19,1556,N20,VIIRS,n,2.0NRT,303.01,14.83,D
-10.34947,-37.00274,333.73,0.41,0.37,2026-05-19,1556,N20,VIIRS,n,2.0NRT,299.71,2.8,D
-10.19402,-46.57763,367.0,0.52,0.67,2026-05-19,1556,N20,VIIRS,h,2.0NRT,298.0,13.09,D
-10.19215,-36.95476,338.63,0.4,0.37,2026-05-19,1556,N20,VIIRS,n,2.0NRT,297.3,10.48,D
-10.18106,-46.8731,330.53,0.54,0.68,2026-05-19,1556,N20,VIIRS,n,2.0NRT,298.6,8.92,D
-10.1799,-46.87805,331.18,0.54,0.68,2026-05-19,1556,N20,VIIRS,n,2.0NRT,299.81,4.16,D
-10.17933,-46.87321,334.71,0.54,0.68,2026-05-19,1556,N20,VIIRS,n,2.0NRT,299.05,4.16,D
-10.08525,-46.25674,367.0,0.49,0.65,2026-05-19,1556,N20,VIIRS,h,2.0NRT,294.64,8.24,D
-10.08472,-46.59991,339.52,0.52,0.67,2026-05-19,1556,N20,VIIRS,n,2.0NRT,299.87,7.17,D
-10.08414,-46.59513,341.32,0.52,0.67,2026-05-19,1556,N20,VIIRS,n,2.0NRT,298.25,6.12,D
-10.08183,-46.25651,367.0,0.49,0.65,2026-05-19,1556,N20,VIIRS,h,2.0NRT,290.17,18.51,D
-10.08129,-46.25189,367.0,0.49,0.65,2026-05-19,1556,N20,VIIRS,h,2.0NRT,295.65,15.49,D
-10.0787,-46.25286,367.0,0.49,0.65,2026-05-19,1556,N20,VIIRS,h,2.0NRT,296.03,9.71,D
-9.98553,-40.41965,338.16,0.39,0.44,2026-05-19,1556,N20,VIIRS,n,2.0NRT,301.27,1.44,D
-9.96262,-39.29549,333.07,0.51,0.41,2026-05-19,1556,N20,VIIRS,n,2.0NRT,300.01,2.96,D
-9.92345,-37.10172,348.48,0.41,0.37,2026-05-19,1556,N20,VIIRS,n,2.0NRT,303.1,13.69,D
-9.86105,-37.19798,341.05,0.41,0.37,2026-05-19,1556,N20,VIIRS,n,2.0NRT,302.22,2.81,D
-9.82909,-37.627,330.39,0.42,0.38,2026-05-19,1556,N20,VIIRS,l,2.0NRT,302.99,2.1,D
-9.7901,-37.5041,341.16,0.42,0.38,2026-05-19,1556,N20,VIIRS,n,2.0NRT,298.68,5.79,D
-9.74388,-37.16231,336.7,0.41,0.37,2026-05-19,1556,N20,VIIRS,n,2.0NRT,306.56,5.3,D
-9.73972,-37.25436,343.05,0.41,0.37,2026-05-19,1556,N20,VIIRS,n,2.0NRT,308.52,4.3,D
-9.73917,-37.25065,341.12,0.41,0.37,2026-05-19,1556,N20,VIIRS,n,2.0NRT,306.15,4.3,D
-9.73861,-37.24693,335.02,0.41,0.37,2026-05-19,1556,N20,VIIRS,n,2.0NRT,303.71,1.98,D
-9.65532,-44.52669,333.52,0.37,0.58,2026-05-19,1556,N20,VIIRS,n,2.0NRT,297.82,4.12,D
-9.65001,-44.52738,354.13,0.37,0.58,2026-05-19,1556,N20,VIIRS,n,2.0NRT,298.72,4.12,D
-9.61148,-47.93132,335.31,0.63,0.72,2026-05-19,1556,N20,VIIRS,n,2.0NRT,294.59,7.2,D
-9.57423,-38.26201,333.59,0.45,0.39,2026-05-19,1556,N20,VIIRS,n,2.0NRT,305.04,3.54,D
-9.52492,-46.26486,333.31,0.48,0.65,2026-05-19,1556,N20,VIIRS,n,2.0NRT,299.85,5.32,D
-9.519,-46.26582,334.16,0.48,0.65,2026-05-19,1556,N20,VIIRS,n,2.0NRT,298.13,5.32,D
-9.5136,-46.27087,330.61,0.48,0.65,2026-05-19,1556,N20,VIIRS,l,2.0NRT,301.78,5.57,D
-9.51307,-46.26665,339.59,0.48,0.65,2026-05-19,1556,N20,VIIRS,n,2.0NRT,299.29,5.57,D
-9.43211,-47.43193,352.66,0.58,0.7,2026-05-19,1556,N20,VIIRS,n,2.0NRT,298.58,12.48,D
-9.3345,-36.83653,332.17,0.4,0.37,2026-05-19,1556,N20,VIIRS,l,2.0NRT,302.56,2.32,D
-9.22043,-46.66953,340.3,0.51,0.66,2026-05-19,1556,N20,VIIRS,n,2.0NRT,298.94,6.8,D
-9.21985,-46.66483,334.5,0.51,0.66,2026-05-19,1556,N20,VIIRS,n,2.0NRT,298.93,8.59,D
-9.20981,-45.68568,330.39,0.43,0.62,2026-05-19,1556,N20,VIIRS,n,2.0NRT,295.54,2.98,D
-9.20709,-36.23764,333.05,0.39,0.36,2026-05-19,1556,N20,VIIRS,n,2.0NRT,299.01,3.32,D
-9.15151,-40.305,336.42,0.57,0.43,2026-05-19,1556,N20,VIIRS,n,2.0NRT,305.1,4.8,D
-9.11111,-40.49497,339.33,0.39,0.44,2026-05-19,1556,N20,VIIRS,n,2.0NRT,305.02,8.49,D
-9.11103,-35.27081,333.71,0.38,0.36,2026-05-19,1556,N20,VIIRS,n,2.0NRT,300.6,2.68,D
-9.10703,-47.96006,336.24,0.62,0.71,2026-05-19,1556,N20,VIIRS,n,2.0NRT,293.46,5.98,D
-9.06968,-35.66626,335.14,0.38,0.36,2026-05-19,1556,N20,VIIRS,n,2.0NRT,303.38,4.34,D
-9.02253,-45.09303,339.49,0.39,0.6,2026-05-19,1556,N20,VIIRS,n,2.0NRT,301.82,5.94,D
-9.01868,-36.96953,334.85,0.4,0.37,2026-05-19,1556,N20,VIIRS,n,2.0NRT,304.95,6.74,D
-9.01418,-37.45743,335.06,0.41,0.37,2026-05-19,1556,N20,VIIRS,n,2.0NRT,302.81,2.82,D
-8.8636,-37.40804,333.04,0.41,0.37,2026-05-19,1556,N20,VIIRS,n,2.0NRT,299.39,1.96,D
-8.85152,-36.55607,335.08,0.39,0.36,2026-05-19,1556,N20,VIIRS,n,2.0NRT,302.72,2.18,D
-8.83106,-37.05062,339.72,0.4,0.37,2026-05-19,1556,N20,VIIRS,n,2.0NRT,307.39,3.85,D
-8.77392,-36.67031,333.17,0.39,0.36,2026-05-19,1556,N20,VIIRS,n,2.0NRT,301.57,2.31,D
-8.70612,-48.29497,367.0,0.65,0.73,2026-05-19,1556,N20,VIIRS,h,2.0NRT,295.51,27.89,D
-8.70542,-48.28935,344.69,0.65,0.73,2026-05-19,1556,N20,VIIRS,n,2.0NRT,293.8,18.73,D
-8.69872,-48.28988,367.0,0.65,0.73,2026-05-19,1556,N20,VIIRS,h,2.0NRT,294.16,18.73,D
-8.55308,-37.72142,337.88,0.42,0.37,2026-05-19,1556,N20,VIIRS,n,2.0NRT,307.09,3.43,D
-8.55004,-45.98606,332.52,0.45,0.63,2026-05-19,1556,N20,VIIRS,n,2.0NRT,296.29,6.91,D
-8.47369,-46.30876,329.36,0.47,0.64,2026-05-19,1556,N20,VIIRS,n,2.0NRT,293.62,6.67,D
-8.47258,-46.30021,367.0,0.47,0.64,2026-05-19,1556,N20,VIIRS,h,2.0NRT,295.4,32.7,D
-8.47203,-46.29599,349.24,0.47,0.64,2026-05-19,1556,N20,VIIRS,n,2.0NRT,294.55,14.63,D
-8.46738,-37.0719,338.86,0.4,0.37,2026-05-19,1556,N20,VIIRS,n,2.0NRT,299.98,2.38,D
-8.42078,-36.62371,337.79,0.39,0.36,2026-05-19,1556,N20,VIIRS,n,2.0NRT,302.53,3.17,D
-8.16686,-48.20219,341.81,0.63,0.72,2026-05-19,1556,N20,VIIRS,n,2.0NRT,289.45,13.18,D
-8.16134,-35.23034,333.07,0.39,0.36,2026-05-19,1556,N20,VIIRS,n,2.0NRT,300.02,2.59,D
-7.9236,-48.25656,344.37,0.63,0.72,2026-05-19,1556,N20,VIIRS,n,2.0NRT,294.54,12.26,D
-7.9223,-48.25641,344.07,0.63,0.72,2026-05-19,1556,N20,VIIRS,n,2.0NRT,294.33,11.05,D
-7.69261,-38.9968,341.63,0.46,0.39,2026-05-19,1556,N20,VIIRS,n,2.0NRT,302.78,6.27,D
-7.4604,-37.09602,341.42,0.39,0.37,2026-05-19,1556,N20,VIIRS,n,2.0NRT,305.69,3.15,D
-7.41928,-38.09494,336.67,0.42,0.38,2026-05-19,1556,N20,VIIRS,n,2.0NRT,306.67,11.76,D
-7.39476,-40.29965,342.58,0.54,0.42,2026-05-19,1556,N20,VIIRS,n,2.0NRT,298.91,4.95,D
-7.33162,-35.48529,331.93,0.39,0.36,2026-05-19,1556,N20,VIIRS,n,2.0NRT,299.86,1.77,D
-6.98967,-47.10203,328.8,0.51,0.66,2026-05-19,1556,N20,VIIRS,n,2.0NRT,291.06,8.51,D
-6.98482,-47.1118,346.41,0.51,0.66,2026-05-19,1556,N20,VIIRS,n,2.0NRT,292.03,18.02,D
-6.9842,-47.10722,367.0,0.51,0.66,2026-05-19,1556,N20,VIIRS,h,2.0NRT,294.47,18.02,D
-6.98359,-47.10265,354.5,0.51,0.66,2026-05-19,1556,N20,VIIRS,n,2.0NRT,293.21,8.51,D
-6.98298,-47.09812,339.33,0.51,0.66,2026-05-19,1556,N20,VIIRS,n,2.0NRT,291.68,8.51,D
-6.97814,-47.10803,351.21,0.51,0.66,2026-05-19,1556,N20,VIIRS,n,2.0NRT,292.75,36.79,D
-6.97752,-47.10337,351.48,0.51,0.66,2026-05-19,1556,N20,VIIRS,n,2.0NRT,291.55,23.6,D
-6.75264,-45.01292,330.54,0.36,0.57,2026-05-19,1556,N20,VIIRS,n,2.0NRT,292.49,2.77,D
-6.73232,-37.68695,332.11,0.4,0.37,2026-05-19,1556,N20,VIIRS,n,2.0NRT,301.71,3.62,D
-6.30209,-43.63535,340.72,0.57,0.52,2026-05-19,1556,N20,VIIRS,n,2.0NRT,294.36,5.82,D
-5.53507,-35.52261,349.37,0.39,0.36,2026-05-19,1556,N20,VIIRS,n,2.0NRT,306.65,11.05,D
-6.22217,-46.89162,341.51,0.48,0.65,2026-05-19,1558,N20,VIIRS,n,2.0NRT,291.91,6.28,D
-6.21627,-46.89248,333.95,0.48,0.65,2026-05-19,1558,N20,VIIRS,n,2.0NRT,291.05,7.14,D
-5.25964,-37.90459,346.24,0.4,0.37,2026-05-19,1558,N20,VIIRS,n,2.0NRT,302.69,5.31,D
-5.24331,-40.58494,328.11,0.52,0.42,2026-05-19,1558,N20,VIIRS,n,2.0NRT,293.63,3.65,D
-5.24258,-40.58695,334.71,0.52,0.42,2026-05-19,1558,N20,VIIRS,n,2.0NRT,296.12,8.28,D
-5.23949,-40.58547,331.91,0.52,0.42,2026-05-19,1558,N20,VIIRS,n,2.0NRT,295.22,8.9,D
-5.07047,-38.32056,334.74,0.41,0.37,2026-05-19,1558,N20,VIIRS,n,2.0NRT,299.76,2.75,D
-4.60276,-44.28922,332.97,0.6,0.53,2026-05-19,1558,N20,VIIRS,n,2.0NRT,291.1,9.46,D
-3.59342,-38.8577,329.9,0.42,0.38,2026-05-19,1558,N20,VIIRS,n,2.0NRT,296.79,5.95,D
-3.58655,-38.85873,345.58,0.42,0.38,2026-05-19,1558,N20,VIIRS,n,2.0NRT,298.51,6.35,D
-42.2969,-67.28927,351.02,0.53,0.67,2026-05-19,1728,N20,VIIRS,n,2.0NRT,285.99,7.52,D
-40.8391,-66.69386,331.12,0.48,0.65,2026-05-19,1728,N20,VIIRS,n,2.0NRT,289.47,4.81,D
-40.16431,-64.19414,332.87,0.35,0.57,2026-05-19,1728,N20,VIIRS,n,2.0NRT,288.22,2.51,D
-38.74319,-68.83555,331.29,0.61,0.71,2026-05-19,1730,N20,VIIRS,n,2.0NRT,290.82,2.82,D
-38.48665,-68.69727,335.91,0.6,0.7,2026-05-19,1730,N20,VIIRS,n,2.0NRT,292.04,3.91,D
-38.32562,-68.7819,341.31,0.6,0.71,2026-05-19,1730,N20,VIIRS,n,2.0NRT,292.68,6.7,D
-38.32114,-68.78031,348.98,0.6,0.71,2026-05-19,1730,N20,VIIRS,n,2.0NRT,293.0,6.09,D
-38.28728,-68.74678,333.01,0.6,0.71,2026-05-19,1730,N20,VIIRS,n,2.0NRT,293.18,3.28,D
-38.0857,-68.70467,345.14,0.6,0.7,2026-05-19,1730,N20,VIIRS,n,2.0NRT,294.2,4.41,D
-37.82231,-67.66515,346.16,0.52,0.67,2026-05-19,1730,N20,VIIRS,n,2.0NRT,295.68,10.18,D
-37.71833,-69.13213,341.8,0.63,0.72,2026-05-19,1730,N20,VIIRS,n,2.0NRT,293.13,4.53,D
-37.71545,-69.1377,336.09,0.63,0.72,2026-05-19,1730,N20,VIIRS,n,2.0NRT,292.2,3.54,D
-37.71527,-69.13011,328.9,0.63,0.72,2026-05-19,1730,N20,VIIRS,n,2.0NRT,290.83,3.54,D
-37.42413,-69.09483,329.97,0.62,0.71,2026-05-19,1730,N20,VIIRS,n,2.0NRT,294.9,2.13,D
-37.0894,-69.47579,326.28,0.65,0.73,2026-05-19,1730,N20,VIIRS,n,2.0NRT,295.11,2.39,D
-36.75635,-62.74212,339.85,0.54,0.51,2026-05-19,1730,N20,VIIRS,n,2.0NRT,296.65,17.9,D
-36.75163,-62.74268,346.43,0.54,0.51,2026-05-19,1730,N20,VIIRS,n,2.0NRT,295.86,13.06,D
-35.42617,-65.14264,367.0,0.36,0.57,2026-05-19,1730,N20,VIIRS,h,2.0NRT,297.65,15.44,D
-35.42591,-65.1386,330.86,0.36,0.57,2026-05-19,1730,N20,VIIRS,n,2.0NRT,292.95,10.89,D
-35.42083,-65.14317,367.0,0.36,0.57,2026-05-19,1730,N20,VIIRS,h,2.0NRT,298.24,15.44,D
-35.39199,-71.17031,331.87,0.79,0.78,2026-05-19,1730,N20,VIIRS,n,2.0NRT,292.76,6.09,D
-35.34027,-71.13105,331.02,0.79,0.78,2026-05-19,1730,N20,VIIRS,n,2.0NRT,291.1,4.81,D
-35.33298,-71.13131,327.1,0.79,0.78,2026-05-19,1730,N20,VIIRS,n,2.0NRT,293.04,4.81,D
-35.08477,-71.22003,334.97,0.79,0.78,2026-05-19,1730,N20,VIIRS,n,2.0NRT,290.76,7.28,D
-35.08411,-71.22023,333.23,0.79,0.78,2026-05-19,1730,N20,VIIRS,n,2.0NRT,290.48,5.89,D
-34.85991,-57.89378,332.36,0.45,0.39,2026-05-19,1730,N20,VIIRS,n,2.0NRT,288.28,2.8,D
-34.75608,-68.16184,344.03,0.53,0.67,2026-05-19,1730,N20,VIIRS,n,2.0NRT,294.85,7.24,D
-34.67299,-71.18777,332.82,0.79,0.78,2026-05-19,1730,N20,VIIRS,n,2.0NRT,294.86,4.93,D
-34.3697,-70.845,367.0,0.75,0.77,2026-05-19,1730,N20,VIIRS,h,2.0NRT,294.32,0.61,D
-34.17229,-65.37103,350.47,0.36,0.57,2026-05-19,1730,N20,VIIRS,n,2.0NRT,297.07,3.05,D
-34.16695,-65.37152,367.0,0.36,0.57,2026-05-19,1730,N20,VIIRS,h,2.0NRT,297.94,7.61,D
-34.11068,-70.46052,330.71,0.71,0.75,2026-05-19,1730,N20,VIIRS,n,2.0NRT,299.62,9.03,D
-34.10551,-58.8593,333.85,0.48,0.4,2026-05-19,1730,N20,VIIRS,n,2.0NRT,290.87,2.75,D
-34.05487,-56.51105,343.16,0.4,0.37,2026-05-19,1730,N20,VIIRS,n,2.0NRT,291.37,5.15,D
-33.90723,-59.13018,332.95,0.49,0.41,2026-05-19,1730,N20,VIIRS,n,2.0NRT,292.94,8.34,D
-33.87622,-54.81886,328.27,0.38,0.36,2026-05-19,1730,N20,VIIRS,n,2.0NRT,288.92,2.72,D
-33.7709,-57.89044,332.29,0.44,0.38,2026-05-19,1730,N20,VIIRS,n,2.0NRT,290.89,2.29,D
-33.6777,-58.94137,340.21,0.48,0.4,2026-05-19,1730,N20,VIIRS,n,2.0NRT,293.46,8.57,D
-33.67399,-58.942,342.1,0.48,0.4,2026-05-19,1730,N20,VIIRS,n,2.0NRT,296.67,8.57,D
-33.67337,-58.93678,325.02,0.48,0.4,2026-05-19,1730,N20,VIIRS,n,2.0NRT,292.9,4.32,D
-33.67029,-58.94263,347.81,0.48,0.4,2026-05-19,1730,N20,VIIRS,n,2.0NRT,304.62,30.3,D
-33.66984,-59.3677,325.25,0.5,0.41,2026-05-19,1730,N20,VIIRS,n,2.0NRT,293.2,5.14,D
-33.66983,-59.36367,354.32,0.5,0.41,2026-05-19,1730,N20,VIIRS,n,2.0NRT,298.71,16.67,D
-33.66967,-58.93741,329.75,0.48,0.4,2026-05-19,1730,N20,VIIRS,n,2.0NRT,293.27,11.92,D
-33.66922,-59.36222,356.53,0.5,0.41,2026-05-19,1730,N20,VIIRS,n,2.0NRT,300.58,21.02,D
-33.66919,-59.35822,329.85,0.5,0.41,2026-05-19,1730,N20,VIIRS,n,2.0NRT,292.85,3.66,D
-33.66605,-59.3643,355.36,0.5,0.41,2026-05-19,1730,N20,VIIRS,n,2.0NRT,297.94,9.77,D
-33.66227,-59.36492,345.57,0.5,0.41,2026-05-19,1730,N20,VIIRS,n,2.0NRT,296.32,9.77,D
-33.66219,-59.33163,325.8,0.5,0.41,2026-05-19,1730,N20,VIIRS,n,2.0NRT,291.66,3.23,D
-33.65849,-59.36555,348.48,0.5,0.41,2026-05-19,1730,N20,VIIRS,n,2.0NRT,295.76,12.66,D
-33.65842,-59.33226,334.66,0.5,0.41,2026-05-19,1730,N20,VIIRS,n,2.0NRT,294.28,3.23,D
-33.60192,-56.95234,334.81,0.41,0.37,2026-05-19,1730,N20,VIIRS,n,2.0NRT,291.37,4.41,D
-33.49892,-55.45067,333.71,0.39,0.36,2026-05-19,1730,N20,VIIRS,n,2.0NRT,289.2,3.12,D
-33.38258,-58.76661,329.18,0.47,0.4,2026-05-19,1730,N20,VIIRS,n,2.0NRT,291.16,4.42,D
-33.37862,-60.14758,330.5,0.54,0.42,2026-05-19,1730,N20,VIIRS,n,2.0NRT,293.08,3.27,D
-33.36814,-60.16121,326.06,0.54,0.42,2026-05-19,1730,N20,VIIRS,n,2.0NRT,293.14,3.46,D
-33.36064,-67.96886,327.27,0.5,0.66,2026-05-19,1730,N20,VIIRS,n,2.0NRT,294.16,2.57,D
-33.26719,-58.05409,327.65,0.44,0.38,2026-05-19,1730,N20,VIIRS,n,2.0NRT,293.44,2.18,D
-33.25808,-60.28275,337.65,0.55,0.43,2026-05-19,1730,N20,VIIRS,n,2.0NRT,293.25,5.71,D
-33.00188,-58.2226,330.01,0.44,0.39,2026-05-19,1730,N20,VIIRS,n,2.0NRT,291.65,19.03,D
-32.99984,-58.22015,329.47,0.44,0.39,2026-05-19,1730,N20,VIIRS,n,2.0NRT,289.85,34.23,D
-32.99831,-58.22323,343.8,0.44,0.39,2026-05-19,1730,N20,VIIRS,n,2.0NRT,300.54,19.03,D
-32.94939,-59.53833,327.36,0.5,0.41,2026-05-19,1730,N20,VIIRS,n,2.0NRT,294.15,3.73,D
-32.9458,-59.53543,329.45,0.5,0.41,2026-05-19,1730,N20,VIIRS,n,2.0NRT,293.76,9.31,D
-32.94561,-59.53895,335.99,0.5,0.41,2026-05-19,1730,N20,VIIRS,n,2.0NRT,294.42,3.73,D
-32.89634,-57.42317,338.79,0.42,0.38,2026-05-19,1730,N20,VIIRS,n,2.0NRT,294.34,46.86,D
-32.8945,-57.42499,307.25,0.42,0.38,2026-05-19,1730,N20,VIIRS,l,2.0NRT,313.48,47.96,D
-32.89391,-57.42049,346.29,0.42,0.38,2026-05-19,1730,N20,VIIRS,n,2.0NRT,294.44,24.99,D
-32.89349,-57.42831,325.48,0.42,0.38,2026-05-19,1730,N20,VIIRS,n,2.0NRT,295.56,46.86,D
-32.89288,-57.42381,367.0,0.42,0.38,2026-05-19,1730,N20,VIIRS,h,2.0NRT,332.29,46.86,D
-32.89227,-57.41931,329.82,0.42,0.37,2026-05-19,1730,N20,VIIRS,n,2.0NRT,290.85,12.03,D
-32.88942,-57.42444,346.67,0.42,0.38,2026-05-19,1730,N20,VIIRS,n,2.0NRT,309.17,44.65,D
-32.84708,-54.227,329.05,0.39,0.36,2026-05-19,1730,N20,VIIRS,n,2.0NRT,291.04,13.64,D
-32.84642,-54.22285,350.7,0.39,0.36,2026-05-19,1730,N20,VIIRS,n,2.0NRT,304.12,13.64,D
-32.5649,-54.44139,329.18,0.39,0.36,2026-05-19,1730,N20,VIIRS,n,2.0NRT,289.59,1.89,D
-32.51269,-55.02401,327.65,0.38,0.36,2026-05-19,1730,N20,VIIRS,n,2.0NRT,291.55,5.17,D
-32.51206,-55.01992,329.3,0.38,0.36,2026-05-19,1730,N20,VIIRS,n,2.0NRT,290.35,6.39,D
-32.12322,-53.85238,341.09,0.39,0.36,2026-05-19,1730,N20,VIIRS,n,2.0NRT,289.95,3.84,D
-32.5135,-60.39754,329.62,0.55,0.42,2026-05-19,1732,N20,VIIRS,n,2.0NRT,292.44,2.22,D
-32.40017,-60.77472,327.77,0.57,0.43,2026-05-19,1732,N20,VIIRS,n,2.0NRT,293.77,5.45,D
-32.32438,-58.29669,328.96,0.44,0.38,2026-05-19,1732,N20,VIIRS,n,2.0NRT,290.74,1.55,D
-32.12221,-58.48729,334.28,0.45,0.39,2026-05-19,1732,N20,VIIRS,n,2.0NRT,293.08,3.74,D
-31.83229,-57.50444,341.92,0.41,0.37,2026-05-19,1732,N20,VIIRS,n,2.0NRT,292.66,6.98,D
-31.79975,-58.13416,340.62,0.43,0.38,2026-05-19,1732,N20,VIIRS,n,2.0NRT,302.52,26.31,D
-31.79958,-58.13164,342.25,0.43,0.38,2026-05-19,1732,N20,VIIRS,n,2.0NRT,299.24,21.01,D
-31.79914,-58.12962,325.89,0.43,0.38,2026-05-19,1732,N20,VIIRS,n,2.0NRT,289.15,5.34,D
-31.70956,-58.10368,347.87,0.43,0.38,2026-05-19,1732,N20,VIIRS,n,2.0NRT,295.74,14.55,D
-31.70665,-58.10888,325.9,0.43,0.38,2026-05-19,1732,N20,VIIRS,n,2.0NRT,293.27,22.31,D
-31.70606,-58.1043,334.47,0.43,0.38,2026-05-19,1732,N20,VIIRS,n,2.0NRT,299.76,22.31,D
-31.70285,-53.3736,326.75,0.4,0.37,2026-05-19,1732,N20,VIIRS,n,2.0NRT,289.22,3.04,D
-31.63755,-61.41109,331.3,0.4,0.44,2026-05-19,1732,N20,VIIRS,n,2.0NRT,295.16,1.98,D
-31.47369,-64.08575,329.51,0.57,0.52,2026-05-19,1732,N20,VIIRS,n,2.0NRT,297.21,3.4,D
-31.40384,-52.48125,328.85,0.43,0.38,2026-05-19,1732,N20,VIIRS,n,2.0NRT,290.21,2.11,D
-31.35637,-57.87854,330.05,0.42,0.38,2026-05-19,1732,N20,VIIRS,n,2.0NRT,293.17,5.69,D
-31.33471,-59.58459,329.46,0.49,0.4,2026-05-19,1732,N20,VIIRS,n,2.0NRT,293.84,3.03,D
-31.33283,-59.58831,329.41,0.49,0.4,2026-05-19,1732,N20,VIIRS,n,2.0NRT,291.8,4.56,D
-31.31075,-58.08115,326.68,0.43,0.38,2026-05-19,1732,N20,VIIRS,n,2.0NRT,290.0,1.89,D
-31.29881,-58.31935,296.1,0.43,0.38,2026-05-19,1732,N20,VIIRS,l,2.0NRT,309.28,32.03,D
-31.29822,-58.31479,332.22,0.43,0.38,2026-05-19,1732,N20,VIIRS,n,2.0NRT,300.32,29.64,D
-31.19472,-55.75304,328.92,0.38,0.36,2026-05-19,1732,N20,VIIRS,n,2.0NRT,291.43,2.18,D
-31.1,-53.16001,348.88,0.41,0.37,2026-05-19,1732,N20,VIIRS,n,2.0NRT,293.97,11.62,D
-31.07351,-59.42628,333.67,0.48,0.4,2026-05-19,1732,N20,VIIRS,n,2.0NRT,292.84,4.41,D
-31.03647,-57.93623,328.76,0.42,0.38,2026-05-19,1732,N20,VIIRS,n,2.0NRT,291.9,2.29,D
-31.03589,-57.93184,325.12,0.42,0.38,2026-05-19,1732,N20,VIIRS,n,2.0NRT,293.41,2.29,D
-31.00475,-57.89647,327.07,0.42,0.37,2026-05-19,1732,N20,VIIRS,n,2.0NRT,292.32,2.23,D
-30.9929,-60.79401,329.34,0.55,0.43,2026-05-19,1732,N20,VIIRS,n,2.0NRT,297.28,4.21,D
-30.96131,-57.83713,327.23,0.42,0.37,2026-05-19,1732,N20,VIIRS,n,2.0NRT,290.55,1.32,D
-30.90048,-59.41171,328.43,0.47,0.4,2026-05-19,1732,N20,VIIRS,n,2.0NRT,293.56,4.06,D
-30.87962,-58.52658,331.23,0.44,0.38,2026-05-19,1732,N20,VIIRS,n,2.0NRT,293.21,1.77,D
-30.87649,-58.52544,329.5,0.44,0.38,2026-05-19,1732,N20,VIIRS,n,2.0NRT,291.89,2.12,D
-30.80934,-58.48114,338.92,0.43,0.38,2026-05-19,1732,N20,VIIRS,n,2.0NRT,292.27,3.81,D
-30.80135,-58.04268,332.71,0.42,0.38,2026-05-19,1732,N20,VIIRS,n,2.0NRT,292.74,2.72,D
-30.79191,-60.21323,344.34,0.51,0.41,2026-05-19,1732,N20,VIIRS,n,2.0NRT,297.11,10.5,D
-30.75044,-60.02171,344.32,0.5,0.41,2026-05-19,1732,N20,VIIRS,n,2.0NRT,295.5,7.26,D
-30.75006,-60.01915,336.41,0.5,0.41,2026-05-19,1732,N20,VIIRS,n,2.0NRT,294.64,7.03,D
-30.73386,-51.82102,327.78,0.46,0.39,2026-05-19,1732,N20,VIIRS,n,2.0NRT,292.93,3.5,D
-30.70338,-57.84112,326.56,0.41,0.37,2026-05-19,1732,N20,VIIRS,n,2.0NRT,291.23,3.52,D
-30.69994,-57.84175,330.31,0.41,0.37,2026-05-19,1732,N20,VIIRS,n,2.0NRT,291.99,3.91,D
-30.69935,-57.83739,329.82,0.41,0.37,2026-05-19,1732,N20,VIIRS,n,2.0NRT,291.95,3.91,D
-30.68156,-57.83621,346.72,0.41,0.37,2026-05-19,1732,N20,VIIRS,n,2.0NRT,291.99,5.5,D
-30.67908,-57.83511,336.3,0.41,0.37,2026-05-19,1732,N20,VIIRS,n,2.0NRT,289.59,4.14,D
-30.67543,-60.13601,338.18,0.51,0.41,2026-05-19,1732,N20,VIIRS,n,2.0NRT,297.08,9.9,D
-30.5593,-59.49854,340.34,0.47,0.4,2026-05-19,1732,N20,VIIRS,n,2.0NRT,296.76,4.96,D
-30.45311,-57.91838,328.67,0.41,0.37,2026-05-19,1732,N20,VIIRS,n,2.0NRT,290.67,5.94,D
-30.45166,-57.68174,349.02,0.41,0.37,2026-05-19,1732,N20,VIIRS,n,2.0NRT,295.45,7.07,D
-30.3707,-57.57404,336.94,0.41,0.37,2026-05-19,1732,N20,VIIRS,n,2.0NRT,294.78,9.23,D
-30.32503,-59.52674,333.51,0.47,0.4,2026-05-19,1732,N20,VIIRS,n,2.0NRT,293.98,4.08,D
-30.26491,-57.95123,334.05,0.41,0.37,2026-05-19,1732,N20,VIIRS,n,2.0NRT,293.39,2.56,D
-30.26245,-57.95019,331.3,0.41,0.37,2026-05-19,1732,N20,VIIRS,n,2.0NRT,292.97,2.98,D
-30.2596,-57.95512,331.9,0.41,0.37,2026-05-19,1732,N20,VIIRS,n,2.0NRT,295.02,3.71,D
-30.25342,-61.71067,326.67,0.4,0.44,2026-05-19,1732,N20,VIIRS,n,2.0NRT,292.88,1.85,D
-30.23007,-51.68375,327.83,0.48,0.4,2026-05-19,1732,N20,VIIRS,n,2.0NRT,291.15,7.88,D
-30.14855,-59.74856,336.05,0.48,0.4,2026-05-19,1732,N20,VIIRS,n,2.0NRT,293.17,5.06,D
-30.07882,-62.44976,330.06,0.44,0.46,2026-05-19,1732,N20,VIIRS,n,2.0NRT,291.74,2.93,D
-30.00238,-57.68485,326.15,0.41,0.37,2026-05-19,1732,N20,VIIRS,n,2.0NRT,292.4,3.0,D
-29.9752,-62.5227,337.46,0.44,0.46,2026-05-19,1732,N20,VIIRS,n,2.0NRT,291.72,3.84,D
-29.96587,-57.52372,339.68,0.4,0.37,2026-05-19,1732,N20,VIIRS,n,2.0NRT,295.31,4.9,D
-29.96189,-57.52017,346.61,0.4,0.37,2026-05-19,1732,N20,VIIRS,n,2.0NRT,299.29,19.76,D
-29.95908,-57.52497,330.24,0.4,0.37,2026-05-19,1732,N20,VIIRS,n,2.0NRT,290.79,19.76,D
-29.95791,-57.51662,329.2,0.4,0.37,2026-05-19,1732,N20,VIIRS,n,2.0NRT,294.78,2.14,D
-29.89243,-61.35048,339.51,0.57,0.43,2026-05-19,1732,N20,VIIRS,n,2.0NRT,293.25,6.1,D
-29.82446,-57.81231,325.83,0.41,0.37,2026-05-19,1732,N20,VIIRS,n,2.0NRT,294.14,1.54,D
-29.82228,-60.70443,325.78,0.53,0.42,2026-05-19,1732,N20,VIIRS,n,2.0NRT,291.59,1.6,D
-29.80573,-51.51854,341.26,0.49,0.4,2026-05-19,1732,N20,VIIRS,n,2.0NRT,290.95,6.18,D
-29.76832,-57.55893,338.87,0.4,0.37,2026-05-19,1732,N20,VIIRS,n,2.0NRT,294.94,3.27,D
-29.6691,-63.01677,345.53,0.47,0.48,2026-05-19,1732,N20,VIIRS,n,2.0NRT,292.73,5.71,D
-29.66469,-63.01734,339.75,0.47,0.48,2026-05-19,1732,N20,VIIRS,n,2.0NRT,292.03,5.71,D
-29.65763,-59.1036,334.7,0.45,0.39,2026-05-19,1732,N20,VIIRS,n,2.0NRT,294.18,5.71,D
-29.62526,-57.41042,344.28,0.4,0.37,2026-05-19,1732,N20,VIIRS,n,2.0NRT,294.52,5.51,D
-29.62247,-57.41516,338.07,0.4,0.37,2026-05-19,1732,N20,VIIRS,n,2.0NRT,293.77,3.48,D
-29.57062,-56.0732,342.88,0.38,0.36,2026-05-19,1732,N20,VIIRS,n,2.0NRT,293.1,3.99,D
-29.53663,-55.47474,341.43,0.39,0.36,2026-05-19,1732,N20,VIIRS,n,2.0NRT,294.9,4.59,D
-29.47467,-56.93689,327.32,0.39,0.36,2026-05-19,1732,N20,VIIRS,n,2.0NRT,292.52,2.11,D
-29.46804,-57.90691,335.14,0.41,0.37,2026-05-19,1732,N20,VIIRS,n,2.0NRT,295.41,3.26,D
-29.45625,-57.05982,337.47,0.39,0.36,2026-05-19,1732,N20,VIIRS,n,2.0NRT,294.42,4.75,D
-29.44955,-57.06108,338.94,0.39,0.36,2026-05-19,1732,N20,VIIRS,n,2.0NRT,292.71,2.93,D
-29.41474,-59.64242,327.42,0.47,0.4,2026-05-19,1732,N20,VIIRS,n,2.0NRT,292.27,2.52,D
-29.41109,-59.64302,327.43,0.47,0.4,2026-05-19,1732,N20,VIIRS,n,2.0NRT,292.6,2.52,D
-29.41093,-59.64041,327.19,0.47,0.39,2026-05-19,1732,N20,VIIRS,n,2.0NRT,292.87,2.08,D
-29.38656,-57.15973,338.03,0.39,0.36,2026-05-19,1732,N20,VIIRS,n,2.0NRT,293.24,4.48,D
-29.38644,-57.23062,326.51,0.39,0.36,2026-05-19,1732,N20,VIIRS,n,2.0NRT,294.67,4.74,D
-29.38586,-57.22656,348.14,0.39,0.36,2026-05-19,1732,N20,VIIRS,n,2.0NRT,291.78,4.74,D
-29.38321,-57.16035,335.01,0.39,0.36,2026-05-19,1732,N20,VIIRS,n,2.0NRT,292.08,3.43,D
-29.34381,-57.12616,330.57,0.39,0.36,2026-05-19,1732,N20,VIIRS,n,2.0NRT,292.36,2.41,D
-29.33988,-57.12274,330.79,0.39,0.36,2026-05-19,1732,N20,VIIRS,n,2.0NRT,291.91,3.59,D
-29.28875,-56.81821,330.02,0.39,0.36,2026-05-19,1732,N20,VIIRS,n,2.0NRT,292.37,3.57,D
-29.27762,-58.78751,330.49,0.43,0.38,2026-05-19,1732,N20,VIIRS,n,2.0NRT,294.69,3.52,D
-29.27079,-60.07225,342.18,0.49,0.4,2026-05-19,1732,N20,VIIRS,n,2.0NRT,292.1,7.07,D
-29.26749,-57.89429,346.12,0.41,0.37,2026-05-19,1732,N20,VIIRS,n,2.0NRT,294.02,4.44,D
-29.26707,-60.07284,341.3,0.49,0.4,2026-05-19,1732,N20,VIIRS,n,2.0NRT,292.18,6.75,D
-29.26396,-60.07846,343.73,0.49,0.4,2026-05-19,1732,N20,VIIRS,n,2.0NRT,293.2,7.53,D
-29.22683,-57.01956,351.13,0.39,0.36,2026-05-19,1732,N20,VIIRS,n,2.0NRT,293.63,8.04,D
-29.19856,-56.34853,332.54,0.38,0.36,2026-05-19,1732,N20,VIIRS,n,2.0NRT,294.4,3.53,D
-29.13431,-58.60312,333.23,0.42,0.38,2026-05-19,1732,N20,VIIRS,n,2.0NRT,296.04,10.67,D
-29.13372,-58.59874,352.4,0.42,0.38,2026-05-19,1732,N20,VIIRS,n,2.0NRT,301.53,26.35,D
-29.13083,-58.60372,355.53,0.42,0.38,2026-05-19,1732,N20,VIIRS,n,2.0NRT,295.94,12.36,D
-29.13024,-58.59935,335.7,0.42,0.38,2026-05-19,1732,N20,VIIRS,n,2.0NRT,296.97,29.39,D
-29.12793,-58.6087,343.49,0.42,0.38,2026-05-19,1732,N20,VIIRS,n,2.0NRT,296.91,12.36,D
-29.12734,-58.60433,326.82,0.42,0.38,2026-05-19,1732,N20,VIIRS,n,2.0NRT,288.3,12.36,D
-29.12503,-58.61368,340.93,0.42,0.38,2026-05-19,1732,N20,VIIRS,n,2.0NRT,296.1,9.07,D
-29.09806,-57.70646,341.32,0.4,0.37,2026-05-19,1732,N20,VIIRS,n,2.0NRT,293.59,4.98,D
-29.07544,-58.0687,331.41,0.41,0.37,2026-05-19,1732,N20,VIIRS,n,2.0NRT,298.75,2.75,D
-29.07288,-56.59295,332.67,0.39,0.36,2026-05-19,1732,N20,VIIRS,n,2.0NRT,293.07,4.83,D
-29.06896,-56.58961,329.05,0.39,0.36,2026-05-19,1732,N20,VIIRS,n,2.0NRT,292.22,1.75,D
-29.0658,-58.57035,329.06,0.42,0.38,2026-05-19,1732,N20,VIIRS,n,2.0NRT,294.35,2.31,D
-29.06522,-58.56599,337.55,0.42,0.38,2026-05-19,1732,N20,VIIRS,n,2.0NRT,293.76,3.53,D
-29.06232,-58.57096,328.42,0.42,0.38,2026-05-19,1732,N20,VIIRS,n,2.0NRT,293.13,2.68,D
-29.06174,-58.5666,333.5,0.42,0.38,2026-05-19,1732,N20,VIIRS,n,2.0NRT,293.87,6.02,D
-29.05826,-58.56721,349.61,0.42,0.38,2026-05-19,1732,N20,VIIRS,n,2.0NRT,295.56,6.02,D
-29.05626,-58.58826,327.58,0.42,0.38,2026-05-19,1732,N20,VIIRS,n,2.0NRT,295.33,2.86,D
-29.05418,-58.59022,328.97,0.42,0.38,2026-05-19,1732,N20,VIIRS,n,2.0NRT,295.14,2.58,D
-29.02947,-58.29848,328.24,0.41,0.37,2026-05-19,1732,N20,VIIRS,n,2.0NRT,291.38,12.13,D
-29.02889,-58.29421,353.88,0.41,0.37,2026-05-19,1732,N20,VIIRS,n,2.0NRT,295.9,12.13,D
-29.02817,-56.49961,332.4,0.39,0.36,2026-05-19,1732,N20,VIIRS,n,2.0NRT,291.91,2.03,D
-28.94639,-59.25526,332.06,0.45,0.39,2026-05-19,1732,N20,VIIRS,n,2.0NRT,291.93,4.7,D
-28.88428,-56.58373,347.46,0.39,0.36,2026-05-19,1732,N20,VIIRS,n,2.0NRT,295.78,7.87,D
-28.88369,-56.57977,345.28,0.39,0.36,2026-05-19,1732,N20,VIIRS,n,2.0NRT,293.57,7.87,D
-28.85675,-56.62125,331.56,0.39,0.36,2026-05-19,1732,N20,VIIRS,n,2.0NRT,290.72,2.3,D
-28.83957,-56.39283,328.1,0.38,0.36,2026-05-19,1732,N20,VIIRS,n,2.0NRT,291.06,4.12,D
-28.83625,-56.39348,328.88,0.38,0.36,2026-05-19,1732,N20,VIIRS,n,2.0NRT,292.24,2.81,D
-28.79897,-56.32771,329.65,0.38,0.36,2026-05-19,1732,N20,VIIRS,n,2.0NRT,294.55,7.84,D
-28.79601,-59.2532,332.42,0.44,0.39,2026-05-19,1732,N20,VIIRS,n,2.0NRT,292.04,3.48,D
-28.79565,-56.32835,329.23,0.38,0.36,2026-05-19,1732,N20,VIIRS,n,2.0NRT,297.41,7.84,D
-28.79245,-59.25379,341.76,0.44,0.39,2026-05-19,1732,N20,VIIRS,n,2.0NRT,293.03,5.17,D
-28.78288,-55.73887,329.52,0.38,0.36,2026-05-19,1732,N20,VIIRS,n,2.0NRT,293.92,2.26,D
-28.73837,-56.46466,325.31,0.38,0.36,2026-05-19,1732,N20,VIIRS,n,2.0NRT,291.9,2.11,D
-28.73777,-56.46072,330.62,0.38,0.36,2026-05-19,1732,N20,VIIRS,n,2.0NRT,292.09,2.11,D
-28.69539,-50.3144,339.46,0.39,0.44,2026-05-19,1732,N20,VIIRS,n,2.0NRT,289.58,4.84,D
-28.68141,-56.54058,333.54,0.39,0.36,2026-05-19,1732,N20,VIIRS,n,2.0NRT,292.41,2.58,D
-28.67268,-56.27883,329.17,0.38,0.36,2026-05-19,1732,N20,VIIRS,n,2.0NRT,291.63,6.75,D
-28.66876,-56.27554,326.4,0.38,0.36,2026-05-19,1732,N20,VIIRS,n,2.0NRT,292.04,2.73,D
-28.66817,-56.27161,336.16,0.38,0.36,2026-05-19,1732,N20,VIIRS,n,2.0NRT,291.76,2.73,D
-28.66555,-59.73867,326.15,0.46,0.39,2026-05-19,1732,N20,VIIRS,n,2.0NRT,290.85,0.09,D
-28.66258,-58.84071,336.13,0.43,0.38,2026-05-19,1732,N20,VIIRS,n,2.0NRT,292.69,6.22,D
-28.64548,-57.07743,346.79,0.39,0.36,2026-05-19,1732,N20,VIIRS,n,2.0NRT,293.98,5.21,D
-28.6449,-57.07345,329.18,0.39,0.36,2026-05-19,1732,N20,VIIRS,n,2.0NRT,290.9,5.21,D
-28.64156,-57.07407,328.81,0.39,0.36,2026-05-19,1732,N20,VIIRS,n,2.0NRT,291.26,5.21,D
-28.58387,-56.03315,326.17,0.38,0.36,2026-05-19,1732,N20,VIIRS,n,2.0NRT,295.63,3.13,D
-28.58326,-56.02922,348.1,0.38,0.36,2026-05-19,1732,N20,VIIRS,n,2.0NRT,294.86,3.13,D
-28.54471,-56.35278,329.8,0.38,0.36,2026-05-19,1732,N20,VIIRS,n,2.0NRT,292.84,2.87,D
-28.51851,-56.33765,331.56,0.38,0.36,2026-05-19,1732,N20,VIIRS,n,2.0NRT,292.42,1.83,D
-28.47763,-56.40153,329.23,0.38,0.36,2026-05-19,1732,N20,VIIRS,n,2.0NRT,291.47,11.9,D
-28.47431,-56.40217,331.51,0.38,0.36,2026-05-19,1732,N20,VIIRS,n,2.0NRT,293.31,11.9,D
-28.47372,-56.39824,327.76,0.38,0.36,2026-05-19,1732,N20,VIIRS,n,2.0NRT,296.49,11.9,D
-28.47159,-56.40675,325.99,0.38,0.36,2026-05-19,1732,N20,VIIRS,n,2.0NRT,293.18,4.61,D
-28.47099,-56.40282,330.42,0.38,0.36,2026-05-19,1732,N20,VIIRS,n,2.0NRT,289.87,18.62,D
-28.4704,-56.39889,332.51,0.38,0.36,2026-05-19,1732,N20,VIIRS,l,2.0NRT,304.49,18.62,D
-28.46827,-56.40739,325.78,0.38,0.36,2026-05-19,1732,N20,VIIRS,n,2.0NRT,295.56,4.61,D
-28.46708,-56.39953,325.65,0.38,0.36,2026-05-19,1732,N20,VIIRS,n,2.0NRT,289.8,18.62,D
-28.46649,-56.3956,330.05,0.38,0.36,2026-05-19,1732,N20,VIIRS,n,2.0NRT,298.05,28.09,D
-28.46104,-56.40475,326.49,0.38,0.36,2026-05-19,1732,N20,VIIRS,n,2.0NRT,288.93,12.16,D
-28.45926,-56.39296,332.03,0.38,0.36,2026-05-19,1732,N20,VIIRS,n,2.0NRT,293.73,77.1,D
-28.45891,-56.41324,330.53,0.38,0.36,2026-05-19,1732,N20,VIIRS,n,2.0NRT,296.51,18.25,D
-28.45594,-56.39361,335.7,0.38,0.36,2026-05-19,1732,N20,VIIRS,n,2.0NRT,304.0,28.37,D
-28.45499,-56.40996,351.34,0.38,0.36,2026-05-19,1732,N20,VIIRS,n,2.0NRT,298.05,18.25,D
-28.45262,-56.39425,348.34,0.38,0.36,2026-05-19,1732,N20,VIIRS,n,2.0NRT,291.15,28.37,D
-28.45202,-56.39032,329.52,0.38,0.36,2026-05-19,1732,N20,VIIRS,n,2.0NRT,289.35,19.53,D
-28.45108,-56.40668,350.34,0.38,0.36,2026-05-19,1732,N20,VIIRS,n,2.0NRT,290.4,15.1,D
-28.45049,-56.40275,356.31,0.38,0.36,2026-05-19,1732,N20,VIIRS,n,2.0NRT,291.02,15.1,D
-28.44989,-56.39882,349.78,0.38,0.36,2026-05-19,1732,N20,VIIRS,n,2.0NRT,288.85,5.12,D
-28.44895,-56.41517,325.36,0.38,0.36,2026-05-19,1732,N20,VIIRS,n,2.0NRT,294.48,35.5,D
-28.44836,-56.41125,350.06,0.38,0.36,2026-05-19,1732,N20,VIIRS,n,2.0NRT,303.54,35.5,D
-28.44776,-56.40732,346.11,0.38,0.36,2026-05-19,1732,N20,VIIRS,n,2.0NRT,296.32,15.1,D
-28.44504,-56.41189,343.22,0.38,0.36,2026-05-19,1732,N20,VIIRS,n,2.0NRT,292.39,14.37,D
-28.40853,-56.82354,328.83,0.39,0.36,2026-05-19,1732,N20,VIIRS,n,2.0NRT,292.41,1.27,D
-28.39854,-56.82543,331.96,0.39,0.36,2026-05-19,1732,N20,VIIRS,n,2.0NRT,292.16,2.81,D
-28.39796,-56.82148,329.47,0.39,0.36,2026-05-19,1732,N20,VIIRS,n,2.0NRT,292.08,1.93,D
-28.34474,-56.73368,325.49,0.39,0.36,2026-05-19,1732,N20,VIIRS,n,2.0NRT,295.92,5.23,D
-28.34415,-56.72974,328.66,0.39,0.36,2026-05-19,1732,N20,VIIRS,n,2.0NRT,292.32,5.23,D
-28.33665,-56.25508,330.78,0.38,0.36,2026-05-19,1732,N20,VIIRS,n,2.0NRT,293.12,2.33,D
-28.3247,-56.37847,329.37,0.38,0.36,2026-05-19,1732,N20,VIIRS,n,2.0NRT,292.34,2.27,D
-28.32196,-56.60454,331.05,0.38,0.36,2026-05-19,1732,N20,VIIRS,n,2.0NRT,293.52,4.1,D
-28.32041,-56.61696,332.55,0.38,0.36,2026-05-19,1732,N20,VIIRS,n,2.0NRT,295.19,37.79,D
-28.31805,-56.60125,339.95,0.38,0.36,2026-05-19,1732,N20,VIIRS,n,2.0NRT,293.21,2.66,D
-28.31473,-56.60188,341.12,0.38,0.36,2026-05-19,1732,N20,VIIRS,n,2.0NRT,291.91,2.66,D
-28.31141,-56.60252,341.08,0.38,0.36,2026-05-19,1732,N20,VIIRS,n,2.0NRT,293.76,48.57,D
-28.3075,-56.59923,332.87,0.38,0.36,2026-05-19,1732,N20,VIIRS,n,2.0NRT,292.12,48.57,D
-28.3069,-56.5953,349.85,0.38,0.36,2026-05-19,1732,N20,VIIRS,n,2.0NRT,292.72,6.33,D
-28.30477,-56.60379,367.0,0.38,0.36,2026-05-19,1732,N20,VIIRS,h,2.0NRT,330.23,108.68,D
-28.30417,-56.59987,350.89,0.38,0.36,2026-05-19,1732,N20,VIIRS,n,2.0NRT,298.51,108.68,D
-28.30358,-56.59594,342.93,0.38,0.36,2026-05-19,1732,N20,VIIRS,n,2.0NRT,291.4,7.78,D
-28.30299,-56.59201,334.93,0.38,0.36,2026-05-19,1732,N20,VIIRS,n,2.0NRT,291.13,7.78,D
-28.30026,-56.59658,329.42,0.38,0.36,2026-05-19,1732,N20,VIIRS,n,2.0NRT,294.03,7.78,D
-28.2993,-56.61292,333.84,0.38,0.36,2026-05-19,1732,N20,VIIRS,n,2.0NRT,292.95,5.3,D
-28.29871,-56.609,354.52,0.38,0.36,2026-05-19,1732,N20,VIIRS,n,2.0NRT,293.62,5.3,D
-28.29812,-56.60507,347.66,0.38,0.36,2026-05-19,1732,N20,VIIRS,n,2.0NRT,292.09,5.44,D
-28.29753,-56.60114,338.63,0.38,0.36,2026-05-19,1732,N20,VIIRS,n,2.0NRT,290.45,5.44,D
-28.29694,-56.59721,326.94,0.38,0.36,2026-05-19,1732,N20,VIIRS,n,2.0NRT,293.33,8.75,D
-28.28824,-58.10476,338.8,0.41,0.37,2026-05-19,1732,N20,VIIRS,n,2.0NRT,293.38,2.52,D
-28.28541,-58.10952,296.83,0.41,0.37,2026-05-19,1732,N20,VIIRS,l,2.0NRT,299.67,35.32,D
-28.28483,-58.10537,320.74,0.41,0.37,2026-05-19,1732,N20,VIIRS,l,2.0NRT,321.44,113.78,D
-28.27556,-56.34306,328.78,0.38,0.36,2026-05-19,1732,N20,VIIRS,n,2.0NRT,292.35,1.97,D
-28.27514,-58.667,325.08,0.42,0.38,2026-05-19,1732,N20,VIIRS,n,2.0NRT,292.78,2.02,D
-28.26893,-56.34435,329.1,0.38,0.36,2026-05-19,1732,N20,VIIRS,n,2.0NRT,292.64,4.71,D
-28.25132,-56.40826,336.36,0.38,0.36,2026-05-19,1732,N20,VIIRS,n,2.0NRT,291.35,4.61,D
-28.25073,-56.40434,330.14,0.38,0.36,2026-05-19,1732,N20,VIIRS,n,2.0NRT,290.4,2.62,D
-28.2435,-56.4017,341.55,0.38,0.36,2026-05-19,1732,N20,VIIRS,n,2.0NRT,291.72,4.7,D
-28.23816,-58.62954,329.06,0.42,0.38,2026-05-19,1732,N20,VIIRS,n,2.0NRT,292.45,2.66,D
-28.19474,-56.43509,326.42,0.38,0.36,2026-05-19,1732,N20,VIIRS,n,2.0NRT,293.86,3.85,D
-28.19415,-56.43118,329.32,0.38,0.36,2026-05-19,1732,N20,VIIRS,n,2.0NRT,293.24,4.77,D
-28.1733,-56.56421,332.69,0.38,0.36,2026-05-19,1732,N20,VIIRS,n,2.0NRT,291.81,2.67,D
-28.17057,-56.56877,345.8,0.38,0.36,2026-05-19,1732,N20,VIIRS,n,2.0NRT,294.71,7.16,D
-28.16939,-56.56093,345.66,0.38,0.36,2026-05-19,1732,N20,VIIRS,n,2.0NRT,292.52,6.02,D
-28.16761,-56.54918,337.14,0.38,0.36,2026-05-19,1732,N20,VIIRS,n,2.0NRT,293.28,3.8,D
-28.1237,-55.45502,329.42,0.39,0.36,2026-05-19,1732,N20,VIIRS,n,2.0NRT,293.42,3.02,D
-28.07476,-57.9766,329.03,0.4,0.37,2026-05-19,1732,N20,VIIRS,n,2.0NRT,292.61,2.7,D
-28.06525,-55.28312,325.52,0.39,0.36,2026-05-19,1732,N20,VIIRS,n,2.0NRT,292.53,1.76,D
-28.0235,-58.95965,333.25,0.43,0.38,2026-05-19,1732,N20,VIIRS,n,2.0NRT,293.53,6.64,D
-28.02248,-58.95821,328.43,0.43,0.38,2026-05-19,1732,N20,VIIRS,n,2.0NRT,291.91,6.4,D
-27.95462,-59.17607,342.37,0.43,0.38,2026-05-19,1732,N20,VIIRS,n,2.0NRT,291.12,6.94,D
-27.94413,-59.17721,343.32,0.43,0.38,2026-05-19,1732,N20,VIIRS,n,2.0NRT,291.27,5.67,D
-27.94405,-59.17785,338.19,0.43,0.38,2026-05-19,1732,N20,VIIRS,n,2.0NRT,291.04,4.65,D
-27.92588,-56.49897,335.77,0.38,0.36,2026-05-19,1732,N20,VIIRS,n,2.0NRT,294.91,4.9,D
-27.92135,-58.55466,336.18,0.41,0.37,2026-05-19,1732,N20,VIIRS,n,2.0NRT,291.73,3.36,D
-27.91031,-56.28499,337.94,0.38,0.36,2026-05-19,1732,N20,VIIRS,n,2.0NRT,294.13,3.58,D
-27.90768,-56.11262,332.68,0.38,0.36,2026-05-19,1732,N20,VIIRS,n,2.0NRT,292.27,65.4,D
-27.90567,-56.36625,332.91,0.38,0.36,2026-05-19,1732,N20,VIIRS,n,2.0NRT,293.86,5.97,D
-27.90508,-56.36235,349.07,0.38,0.36,2026-05-19,1732,N20,VIIRS,n,2.0NRT,295.84,5.97,D
-27.90436,-56.11327,344.82,0.38,0.36,2026-05-19,1732,N20,VIIRS,n,2.0NRT,296.99,80.99,D
-27.88288,-63.07648,335.07,0.45,0.47,2026-05-19,1732,N20,VIIRS,n,2.0NRT,295.79,9.93,D
-27.88241,-63.07187,367.0,0.45,0.47,2026-05-19,1732,N20,VIIRS,h,2.0NRT,298.43,9.93,D
-27.88194,-63.06727,355.73,0.45,0.47,2026-05-19,1732,N20,VIIRS,n,2.0NRT,297.95,8.78,D
-27.88147,-63.06267,337.31,0.45,0.47,2026-05-19,1732,N20,VIIRS,n,2.0NRT,294.05,8.78,D
-27.87628,-63.0714,325.06,0.45,0.47,2026-05-19,1732,N20,VIIRS,l,2.0NRT,295.42,4.01,D
-27.86632,-57.0091,331.43,0.39,0.36,2026-05-19,1732,N20,VIIRS,n,2.0NRT,292.97,2.48,D
-27.86099,-57.31374,328.11,0.39,0.36,2026-05-19,1732,N20,VIIRS,n,2.0NRT,293.34,1.43,D
-27.85966,-57.01035,327.85,0.39,0.36,2026-05-19,1732,N20,VIIRS,n,2.0NRT,291.18,3.51,D
-27.83459,-63.90134,329.33,0.5,0.49,2026-05-19,1732,N20,VIIRS,n,2.0NRT,297.72,2.24,D
-27.82641,-57.31199,331.09,0.39,0.36,2026-05-19,1732,N20,VIIRS,n,2.0NRT,294.93,3.05,D
-27.77615,-59.67552,342.35,0.45,0.39,2026-05-19,1732,N20,VIIRS,n,2.0NRT,290.45,4.67,D
-27.73336,-55.12048,334.13,0.39,0.36,2026-05-19,1732,N20,VIIRS,n,2.0NRT,292.62,2.39,D
-27.71644,-55.27193,342.97,0.39,0.36,2026-05-19,1732,N20,VIIRS,n,2.0NRT,293.68,3.74,D
-27.66287,-58.65832,345.64,0.42,0.37,2026-05-19,1732,N20,VIIRS,n,2.0NRT,292.22,20.36,D
-27.66069,-58.65779,345.14,0.42,0.37,2026-05-19,1732,N20,VIIRS,n,2.0NRT,296.7,22.03,D
-27.65942,-58.65891,349.61,0.42,0.37,2026-05-19,1732,N20,VIIRS,n,2.0NRT,297.88,20.36,D
-27.65885,-58.65469,331.55,0.42,0.37,2026-05-19,1732,N20,VIIRS,n,2.0NRT,291.28,3.98,D
-27.65724,-58.65839,341.09,0.42,0.37,2026-05-19,1732,N20,VIIRS,n,2.0NRT,298.42,22.03,D
-27.64453,-56.19145,334.07,0.38,0.36,2026-05-19,1732,N20,VIIRS,n,2.0NRT,304.42,26.48,D
-27.64121,-56.19209,337.56,0.38,0.36,2026-05-19,1732,N20,VIIRS,n,2.0NRT,305.32,26.48,D
-27.64061,-56.1882,337.68,0.38,0.36,2026-05-19,1732,N20,VIIRS,n,2.0NRT,305.43,26.48,D
-27.60406,-56.19083,334.08,0.38,0.36,2026-05-19,1732,N20,VIIRS,n,2.0NRT,296.46,57.06,D
-27.60346,-56.18694,342.17,0.38,0.36,2026-05-19,1732,N20,VIIRS,n,2.0NRT,295.26,57.06,D
-27.60015,-56.18759,304.56,0.38,0.36,2026-05-19,1732,N20,VIIRS,l,2.0NRT,321.57,57.06,D
-27.59954,-56.1837,340.86,0.38,0.36,2026-05-19,1732,N20,VIIRS,n,2.0NRT,308.91,61.07,D
-27.59743,-56.19213,339.72,0.38,0.36,2026-05-19,1732,N20,VIIRS,n,2.0NRT,296.62,15.91,D
-27.59592,-56.20446,327.43,0.38,0.36,2026-05-19,1732,N20,VIIRS,n,2.0NRT,293.02,2.06,D
-27.59411,-56.19278,331.17,0.38,0.36,2026-05-19,1732,N20,VIIRS,n,2.0NRT,289.75,15.91,D
-27.53671,-55.99937,342.57,0.39,0.36,2026-05-19,1732,N20,VIIRS,n,2.0NRT,308.22,22.97,D
-27.53611,-55.99547,344.65,0.39,0.36,2026-05-19,1732,N20,VIIRS,n,2.0NRT,304.43,26.73,D
-27.52312,-61.08239,326.12,0.52,0.42,2026-05-19,1732,N20,VIIRS,n,2.0NRT,298.14,3.47,D
-27.52248,-61.07711,327.38,0.52,0.41,2026-05-19,1732,N20,VIIRS,n,2.0NRT,295.57,3.02,D
-27.50789,-55.15754,332.0,0.39,0.36,2026-05-19,1732,N20,VIIRS,n,2.0NRT,293.86,4.05,D
-27.50108,-55.28598,329.35,0.39,0.36,2026-05-19,1732,N20,VIIRS,n,2.0NRT,293.32,8.0,D
-27.41501,-57.46351,338.41,0.39,0.36,2026-05-19,1732,N20,VIIRS,n,2.0NRT,294.03,4.79,D
-27.38994,-54.48681,327.28,0.41,0.37,2026-05-19,1732,N20,VIIRS,n,2.0NRT,291.98,2.42,D
-27.37218,-50.69529,328.53,0.4,0.44,2026-05-19,1732,N20,VIIRS,n,2.0NRT,289.75,2.11,D
-27.36816,-50.69632,332.9,0.4,0.44,2026-05-19,1732,N20,VIIRS,n,2.0NRT,292.1,4.38,D
-27.35113,-51.50845,342.27,0.54,0.42,2026-05-19,1732,N20,VIIRS,n,2.0NRT,290.53,7.23,D
-27.33315,-57.45759,342.03,0.39,0.36,2026-05-19,1732,N20,VIIRS,n,2.0NRT,293.92,8.74,D
-27.28537,-55.78338,337.48,0.39,0.36,2026-05-19,1732,N20,VIIRS,n,2.0NRT,295.46,3.53,D
-27.25634,-55.34295,328.35,0.39,0.36,2026-05-19,1732,N20,VIIRS,n,2.0NRT,291.56,1.21,D
-27.23572,-56.6212,335.67,0.38,0.36,2026-05-19,1732,N20,VIIRS,n,2.0NRT,293.27,3.14,D
-27.23466,-55.29421,329.88,0.39,0.36,2026-05-19,1732,N20,VIIRS,n,2.0NRT,293.05,2.8,D
-27.19854,-55.39131,339.48,0.39,0.36,2026-05-19,1732,N20,VIIRS,n,2.0NRT,296.89,7.77,D
-27.19588,-58.83321,341.56,0.42,0.37,2026-05-19,1732,N20,VIIRS,n,2.0NRT,294.46,5.64,D
-27.18595,-55.56041,329.94,0.39,0.36,2026-05-19,1732,N20,VIIRS,n,2.0NRT,291.78,8.13,D
-27.18261,-55.56107,340.58,0.39,0.36,2026-05-19,1732,N20,VIIRS,n,2.0NRT,294.48,8.13,D
-27.1502,-56.48589,326.4,0.38,0.36,2026-05-19,1732,N20,VIIRS,n,2.0NRT,293.13,1.0,D
-27.14384,-56.73032,356.14,0.38,0.36,2026-05-19,1732,N20,VIIRS,n,2.0NRT,296.85,9.29,D
-27.14326,-56.72645,339.52,0.38,0.36,2026-05-19,1732,N20,VIIRS,n,2.0NRT,294.32,3.45,D
-27.10826,-56.30243,334.75,0.38,0.36,2026-05-19,1732,N20,VIIRS,n,2.0NRT,294.39,2.13,D
-27.10541,-56.76951,341.93,0.38,0.36,2026-05-19,1732,N20,VIIRS,n,2.0NRT,295.57,4.12,D
-27.10514,-55.42202,333.98,0.39,0.36,2026-05-19,1732,N20,VIIRS,n,2.0NRT,293.99,3.55,D
-27.10494,-56.30308,345.73,0.38,0.36,2026-05-19,1732,N20,VIIRS,n,2.0NRT,295.61,5.1,D
-27.10138,-58.6766,333.53,0.41,0.37,2026-05-19,1732,N20,VIIRS,n,2.0NRT,294.48,5.02,D
-27.09794,-58.67719,337.5,0.41,0.37,2026-05-19,1732,N20,VIIRS,n,2.0NRT,296.09,5.02,D
-27.0925,-58.41278,328.81,0.41,0.37,2026-05-19,1732,N20,VIIRS,n,2.0NRT,291.96,2.56,D
-27.06743,-61.00093,325.38,0.51,0.41,2026-05-19,1732,N20,VIIRS,n,2.0NRT,298.41,2.59,D
-27.05329,-56.47247,345.4,0.38,0.36,2026-05-19,1732,N20,VIIRS,n,2.0NRT,294.52,4.62,D
-27.04998,-56.47311,347.1,0.38,0.36,2026-05-19,1732,N20,VIIRS,n,2.0NRT,294.37,4.49,D
-27.02397,-55.40115,347.75,0.39,0.36,2026-05-19,1732,N20,VIIRS,n,2.0NRT,299.02,13.89,D
-27.02063,-55.40182,345.04,0.39,0.36,2026-05-19,1732,N20,VIIRS,n,2.0NRT,297.45,13.89,D
-27.00874,-56.66843,331.02,0.38,0.36,2026-05-19,1732,N20,VIIRS,n,2.0NRT,295.44,1.79,D
-26.99761,-58.88642,329.6,0.42,0.37,2026-05-19,1732,N20,VIIRS,n,2.0NRT,292.24,2.26,D
-26.98452,-60.63871,331.34,0.49,0.4,2026-05-19,1732,N20,VIIRS,n,2.0NRT,296.71,4.66,D
-26.98219,-60.80659,345.75,0.5,0.41,2026-05-19,1732,N20,VIIRS,n,2.0NRT,298.46,20.94,D
-26.98158,-60.80156,325.07,0.5,0.41,2026-05-19,1732,N20,VIIRS,n,2.0NRT,298.31,20.73,D
-26.97844,-60.80716,332.0,0.5,0.41,2026-05-19,1732,N20,VIIRS,n,2.0NRT,306.23,20.94,D
-26.97783,-60.80213,334.38,0.5,0.41,2026-05-19,1732,N20,VIIRS,n,2.0NRT,304.99,20.73,D
-26.96435,-56.24662,325.54,0.38,0.36,2026-05-19,1732,N20,VIIRS,n,2.0NRT,294.06,3.22,D
-26.96375,-56.24275,329.18,0.38,0.36,2026-05-19,1732,N20,VIIRS,n,2.0NRT,292.81,4.12,D
-26.94596,-56.15039,330.22,0.39,0.36,2026-05-19,1732,N20,VIIRS,n,2.0NRT,294.08,2.87,D
-26.90741,-54.87999,330.28,0.4,0.37,2026-05-19,1732,N20,VIIRS,n,2.0NRT,294.32,5.07,D
-26.89644,-57.00408,328.92,0.39,0.36,2026-05-19,1732,N20,VIIRS,n,2.0NRT,292.09,1.59,D
-26.89095,-57.35229,327.07,0.39,0.36,2026-05-19,1732,N20,VIIRS,n,2.0NRT,293.47,3.15,D
-26.89038,-57.34838,334.38,0.39,0.36,2026-05-19,1732,N20,VIIRS,n,2.0NRT,293.6,4.16,D
-26.86801,-56.70293,330.37,0.38,0.36,2026-05-19,1732,N20,VIIRS,n,2.0NRT,293.23,1.92,D
-26.85554,-56.73312,344.37,0.38,0.36,2026-05-19,1732,N20,VIIRS,n,2.0NRT,294.61,3.87,D
-26.85495,-56.72926,331.8,0.38,0.36,2026-05-19,1732,N20,VIIRS,n,2.0NRT,293.85,3.87,D
-26.85281,-56.73761,330.46,0.38,0.36,2026-05-19,1732,N20,VIIRS,n,2.0NRT,293.11,2.75,D
-26.85222,-56.73375,326.82,0.38,0.36,2026-05-19,1732,N20,VIIRS,n,2.0NRT,292.91,4.12,D
-26.85105,-56.72602,326.7,0.38,0.36,2026-05-19,1732,N20,VIIRS,n,2.0NRT,292.41,11.69,D
-26.8489,-56.73438,336.85,0.38,0.36,2026-05-19,1732,N20,VIIRS,n,2.0NRT,292.46,4.12,D
-26.84832,-56.73051,325.81,0.38,0.36,2026-05-19,1732,N20,VIIRS,n,2.0NRT,292.93,4.12,D
-26.84773,-56.72665,343.29,0.38,0.36,2026-05-19,1732,N20,VIIRS,n,2.0NRT,296.78,11.69,D
-26.84655,-56.71892,330.23,0.38,0.36,2026-05-19,1732,N20,VIIRS,n,2.0NRT,294.2,3.76,D
-26.84382,-56.72341,330.35,0.38,0.36,2026-05-19,1732,N20,VIIRS,n,2.0NRT,292.28,4.92,D
-26.84324,-56.71955,333.87,0.38,0.36,2026-05-19,1732,N20,VIIRS,n,2.0NRT,292.8,2.55,D
-26.82908,-57.11979,332.68,0.39,0.36,2026-05-19,1732,N20,VIIRS,n,2.0NRT,293.47,2.64,D
-26.82344,-57.10488,343.22,0.39,0.36,2026-05-19,1732,N20,VIIRS,n,2.0NRT,295.72,3.59,D
-26.79983,-56.15068,328.99,0.39,0.36,2026-05-19,1732,N20,VIIRS,n,2.0NRT,293.03,2.67,D
-26.79919,-56.69563,331.28,0.38,0.36,2026-05-19,1732,N20,VIIRS,n,2.0NRT,298.08,5.13,D
-26.79647,-56.70012,335.07,0.38,0.36,2026-05-19,1732,N20,VIIRS,n,2.0NRT,299.57,13.05,D
-26.79588,-56.69625,346.42,0.38,0.36,2026-05-19,1732,N20,VIIRS,n,2.0NRT,296.8,5.13,D
-26.79372,-55.91577,329.7,0.39,0.36,2026-05-19,1732,N20,VIIRS,n,2.0NRT,293.68,2.0,D
-26.79315,-56.70074,329.96,0.38,0.36,2026-05-19,1732,N20,VIIRS,n,2.0NRT,293.12,6.96,D
-26.79256,-56.69688,330.4,0.38,0.36,2026-05-19,1732,N20,VIIRS,n,2.0NRT,301.73,24.61,D
-26.77725,-57.29298,329.6,0.39,0.36,2026-05-19,1732,N20,VIIRS,n,2.0NRT,292.67,1.43,D
-26.74314,-58.71071,329.54,0.41,0.37,2026-05-19,1732,N20,VIIRS,n,2.0NRT,292.35,2.78,D
-26.71534,-57.06113,329.74,0.39,0.36,2026-05-19,1732,N20,VIIRS,n,2.0NRT,294.87,1.55,D
-26.68456,-56.67756,329.89,0.38,0.36,2026-05-19,1732,N20,VIIRS,n,2.0NRT,293.13,3.93,D
-26.68161,-56.65827,341.95,0.38,0.36,2026-05-19,1732,N20,VIIRS,n,2.0NRT,293.9,3.0,D
-26.66916,-55.63034,343.46,0.39,0.36,2026-05-19,1732,N20,VIIRS,n,2.0NRT,296.54,6.3,D
-26.66706,-55.6302,330.6,0.39,0.36,2026-05-19,1732,N20,VIIRS,n,2.0NRT,294.39,3.12,D
-26.66406,-57.63385,325.08,0.39,0.36,2026-05-19,1732,N20,VIIRS,n,2.0NRT,294.7,2.4,D
-26.66012,-58.7154,326.71,0.41,0.37,2026-05-19,1732,N20,VIIRS,n,2.0NRT,291.66,1.91,D
-26.65383,-58.69537,330.54,0.41,0.37,2026-05-19,1732,N20,VIIRS,n,2.0NRT,290.59,1.87,D
-26.6537,-57.53926,337.79,0.39,0.36,2026-05-19,1732,N20,VIIRS,n,2.0NRT,295.22,4.48,D
-26.65313,-57.53535,343.71,0.39,0.36,2026-05-19,1732,N20,VIIRS,n,2.0NRT,295.33,3.31,D
-26.65307,-60.8484,333.0,0.5,0.41,2026-05-19,1732,N20,VIIRS,n,2.0NRT,300.7,4.1,D
-26.64979,-57.53596,333.89,0.39,0.36,2026-05-19,1732,N20,VIIRS,n,2.0NRT,293.5,3.31,D
-26.6431,-57.03037,326.07,0.38,0.36,2026-05-19,1732,N20,VIIRS,n,2.0NRT,294.46,1.84,D
-26.62676,-54.212,332.9,0.42,0.38,2026-05-19,1732,N20,VIIRS,n,2.0NRT,291.26,4.32,D
-26.62146,-55.51774,326.1,0.39,0.36,2026-05-19,1732,N20,VIIRS,n,2.0NRT,293.23,0.95,D
-26.61486,-57.63911,329.45,0.39,0.36,2026-05-19,1732,N20,VIIRS,n,2.0NRT,296.5,1.59,D
-26.6148,-55.90622,326.51,0.39,0.36,2026-05-19,1732,N20,VIIRS,n,2.0NRT,293.28,1.29,D
-26.59813,-56.36036,330.08,0.38,0.36,2026-05-19,1732,N20,VIIRS,n,2.0NRT,295.25,4.19,D
-26.59019,-54.81001,327.78,0.41,0.37,2026-05-19,1732,N20,VIIRS,n,2.0NRT,293.77,1.82,D
-26.5725,-57.88013,327.15,0.39,0.36,2026-05-19,1732,N20,VIIRS,n,2.0NRT,292.69,2.64,D
-26.56078,-56.29601,339.23,0.38,0.36,2026-05-19,1732,N20,VIIRS,n,2.0NRT,294.85,4.01,D
-26.55579,-57.4934,336.82,0.39,0.36,2026-05-19,1732,N20,VIIRS,n,2.0NRT,294.64,3.49,D
-26.55522,-57.48951,326.83,0.39,0.36,2026-05-19,1732,N20,VIIRS,n,2.0NRT,292.85,1.7,D
-26.55343,-54.44301,351.95,0.42,0.37,2026-05-19,1732,N20,VIIRS,n,2.0NRT,299.44,12.07,D
-26.55069,-54.44788,342.52,0.42,0.37,2026-05-19,1732,N20,VIIRS,n,2.0NRT,301.37,14.04,D
-26.55038,-56.55573,345.56,0.38,0.36,2026-05-19,1732,N20,VIIRS,n,2.0NRT,295.36,6.2,D
-26.54999,-54.44372,354.61,0.42,0.37,2026-05-19,1732,N20,VIIRS,n,2.0NRT,305.43,12.07,D
-26.54978,-56.55187,338.43,0.38,0.36,2026-05-19,1732,N20,VIIRS,n,2.0NRT,293.07,4.15,D
-26.5493,-54.43958,329.07,0.42,0.37,2026-05-19,1732,N20,VIIRS,n,2.0NRT,292.65,12.07,D
-26.54726,-54.44857,338.06,0.42,0.37,2026-05-19,1732,N20,VIIRS,n,2.0NRT,292.49,5.34,D
-26.54656,-54.44442,349.83,0.42,0.37,2026-05-19,1732,N20,VIIRS,n,2.0NRT,297.76,9.22,D
-26.54587,-54.44031,340.07,0.42,0.37,2026-05-19,1732,N20,VIIRS,n,2.0NRT,294.85,9.22,D
-26.54434,-56.56084,343.71,0.38,0.36,2026-05-19,1732,N20,VIIRS,n,2.0NRT,293.94,3.95,D
-26.54231,-56.32696,325.95,0.38,0.36,2026-05-19,1732,N20,VIIRS,n,2.0NRT,292.52,1.88,D
-26.54013,-56.89079,331.11,0.38,0.36,2026-05-19,1732,N20,VIIRS,n,2.0NRT,292.91,2.05,D
-26.53621,-57.24557,331.05,0.39,0.36,2026-05-19,1732,N20,VIIRS,n,2.0NRT,293.82,4.65,D
-26.53288,-57.24619,330.28,0.39,0.36,2026-05-19,1732,N20,VIIRS,n,2.0NRT,292.02,4.65,D
-26.52388,-57.90097,334.42,0.39,0.36,2026-05-19,1732,N20,VIIRS,n,2.0NRT,293.13,3.65,D
-26.5006,-56.41041,342.05,0.38,0.36,2026-05-19,1732,N20,VIIRS,n,2.0NRT,296.66,9.81,D
-26.50001,-56.40656,346.06,0.38,0.36,2026-05-19,1732,N20,VIIRS,n,2.0NRT,292.82,9.81,D
-26.49669,-56.40719,328.8,0.38,0.36,2026-05-19,1732,N20,VIIRS,n,2.0NRT,291.78,1.39,D
-26.49438,-57.30902,342.48,0.39,0.36,2026-05-19,1732,N20,VIIRS,n,2.0NRT,294.56,2.55,D
-26.49381,-57.30515,337.34,0.39,0.36,2026-05-19,1732,N20,VIIRS,n,2.0NRT,294.09,2.55,D
-26.49236,-57.31292,337.52,0.39,0.36,2026-05-19,1732,N20,VIIRS,n,2.0NRT,294.75,4.21,D
-26.49179,-57.30904,356.25,0.39,0.36,2026-05-19,1732,N20,VIIRS,n,2.0NRT,296.12,9.24,D
-26.49099,-55.93393,331.27,0.39,0.36,2026-05-19,1732,N20,VIIRS,n,2.0NRT,293.45,3.04,D
-26.48904,-57.31353,335.39,0.39,0.36,2026-05-19,1732,N20,VIIRS,n,2.0NRT,293.33,4.21,D
-26.48571,-57.31414,328.04,0.39,0.36,2026-05-19,1732,N20,VIIRS,n,2.0NRT,290.72,5.27,D
-26.48239,-57.31475,342.39,0.39,0.36,2026-05-19,1732,N20,VIIRS,n,2.0NRT,292.66,5.27,D
-26.48181,-57.31087,344.8,0.39,0.36,2026-05-19,1732,N20,VIIRS,n,2.0NRT,291.54,7.88,D
-26.47787,-58.18965,326.61,0.4,0.37,2026-05-19,1732,N20,VIIRS,n,2.0NRT,293.97,1.92,D
-26.4773,-58.18566,329.86,0.4,0.37,2026-05-19,1732,N20,VIIRS,n,2.0NRT,294.1,1.92,D
-26.44465,-52.95415,327.83,0.47,0.4,2026-05-19,1732,N20,VIIRS,n,2.0NRT,282.6,3.29,D
-26.43246,-60.55868,329.77,0.48,0.4,2026-05-19,1732,N20,VIIRS,n,2.0NRT,292.94,6.12,D
-26.42826,-58.10856,329.04,0.4,0.37,2026-05-19,1732,N20,VIIRS,n,2.0NRT,293.57,2.73,D
-26.41875,-58.13878,332.42,0.4,0.37,2026-05-19,1732,N20,VIIRS,n,2.0NRT,294.57,3.85,D
-26.41819,-58.1348,327.75,0.4,0.37,2026-05-19,1732,N20,VIIRS,n,2.0NRT,292.83,3.3,D
-26.40751,-57.13379,332.58,0.39,0.36,2026-05-19,1732,N20,VIIRS,n,2.0NRT,293.18,2.66,D
-26.40684,-59.33579,336.35,0.43,0.38,2026-05-19,1732,N20,VIIRS,n,2.0NRT,294.08,30.03,D
-26.40335,-59.33637,334.19,0.43,0.38,2026-05-19,1732,N20,VIIRS,l,2.0NRT,307.94,30.03,D
-26.39839,-62.75384,327.12,0.41,0.45,2026-05-19,1732,N20,VIIRS,n,2.0NRT,296.23,2.04,D
-26.38845,-56.19012,330.36,0.39,0.36,2026-05-19,1732,N20,VIIRS,n,2.0NRT,294.54,2.42,D
-26.38025,-58.43621,333.82,0.4,0.37,2026-05-19,1732,N20,VIIRS,n,2.0NRT,294.37,3.1,D
-26.37686,-58.4368,343.34,0.4,0.37,2026-05-19,1732,N20,VIIRS,n,2.0NRT,294.64,8.89,D
-26.36428,-58.27434,338.19,0.4,0.37,2026-05-19,1732,N20,VIIRS,n,2.0NRT,293.49,7.73,D
-26.32741,-55.51479,328.75,0.39,0.36,2026-05-19,1732,N20,VIIRS,n,2.0NRT,287.9,1.61,D
-26.3196,-54.55892,331.17,0.41,0.37,2026-05-19,1732,N20,VIIRS,n,2.0NRT,292.96,2.82,D
-26.30001,-58.38784,333.11,0.4,0.37,2026-05-19,1732,N20,VIIRS,n,2.0NRT,291.56,2.25,D
-26.29593,-57.06725,340.94,0.38,0.36,2026-05-19,1732,N20,VIIRS,n,2.0NRT,295.02,4.01,D
-26.29261,-57.06786,329.22,0.38,0.36,2026-05-19,1732,N20,VIIRS,n,2.0NRT,293.7,6.67,D
-26.29203,-57.06401,352.15,0.38,0.36,2026-05-19,1732,N20,VIIRS,n,2.0NRT,296.8,6.67,D
-26.28871,-57.06462,331.38,0.38,0.36,2026-05-19,1732,N20,VIIRS,n,2.0NRT,291.35,6.67,D
-26.27072,-56.17659,338.41,0.39,0.36,2026-05-19,1732,N20,VIIRS,n,2.0NRT,288.62,2.46,D
-26.24631,-56.30455,343.2,0.39,0.36,2026-05-19,1732,N20,VIIRS,n,2.0NRT,296.46,11.32,D
-26.24571,-56.3007,329.86,0.39,0.36,2026-05-19,1732,N20,VIIRS,n,2.0NRT,289.95,3.47,D
-26.24299,-56.30519,328.9,0.39,0.36,2026-05-19,1732,N20,VIIRS,n,2.0NRT,290.19,3.21,D
-26.24239,-56.30133,348.96,0.39,0.36,2026-05-19,1732,N20,VIIRS,n,2.0NRT,294.5,17.72,D
-26.23046,-54.55064,332.58,0.42,0.37,2026-05-19,1732,N20,VIIRS,n,2.0NRT,297.07,2.4,D
-26.19038,-60.78143,333.67,0.49,0.4,2026-05-19,1732,N20,VIIRS,n,2.0NRT,294.04,4.52,D
-26.18976,-60.77655,340.72,0.49,0.4,2026-05-19,1732,N20,VIIRS,n,2.0NRT,293.99,4.52,D
-26.18173,-61.205,341.58,0.51,0.41,2026-05-19,1732,N20,VIIRS,n,2.0NRT,301.77,26.78,D
-26.17793,-61.20557,326.41,0.51,0.41,2026-05-19,1732,N20,VIIRS,l,2.0NRT,298.2,12.74,D
-26.14412,-59.6051,333.69,0.43,0.38,2026-05-19,1732,N20,VIIRS,n,2.0NRT,294.29,3.83,D
-26.13714,-55.86688,326.47,0.39,0.36,2026-05-19,1732,N20,VIIRS,n,2.0NRT,294.9,2.13,D
-26.09046,-55.87601,336.01,0.39,0.36,2026-05-19,1732,N20,VIIRS,n,2.0NRT,293.8,4.33,D
-26.06667,-57.76056,326.4,0.39,0.36,2026-05-19,1732,N20,VIIRS,n,2.0NRT,293.57,1.88,D
-26.06276,-57.75726,345.09,0.39,0.36,2026-05-19,1732,N20,VIIRS,n,2.0NRT,294.47,4.73,D
-26.04675,-54.15348,326.97,0.43,0.38,2026-05-19,1732,N20,VIIRS,n,2.0NRT,290.92,2.59,D
-26.04328,-54.15424,328.98,0.43,0.38,2026-05-19,1732,N20,VIIRS,n,2.0NRT,289.87,2.59,D
-26.00011,-60.8179,337.75,0.49,0.4,2026-05-19,1732,N20,VIIRS,n,2.0NRT,294.87,3.95,D
-25.99835,-60.81668,326.3,0.49,0.4,2026-05-19,1732,N20,VIIRS,n,2.0NRT,293.14,2.64,D
-25.89062,-58.06386,342.98,0.39,0.36,2026-05-19,1732,N20,VIIRS,n,2.0NRT,293.8,2.9,D
-25.89005,-58.05994,341.08,0.39,0.36,2026-05-19,1732,N20,VIIRS,n,2.0NRT,293.39,2.9,D
-25.88727,-58.06446,327.04,0.39,0.36,2026-05-19,1732,N20,VIIRS,n,2.0NRT,291.93,2.9,D
-25.8867,-58.06054,330.93,0.39,0.36,2026-05-19,1732,N20,VIIRS,n,2.0NRT,292.21,2.9,D
-25.88334,-58.06113,342.37,0.39,0.36,2026-05-19,1732,N20,VIIRS,n,2.0NRT,294.33,15.24,D
-25.78409,-58.19526,325.13,0.39,0.37,2026-05-19,1732,N20,VIIRS,n,2.0NRT,291.13,3.39,D
-25.7735,-57.08829,335.77,0.38,0.36,2026-05-19,1732,N20,VIIRS,n,2.0NRT,294.42,3.41,D
-25.71797,-63.74546,337.66,0.47,0.47,2026-05-19,1732,N20,VIIRS,n,2.0NRT,290.77,0.08,D
-25.59864,-55.37657,335.61,0.4,0.37,2026-05-19,1732,N20,VIIRS,n,2.0NRT,281.69,3.75,D
-25.49142,-58.13325,330.67,0.39,0.36,2026-05-19,1732,N20,VIIRS,n,2.0NRT,293.04,2.83,D
-24.8598,-56.97098,340.47,0.38,0.36,2026-05-19,1732,N20,VIIRS,n,2.0NRT,286.66,6.03,D
-24.80733,-57.47281,339.92,0.38,0.36,2026-05-19,1732,N20,VIIRS,n,2.0NRT,286.29,3.72,D
-24.794,-55.18274,330.05,0.41,0.37,2026-05-19,1732,N20,VIIRS,n,2.0NRT,293.23,5.12,D
-24.77986,-57.22396,345.72,0.38,0.36,2026-05-19,1732,N20,VIIRS,n,2.0NRT,281.05,3.79,D
-24.77712,-57.22836,332.41,0.38,0.36,2026-05-19,1732,N20,VIIRS,n,2.0NRT,281.72,4.73,D
-24.77655,-57.22456,344.3,0.38,0.36,2026-05-19,1732,N20,VIIRS,n,2.0NRT,283.1,4.73,D
-24.77597,-57.22077,330.27,0.38,0.36,2026-05-19,1732,N20,VIIRS,n,2.0NRT,277.18,3.27,D
-24.75158,-58.00395,349.45,0.39,0.36,2026-05-19,1732,N20,VIIRS,n,2.0NRT,281.66,16.03,D
-24.72401,-55.74219,334.27,0.4,0.37,2026-05-19,1732,N20,VIIRS,n,2.0NRT,281.69,5.95,D
-24.70738,-56.81951,328.78,0.38,0.36,2026-05-19,1732,N20,VIIRS,n,2.0NRT,286.98,2.23,D
-24.70407,-56.82017,328.68,0.38,0.36,2026-05-19,1732,N20,VIIRS,n,2.0NRT,286.09,2.23,D
-24.57016,-55.84855,335.68,0.4,0.37,2026-05-19,1732,N20,VIIRS,n,2.0NRT,294.43,2.65,D
-24.52833,-60.63393,335.34,0.46,0.39,2026-05-19,1734,N20,VIIRS,n,2.0NRT,298.05,6.05,D
-23.83537,-59.94049,329.55,0.43,0.38,2026-05-19,1734,N20,VIIRS,n,2.0NRT,295.47,6.12,D
-23.83481,-59.9363,344.31,0.43,0.38,2026-05-19,1734,N20,VIIRS,n,2.0NRT,301.81,12.92,D
-23.83416,-59.94012,339.17,0.43,0.38,2026-05-19,1734,N20,VIIRS,n,2.0NRT,304.38,24.79,D
-23.83358,-59.93593,342.79,0.43,0.38,2026-05-19,1734,N20,VIIRS,n,2.0NRT,299.81,27.0,D
-23.83067,-59.94068,350.04,0.43,0.38,2026-05-19,1734,N20,VIIRS,n,2.0NRT,292.91,8.74,D
-23.83009,-59.93649,335.4,0.43,0.38,2026-05-19,1734,N20,VIIRS,n,2.0NRT,290.14,4.08,D
-23.27975,-60.12331,344.67,0.43,0.38,2026-05-19,1734,N20,VIIRS,n,2.0NRT,289.46,4.07,D
-23.27918,-60.11911,335.1,0.43,0.38,2026-05-19,1734,N20,VIIRS,n,2.0NRT,288.57,4.07,D
-23.16529,-61.27603,325.58,0.48,0.4,2026-05-19,1734,N20,VIIRS,n,2.0NRT,295.0,2.3,D
-22.19482,-62.45069,331.99,0.53,0.42,2026-05-19,1734,N20,VIIRS,n,2.0NRT,296.91,3.54,D
-18.76212,-69.36263,352.66,0.45,0.63,2026-05-19,1734,N20,VIIRS,n,2.0NRT,298.92,7.22,D
-18.21789,-64.7967,338.97,0.44,0.46,2026-05-19,1734,N20,VIIRS,n,2.0NRT,297.81,0.85,D
-17.48472,-59.52774,325.44,0.39,0.36,2026-05-19,1734,N20,VIIRS,n,2.0NRT,285.58,2.65,D
-17.48417,-59.52412,337.2,0.39,0.36,2026-05-19,1734,N20,VIIRS,n,2.0NRT,285.6,2.65,D
-17.48085,-59.52466,333.46,0.39,0.36,2026-05-19,1734,N20,VIIRS,n,2.0NRT,285.63,5.0,D
-16.77319,-51.76747,328.7,0.53,0.5,2026-05-19,1734,N20,VIIRS,n,2.0NRT,293.09,6.31,D
-16.76213,-52.88684,340.93,0.45,0.47,2026-05-19,1734,N20,VIIRS,n,2.0NRT,292.35,7.64,D
-16.45612,-51.71506,336.47,0.54,0.51,2026-05-19,1734,N20,VIIRS,n,2.0NRT,270.75,8.72,D
-15.64315,-48.03523,352.73,0.49,0.65,2026-05-19,1734,N20,VIIRS,n,2.0NRT,289.92,18.51,D
-15.64221,-48.03068,356.39,0.49,0.65,2026-05-19,1734,N20,VIIRS,l,2.0NRT,288.7,18.51,D
-15.63934,-48.03355,367.0,0.49,0.65,2026-05-19,1734,N20,VIIRS,h,2.0NRT,290.04,31.77,D
-17.97075,-67.57085,336.52,0.33,0.55,2026-05-19,1737,N20,VIIRS,n,2.0NRT,303.92,1.81,D
-17.72111,-68.66231,342.92,0.39,0.59,2026-05-19,1737,N20,VIIRS,n,2.0NRT,298.88,3.73,D
-17.40312,-65.8386,335.69,0.5,0.49,2026-05-19,1737,N20,VIIRS,n,2.0NRT,298.75,4.85,D
-17.08943,-66.82254,330.56,0.57,0.52,2026-05-19,1737,N20,VIIRS,n,2.0NRT,293.97,4.21,D
-16.2627,-63.30013,332.93,0.51,0.41,2026-05-19,1737,N20,VIIRS,n,2.0NRT,292.29,3.47,D
-15.18081,-53.87883,343.19,0.42,0.45,2026-05-19,1737,N20,VIIRS,n,2.0NRT,294.81,6.51,D
-15.17185,-53.87654,353.58,0.42,0.45,2026-05-19,1737,N20,VIIRS,n,2.0NRT,295.86,18.29,D
-15.17115,-53.87269,338.58,0.42,0.45,2026-05-19,1737,N20,VIIRS,n,2.0NRT,291.31,7.62,D
-15.08703,-51.87009,355.02,0.56,0.52,2026-05-19,1737,N20,VIIRS,n,2.0NRT,295.09,20.4,D
-15.08605,-51.86486,329.69,0.56,0.52,2026-05-19,1737,N20,VIIRS,n,2.0NRT,292.45,4.99,D
-15.08133,-51.8658,329.85,0.56,0.52,2026-05-19,1737,N20,VIIRS,n,2.0NRT,292.83,4.99,D
-14.38813,-45.55382,328.02,0.75,0.77,2026-05-19,1737,N20,VIIRS,n,2.0NRT,291.67,11.81,D
-13.71,-59.24755,330.66,0.39,0.36,2026-05-19,1737,N20,VIIRS,n,2.0NRT,295.9,3.25,D
-13.70613,-59.24452,326.87,0.39,0.36,2026-05-19,1737,N20,VIIRS,n,2.0NRT,295.18,3.4,D
-13.69216,-52.59878,346.27,0.53,0.5,2026-05-19,1737,N20,VIIRS,n,2.0NRT,302.11,63.93,D
-13.6509,-45.55505,335.53,0.77,0.77,2026-05-19,1737,N20,VIIRS,n,2.0NRT,300.64,8.12,D
-13.6438,-45.55653,342.94,0.77,0.77,2026-05-19,1737,N20,VIIRS,n,2.0NRT,298.9,9.91,D
-13.58891,-65.54598,325.23,0.42,0.45,2026-05-19,1737,N20,VIIRS,n,2.0NRT,290.22,2.39,D
-13.45515,-66.01237,325.73,0.45,0.47,2026-05-19,1737,N20,VIIRS,n,2.0NRT,288.61,3.38,D
-13.45462,-66.00822,327.7,0.45,0.47,2026-05-19,1737,N20,VIIRS,n,2.0NRT,287.51,3.44,D
-13.04123,-66.65913,327.25,0.49,0.49,2026-05-19,1737,N20,VIIRS,n,2.0NRT,289.94,3.86,D
-12.90116,-51.86739,339.13,0.61,0.54,2026-05-19,1737,N20,VIIRS,n,2.0NRT,293.81,9.37,D
-12.62103,-69.36246,341.09,0.37,0.58,2026-05-19,1737,N20,VIIRS,n,2.0NRT,290.51,3.7,D
-12.56133,-54.61701,345.08,0.41,0.45,2026-05-19,1737,N20,VIIRS,n,2.0NRT,302.64,8.18,D
-12.56037,-54.62125,350.17,0.41,0.45,2026-05-19,1737,N20,VIIRS,n,2.0NRT,301.43,8.85,D
-12.55969,-54.61745,356.28,0.41,0.45,2026-05-19,1737,N20,VIIRS,n,2.0NRT,303.49,10.51,D
-12.55901,-54.61364,339.56,0.41,0.45,2026-05-19,1737,N20,VIIRS,n,2.0NRT,301.35,10.51,D
-12.55787,-54.62159,346.1,0.41,0.45,2026-05-19,1737,N20,VIIRS,n,2.0NRT,301.41,11.08,D
-12.55721,-54.61779,367.0,0.41,0.45,2026-05-19,1737,N20,VIIRS,h,2.0NRT,302.44,14.58,D
-12.52482,-65.80959,341.75,0.42,0.46,2026-05-19,1737,N20,VIIRS,n,2.0NRT,291.34,9.92,D
-12.52063,-65.81016,355.04,0.42,0.46,2026-05-19,1737,N20,VIIRS,n,2.0NRT,291.41,9.92,D
-12.36003,-70.4952,329.47,0.44,0.62,2026-05-19,1737,N20,VIIRS,n,2.0NRT,283.6,0.27,D
-12.35898,-54.77758,334.63,0.41,0.45,2026-05-19,1737,N20,VIIRS,n,2.0NRT,298.31,6.09,D
-12.23083,-46.60793,339.37,0.7,0.75,2026-05-19,1737,N20,VIIRS,n,2.0NRT,299.53,16.94,D
-12.23013,-46.6053,367.0,0.7,0.75,2026-05-19,1737,N20,VIIRS,h,2.0NRT,301.94,16.35,D
-12.2295,-46.60146,367.0,0.7,0.75,2026-05-19,1737,N20,VIIRS,h,2.0NRT,301.11,24.5,D
-12.22876,-46.59885,345.98,0.7,0.75,2026-05-19,1737,N20,VIIRS,n,2.0NRT,299.78,16.35,D
-12.14108,-53.30767,331.62,0.51,0.49,2026-05-19,1737,N20,VIIRS,n,2.0NRT,295.09,6.51,D
-12.09605,-53.32372,341.25,0.51,0.49,2026-05-19,1737,N20,VIIRS,n,2.0NRT,294.42,13.28,D
-11.94448,-46.74588,333.27,0.7,0.75,2026-05-19,1737,N20,VIIRS,n,2.0NRT,298.27,17.09,D
-11.94068,-46.92706,332.6,0.68,0.74,2026-05-19,1737,N20,VIIRS,n,2.0NRT,298.42,8.66,D
-11.93931,-46.92843,334.29,0.68,0.74,2026-05-19,1737,N20,VIIRS,n,2.0NRT,298.58,5.44,D
-11.9393,-46.75292,355.17,0.7,0.75,2026-05-19,1737,N20,VIIRS,n,2.0NRT,298.78,19.65,D
-11.93893,-46.75357,355.22,0.7,0.75,2026-05-19,1737,N20,VIIRS,n,2.0NRT,298.47,17.09,D
-11.938,-46.74677,367.0,0.7,0.75,2026-05-19,1737,N20,VIIRS,h,2.0NRT,301.93,47.12,D
-11.93767,-46.74741,367.0,0.7,0.75,2026-05-19,1737,N20,VIIRS,h,2.0NRT,301.41,17.09,D
-11.93243,-46.75417,351.11,0.7,0.75,2026-05-19,1737,N20,VIIRS,n,2.0NRT,296.8,19.65,D
-11.93207,-46.75486,344.23,0.7,0.75,2026-05-19,1737,N20,VIIRS,n,2.0NRT,296.09,6.88,D
-11.93079,-46.74864,331.69,0.7,0.75,2026-05-19,1737,N20,VIIRS,n,2.0NRT,297.98,6.88,D
-11.80239,-57.00167,333.09,0.47,0.4,2026-05-19,1737,N20,VIIRS,n,2.0NRT,294.06,3.34,D
-11.80173,-49.40785,367.0,0.47,0.64,2026-05-19,1737,N20,VIIRS,h,2.0NRT,308.26,10.6,D
-11.80089,-49.41161,335.8,0.47,0.64,2026-05-19,1737,N20,VIIRS,n,2.0NRT,305.46,10.71,D
-11.79999,-49.4071,367.0,0.47,0.64,2026-05-19,1737,N20,VIIRS,h,2.0NRT,306.86,10.71,D
-11.79586,-49.40896,343.58,0.47,0.64,2026-05-19,1737,N20,VIIRS,n,2.0NRT,302.58,10.6,D
-11.64594,-58.24966,338.25,0.42,0.37,2026-05-19,1737,N20,VIIRS,n,2.0NRT,292.94,4.87,D
-11.64311,-58.25403,337.75,0.42,0.37,2026-05-19,1737,N20,VIIRS,n,2.0NRT,291.78,13.18,D
-11.6425,-58.25023,340.45,0.42,0.37,2026-05-19,1737,N20,VIIRS,n,2.0NRT,297.75,13.18,D
-11.63967,-58.25459,341.32,0.42,0.37,2026-05-19,1737,N20,VIIRS,n,2.0NRT,293.98,13.18,D
-11.63906,-58.25078,344.46,0.42,0.37,2026-05-19,1737,N20,VIIRS,n,2.0NRT,293.4,13.18,D
-11.63523,-47.87637,330.15,0.6,0.7,2026-05-19,1737,N20,VIIRS,n,2.0NRT,300.09,4.74,D
-11.60387,-47.1019,336.15,0.67,0.74,2026-05-19,1737,N20,VIIRS,n,2.0NRT,298.3,13.77,D
-11.60195,-55.32763,337.48,0.39,0.44,2026-05-19,1737,N20,VIIRS,n,2.0NRT,297.36,2.75,D
-11.60044,-55.3283,329.12,0.39,0.44,2026-05-19,1737,N20,VIIRS,n,2.0NRT,295.8,2.2,D
-11.5956,-49.82848,350.11,0.44,0.63,2026-05-19,1737,N20,VIIRS,n,2.0NRT,301.7,7.98,D
-11.50975,-47.88695,367.0,0.6,0.7,2026-05-19,1737,N20,VIIRS,h,2.0NRT,301.88,8.05,D
-11.50944,-47.88614,352.49,0.6,0.71,2026-05-19,1737,N20,VIIRS,n,2.0NRT,300.39,6.76,D
-11.50331,-47.88833,332.75,0.6,0.7,2026-05-19,1737,N20,VIIRS,n,2.0NRT,299.58,4.83,D
-11.46885,-55.11796,337.05,0.4,0.44,2026-05-19,1737,N20,VIIRS,n,2.0NRT,295.08,4.8,D
-11.46821,-55.11431,340.5,0.4,0.44,2026-05-19,1737,N20,VIIRS,n,2.0NRT,292.69,5.32,D
-11.46479,-55.11868,329.49,0.4,0.44,2026-05-19,1737,N20,VIIRS,n,2.0NRT,292.59,9.99,D
-11.46415,-55.11502,355.04,0.4,0.44,2026-05-19,1737,N20,VIIRS,n,2.0NRT,297.05,10.07,D
-11.4635,-55.11135,339.35,0.4,0.44,2026-05-19,1737,N20,VIIRS,n,2.0NRT,292.55,10.07,D
-11.46008,-55.11573,367.0,0.4,0.44,2026-05-19,1737,N20,VIIRS,h,2.0NRT,297.7,10.07,D
-11.45944,-55.11206,339.91,0.4,0.44,2026-05-19,1737,N20,VIIRS,n,2.0NRT,295.85,10.07,D
-11.45771,-52.9202,329.81,0.55,0.51,2026-05-19,1737,N20,VIIRS,n,2.0NRT,295.21,5.48,D
-11.45641,-55.11709,328.97,0.4,0.44,2026-05-19,1737,N20,VIIRS,n,2.0NRT,293.59,9.27,D
-11.45602,-55.11643,329.75,0.4,0.44,2026-05-19,1737,N20,VIIRS,n,2.0NRT,294.05,9.16,D
-11.4558,-55.11342,367.0,0.4,0.44,2026-05-19,1737,N20,VIIRS,h,2.0NRT,297.44,9.27,D
-11.45537,-55.11277,356.23,0.4,0.44,2026-05-19,1737,N20,VIIRS,n,2.0NRT,297.05,9.16,D
-11.45473,-55.1091,328.69,0.4,0.44,2026-05-19,1737,N20,VIIRS,n,2.0NRT,295.4,7.63,D
-11.45455,-55.10606,336.12,0.4,0.44,2026-05-19,1737,N20,VIIRS,n,2.0NRT,294.44,10.41,D
-11.45408,-55.10542,333.69,0.4,0.44,2026-05-19,1737,N20,VIIRS,n,2.0NRT,293.87,7.63,D
-11.45111,-55.11045,349.61,0.4,0.44,2026-05-19,1737,N20,VIIRS,n,2.0NRT,294.82,10.41,D
-11.45066,-55.1098,349.37,0.4,0.44,2026-05-19,1737,N20,VIIRS,n,2.0NRT,296.55,7.63,D
-11.45049,-55.10677,343.78,0.4,0.44,2026-05-19,1737,N20,VIIRS,n,2.0NRT,295.1,10.41,D
-11.45001,-55.10612,343.73,0.4,0.44,2026-05-19,1737,N20,VIIRS,n,2.0NRT,294.68,7.63,D
-11.35129,-48.30595,343.64,0.57,0.69,2026-05-19,1737,N20,VIIRS,n,2.0NRT,303.02,40.3,D
-11.35028,-48.30085,367.0,0.57,0.69,2026-05-19,1737,N20,VIIRS,h,2.0NRT,300.29,33.78,D
-11.35016,-51.41704,367.0,0.35,0.57,2026-05-19,1737,N20,VIIRS,h,2.0NRT,296.73,8.57,D
-11.34495,-51.41801,367.0,0.35,0.57,2026-05-19,1737,N20,VIIRS,h,2.0NRT,298.52,8.57,D
-11.34494,-48.30707,354.22,0.57,0.69,2026-05-19,1737,N20,VIIRS,n,2.0NRT,299.56,20.45,D
-11.34394,-48.30199,367.0,0.57,0.69,2026-05-19,1737,N20,VIIRS,h,2.0NRT,299.03,22.03,D
-11.34361,-48.19125,334.71,0.58,0.69,2026-05-19,1737,N20,VIIRS,n,2.0NRT,299.58,6.37,D
-11.34219,-48.19358,346.63,0.58,0.69,2026-05-19,1737,N20,VIIRS,n,2.0NRT,301.34,5.18,D
-11.33873,-53.97744,327.91,0.48,0.48,2026-05-19,1737,N20,VIIRS,n,2.0NRT,293.7,5.78,D
-11.33797,-53.97306,344.71,0.48,0.48,2026-05-19,1737,N20,VIIRS,n,2.0NRT,291.59,9.97,D
-11.30364,-47.27632,332.26,0.66,0.73,2026-05-19,1737,N20,VIIRS,n,2.0NRT,294.08,4.72,D
-11.29974,-48.24563,341.86,0.57,0.69,2026-05-19,1737,N20,VIIRS,n,2.0NRT,303.14,10.84,D
-11.28184,-49.45626,334.13,0.48,0.64,2026-05-19,1737,N20,VIIRS,n,2.0NRT,297.6,35.75,D
-11.27874,-49.45906,338.46,0.48,0.64,2026-05-19,1737,N20,VIIRS,n,2.0NRT,307.69,35.05,D
-11.27791,-49.45474,367.0,0.48,0.64,2026-05-19,1737,N20,VIIRS,h,2.0NRT,301.25,35.05,D
-11.27679,-49.46167,346.79,0.48,0.64,2026-05-19,1737,N20,VIIRS,n,2.0NRT,304.63,48.75,D
-11.27593,-49.45737,351.29,0.48,0.64,2026-05-19,1737,N20,VIIRS,n,2.0NRT,306.43,35.75,D
-11.27506,-49.453,339.82,0.48,0.64,2026-05-19,1737,N20,VIIRS,n,2.0NRT,300.68,35.75,D
-11.27366,-49.46448,333.61,0.48,0.64,2026-05-19,1737,N20,VIIRS,n,2.0NRT,296.99,16.19,D
-11.27282,-49.46013,367.0,0.48,0.64,2026-05-19,1737,N20,VIIRS,h,2.0NRT,301.17,32.58,D
-11.27088,-49.46275,336.79,0.48,0.64,2026-05-19,1737,N20,VIIRS,n,2.0NRT,295.94,5.17,D
-11.17704,-49.71245,331.74,0.46,0.64,2026-05-19,1737,N20,VIIRS,n,2.0NRT,301.67,6.33,D
-11.16976,-49.64353,343.08,0.47,0.64,2026-05-19,1737,N20,VIIRS,n,2.0NRT,298.29,8.33,D
-11.16894,-49.63927,367.0,0.47,0.64,2026-05-19,1737,N20,VIIRS,h,2.0NRT,301.52,19.6,D
-11.13313,-46.69106,349.32,0.73,0.76,2026-05-19,1737,N20,VIIRS,n,2.0NRT,298.99,16.86,D
-11.13239,-46.69521,349.06,0.73,0.76,2026-05-19,1737,N20,VIIRS,n,2.0NRT,298.65,9.84,D
-11.13118,-46.78713,340.25,0.72,0.76,2026-05-19,1737,N20,VIIRS,n,2.0NRT,295.62,9.36,D
-11.13104,-46.6888,344.48,0.73,0.76,2026-05-19,1737,N20,VIIRS,n,2.0NRT,299.06,9.84,D
-11.12748,-46.55669,343.17,0.75,0.77,2026-05-19,1737,N20,VIIRS,n,2.0NRT,295.06,25.86,D
-11.12596,-46.56143,367.0,0.74,0.76,2026-05-19,1737,N20,VIIRS,h,2.0NRT,295.63,14.6,D
-11.12453,-46.55462,335.2,0.74,0.76,2026-05-19,1737,N20,VIIRS,n,2.0NRT,294.92,25.87,D
-11.12324,-46.53595,336.5,0.75,0.77,2026-05-19,1737,N20,VIIRS,n,2.0NRT,296.96,20.81,D
-11.12309,-46.54778,367.0,0.75,0.77,2026-05-19,1737,N20,VIIRS,h,2.0NRT,297.77,25.87,D
-11.12181,-46.56469,367.0,0.74,0.76,2026-05-19,1737,N20,VIIRS,h,2.0NRT,297.45,25.86,D
-11.12162,-46.54084,354.9,0.75,0.77,2026-05-19,1737,N20,VIIRS,n,2.0NRT,300.42,34.96,D
-11.12016,-46.53391,337.07,0.75,0.77,2026-05-19,1737,N20,VIIRS,n,2.0NRT,296.66,34.96,D
-11.11897,-46.55078,367.0,0.75,0.77,2026-05-19,1737,N20,VIIRS,h,2.0NRT,295.48,42.65,D
-11.11889,-46.56252,367.0,0.74,0.76,2026-05-19,1737,N20,VIIRS,h,2.0NRT,297.96,48.76,D
-11.11757,-46.54393,352.81,0.75,0.77,2026-05-19,1737,N20,VIIRS,n,2.0NRT,298.39,42.65,D
-11.11618,-46.53711,352.89,0.75,0.77,2026-05-19,1737,N20,VIIRS,n,2.0NRT,295.35,20.81,D
-11.11475,-46.5658,342.87,0.74,0.76,2026-05-19,1737,N20,VIIRS,n,2.0NRT,304.44,44.46,D
-11.11331,-46.55877,355.9,0.75,0.77,2026-05-19,1737,N20,VIIRS,n,2.0NRT,292.82,44.46,D
-11.11329,-46.57057,338.36,0.74,0.76,2026-05-19,1737,N20,VIIRS,n,2.0NRT,296.56,48.76,D
-11.11182,-46.56363,354.9,0.74,0.76,2026-05-19,1737,N20,VIIRS,n,2.0NRT,301.18,48.76,D
-11.11038,-46.75617,345.59,0.72,0.76,2026-05-19,1737,N20,VIIRS,n,2.0NRT,296.77,16.78,D
-11.11035,-46.55668,331.47,0.74,0.76,2026-05-19,1737,N20,VIIRS,n,2.0NRT,291.7,58.16,D
-11.10905,-46.74977,334.05,0.72,0.76,2026-05-19,1737,N20,VIIRS,n,2.0NRT,294.15,11.19,D
-11.10767,-46.56686,367.0,0.74,0.76,2026-05-19,1737,N20,VIIRS,h,2.0NRT,295.76,44.46,D
-11.10627,-46.56001,367.0,0.75,0.77,2026-05-19,1737,N20,VIIRS,h,2.0NRT,292.35,44.46,D
-11.10475,-46.5647,367.0,0.74,0.76,2026-05-19,1737,N20,VIIRS,h,2.0NRT,294.83,24.89,D
-11.10333,-46.55801,330.79,0.74,0.76,2026-05-19,1737,N20,VIIRS,n,2.0NRT,293.29,14.68,D
-11.09011,-51.21719,352.35,0.37,0.58,2026-05-19,1737,N20,VIIRS,n,2.0NRT,301.45,4.19,D
-11.08947,-51.21384,332.23,0.37,0.58,2026-05-19,1737,N20,VIIRS,n,2.0NRT,300.07,4.19,D
-11.08594,-51.21695,332.73,0.37,0.58,2026-05-19,1737,N20,VIIRS,n,2.0NRT,300.31,3.06,D
-11.06634,-48.25401,341.64,0.58,0.69,2026-05-19,1737,N20,VIIRS,n,2.0NRT,302.21,11.25,D
-11.06526,-48.24862,367.0,0.58,0.7,2026-05-19,1737,N20,VIIRS,h,2.0NRT,301.92,11.25,D
-11.06507,-48.25528,333.95,0.58,0.7,2026-05-19,1737,N20,VIIRS,n,2.0NRT,299.98,11.48,D
-11.06402,-48.2499,367.0,0.58,0.7,2026-05-19,1737,N20,VIIRS,h,2.0NRT,300.12,11.48,D
-11.06062,-47.13909,367.0,0.68,0.74,2026-05-19,1737,N20,VIIRS,h,2.0NRT,296.74,8.61,D
-11.06007,-47.14182,350.8,0.68,0.74,2026-05-19,1737,N20,VIIRS,n,2.0NRT,299.27,14.46,D
-10.91192,-54.12206,331.72,0.47,0.48,2026-05-19,1737,N20,VIIRS,n,2.0NRT,300.51,6.53,D
-10.89424,-49.86147,355.58,0.46,0.63,2026-05-19,1737,N20,VIIRS,n,2.0NRT,300.1,10.37,D
-10.88026,-49.63994,339.8,0.47,0.64,2026-05-19,1737,N20,VIIRS,n,2.0NRT,299.7,6.36,D
-10.87941,-49.63564,352.42,0.47,0.64,2026-05-19,1737,N20,VIIRS,n,2.0NRT,301.32,6.36,D
-10.87632,-49.64095,342.55,0.47,0.64,2026-05-19,1737,N20,VIIRS,n,2.0NRT,297.19,8.32,D
-10.8755,-49.63664,367.0,0.47,0.64,2026-05-19,1737,N20,VIIRS,h,2.0NRT,294.63,8.32,D
-10.87439,-53.77708,336.99,0.5,0.49,2026-05-19,1737,N20,VIIRS,n,2.0NRT,296.55,7.44,D
-10.87361,-53.77259,351.05,0.5,0.49,2026-05-19,1737,N20,VIIRS,n,2.0NRT,296.93,7.44,D
-10.87354,-49.63678,335.96,0.47,0.64,2026-05-19,1737,N20,VIIRS,n,2.0NRT,293.42,4.29,D
-10.87334,-53.74453,327.78,0.5,0.49,2026-05-19,1737,N20,VIIRS,l,2.0NRT,299.33,6.59,D
-10.87282,-53.76809,348.54,0.5,0.49,2026-05-19,1737,N20,VIIRS,n,2.0NRT,296.74,6.64,D
-10.86885,-53.74536,346.5,0.5,0.49,2026-05-19,1737,N20,VIIRS,n,2.0NRT,297.13,5.91,D
-10.86755,-53.76441,337.34,0.5,0.49,2026-05-19,1737,N20,VIIRS,n,2.0NRT,293.11,6.64,D
-10.86598,-49.71402,348.94,0.47,0.64,2026-05-19,1737,N20,VIIRS,n,2.0NRT,298.53,9.34,D
-10.85365,-49.6498,330.45,0.47,0.64,2026-05-19,1737,N20,VIIRS,n,2.0NRT,295.07,3.41,D
-10.81821,-49.32704,355.86,0.49,0.65,2026-05-19,1737,N20,VIIRS,n,2.0NRT,299.98,18.43,D
-10.81732,-49.32255,367.0,0.5,0.65,2026-05-19,1737,N20,VIIRS,h,2.0NRT,299.88,15.88,D
-10.81643,-49.31807,335.12,0.5,0.65,2026-05-19,1737,N20,VIIRS,n,2.0NRT,296.94,15.88,D
-10.81637,-49.32728,354.91,0.5,0.65,2026-05-19,1737,N20,VIIRS,n,2.0NRT,302.83,28.35,D
-10.81551,-49.32278,367.0,0.5,0.65,2026-05-19,1737,N20,VIIRS,h,2.0NRT,299.26,29.12,D
-10.7958,-49.91136,347.86,0.45,0.63,2026-05-19,1737,N20,VIIRS,n,2.0NRT,299.07,8.22,D
-10.75093,-51.599,330.62,0.35,0.57,2026-05-19,1737,N20,VIIRS,n,2.0NRT,302.0,1.98,D
-10.58077,-46.65627,331.71,0.75,0.77,2026-05-19,1737,N20,VIIRS,n,2.0NRT,297.27,6.51,D
-10.57623,-46.65724,352.39,0.75,0.77,2026-05-19,1737,N20,VIIRS,n,2.0NRT,297.87,13.39,D
-10.57037,-49.92323,342.59,0.46,0.63,2026-05-19,1737,N20,VIIRS,n,2.0NRT,300.57,8.22,D
-10.56456,-49.92432,367.0,0.46,0.63,2026-05-19,1737,N20,VIIRS,h,2.0NRT,302.12,8.22,D
-10.56376,-49.92015,341.1,0.46,0.63,2026-05-19,1737,N20,VIIRS,n,2.0NRT,300.7,11.19,D
-10.54391,-49.91088,335.41,0.46,0.63,2026-05-19,1737,N20,VIIRS,n,2.0NRT,301.56,3.72,D
-10.49949,-48.10778,345.13,0.61,0.71,2026-05-19,1737,N20,VIIRS,n,2.0NRT,301.3,13.56,D
-10.49947,-48.10893,353.11,0.61,0.71,2026-05-19,1737,N20,VIIRS,n,2.0NRT,300.97,10.94,D
-10.45265,-47.94399,339.59,0.62,0.71,2026-05-19,1737,N20,VIIRS,n,2.0NRT,299.58,5.87,D
-10.4472,-47.94359,341.39,0.62,0.72,2026-05-19,1737,N20,VIIRS,n,2.0NRT,295.53,10.38,D
-10.44608,-47.94517,335.03,0.62,0.71,2026-05-19,1737,N20,VIIRS,n,2.0NRT,295.51,5.87,D
-10.44516,-49.89495,330.34,0.46,0.64,2026-05-19,1737,N20,VIIRS,n,2.0NRT,299.67,5.54,D
-10.43933,-49.89605,349.21,0.46,0.64,2026-05-19,1737,N20,VIIRS,n,2.0NRT,299.69,5.54,D
-10.18677,-46.88278,336.49,0.74,0.76,2026-05-19,1737,N20,VIIRS,n,2.0NRT,297.58,8.12,D
-10.13554,-52.19907,333.67,0.33,0.55,2026-05-19,1737,N20,VIIRS,n,2.0NRT,299.85,2.7,D
-10.12272,-52.41226,330.77,0.63,0.54,2026-05-19,1737,N20,VIIRS,n,2.0NRT,299.0,5.45,D
-10.12198,-52.40906,328.44,0.63,0.54,2026-05-19,1737,N20,VIIRS,n,2.0NRT,297.26,12.48,D
-10.118,-52.41564,333.35,0.63,0.54,2026-05-19,1737,N20,VIIRS,n,2.0NRT,300.47,12.48,D
-10.11774,-52.41312,353.68,0.63,0.54,2026-05-19,1737,N20,VIIRS,n,2.0NRT,299.99,26.47,D
-10.11699,-52.4099,330.38,0.63,0.54,2026-05-19,1737,N20,VIIRS,n,2.0NRT,297.69,12.48,D
-10.06934,-47.97029,350.5,0.63,0.72,2026-05-19,1737,N20,VIIRS,n,2.0NRT,296.73,19.36,D
-10.06272,-47.97134,367.0,0.63,0.72,2026-05-19,1737,N20,VIIRS,h,2.0NRT,298.35,19.36,D
-9.9735,-52.4144,352.78,0.32,0.54,2026-05-19,1737,N20,VIIRS,n,2.0NRT,299.06,18.37,D
-9.96851,-52.41533,356.11,0.32,0.54,2026-05-19,1737,N20,VIIRS,l,2.0NRT,291.19,18.37,D
-9.96747,-52.40953,340.64,0.32,0.54,2026-05-19,1737,N20,VIIRS,n,2.0NRT,293.54,4.17,D
-9.95766,-52.46933,338.89,0.63,0.54,2026-05-19,1737,N20,VIIRS,n,2.0NRT,298.23,18.73,D
-9.95664,-52.46367,342.62,0.63,0.54,2026-05-19,1737,N20,VIIRS,n,2.0NRT,299.56,25.92,D
-9.95268,-52.47019,352.28,0.63,0.54,2026-05-19,1737,N20,VIIRS,n,2.0NRT,299.3,58.42,D
-9.95166,-52.46452,341.29,0.63,0.54,2026-05-19,1737,N20,VIIRS,n,2.0NRT,293.17,20.73,D
-9.93959,-52.45469,328.38,0.63,0.54,2026-05-19,1737,N20,VIIRS,n,2.0NRT,298.25,3.4,D
-9.86383,-46.98019,335.1,0.74,0.76,2026-05-19,1737,N20,VIIRS,n,2.0NRT,295.28,4.38,D
-9.64194,-48.17885,343.77,0.62,0.71,2026-05-19,1737,N20,VIIRS,n,2.0NRT,294.6,8.05,D
-9.64027,-48.17741,349.08,0.62,0.71,2026-05-19,1737,N20,VIIRS,n,2.0NRT,294.53,7.24,D
-9.62863,-48.10962,349.9,0.63,0.72,2026-05-19,1737,N20,VIIRS,n,2.0NRT,295.83,15.5,D
-9.6265,-48.10833,367.0,0.63,0.72,2026-05-19,1737,N20,VIIRS,h,2.0NRT,296.72,22.05,D
-9.62209,-48.11107,355.48,0.63,0.72,2026-05-19,1737,N20,VIIRS,n,2.0NRT,296.34,15.5,D
-9.62094,-48.10509,367.0,0.63,0.72,2026-05-19,1737,N20,VIIRS,h,2.0NRT,295.08,15.5,D
-9.61996,-48.10976,367.0,0.63,0.72,2026-05-19,1737,N20,VIIRS,h,2.0NRT,295.78,22.05,D
-9.58399,-48.16067,333.83,0.62,0.72,2026-05-19,1737,N20,VIIRS,n,2.0NRT,295.52,8.39,D
-9.56333,-48.19408,337.19,0.62,0.71,2026-05-19,1737,N20,VIIRS,n,2.0NRT,294.02,10.49,D
-9.56255,-49.97014,331.2,0.47,0.64,2026-05-19,1737,N20,VIIRS,n,2.0NRT,295.42,4.86,D
-9.48759,-50.86369,342.75,0.41,0.61,2026-05-19,1737,N20,VIIRS,n,2.0NRT,298.21,6.11,D
-9.48617,-50.864,338.54,0.41,0.61,2026-05-19,1737,N20,VIIRS,n,2.0NRT,299.84,4.76,D
-9.48553,-48.20492,330.15,0.62,0.72,2026-05-19,1737,N20,VIIRS,n,2.0NRT,294.96,8.5,D
-9.47892,-48.20592,348.29,0.62,0.72,2026-05-19,1737,N20,VIIRS,n,2.0NRT,294.73,8.5,D
-9.44991,-50.84698,367.0,0.42,0.61,2026-05-19,1737,N20,VIIRS,h,2.0NRT,302.33,10.67,D
-9.36105,-48.42825,334.98,0.6,0.71,2026-05-19,1737,N20,VIIRS,n,2.0NRT,296.44,4.82,D
-9.22653,-46.66679,346.58,0.8,0.78,2026-05-19,1737,N20,VIIRS,n,2.0NRT,294.32,18.55,D
-9.22241,-46.6727,345.68,0.79,0.78,2026-05-19,1737,N20,VIIRS,n,2.0NRT,294.34,21.61,D
-9.22098,-46.66566,367.0,0.79,0.78,2026-05-19,1737,N20,VIIRS,h,2.0NRT,295.16,26.85,D
-9.21934,-46.66811,367.0,0.8,0.78,2026-05-19,1737,N20,VIIRS,h,2.0NRT,294.85,18.55,D
-9.16872,-47.71664,334.95,0.68,0.74,2026-05-19,1737,N20,VIIRS,n,2.0NRT,295.24,4.96,D
-9.13843,-48.8448,353.41,0.57,0.69,2026-05-19,1737,N20,VIIRS,n,2.0NRT,296.69,11.95,D
-9.10849,-47.95657,334.35,0.66,0.73,2026-05-19,1737,N20,VIIRS,n,2.0NRT,295.56,8.96,D
-9.10733,-47.95059,342.61,0.66,0.73,2026-05-19,1737,N20,VIIRS,n,2.0NRT,294.01,9.91,D
-8.84006,-47.13375,347.65,0.75,0.77,2026-05-19,1737,N20,VIIRS,n,2.0NRT,292.01,12.08,D
-8.80258,-54.78016,330.93,0.46,0.47,2026-05-19,1739,N20,VIIRS,n,2.0NRT,296.91,0.26,D
-8.79909,-50.66575,353.78,0.44,0.62,2026-05-19,1739,N20,VIIRS,n,2.0NRT,289.41,6.29,D
-8.79836,-50.66173,332.02,0.44,0.62,2026-05-19,1739,N20,VIIRS,n,2.0NRT,289.77,6.29,D
-8.71626,-47.91484,355.59,0.67,0.74,2026-05-19,1739,N20,VIIRS,n,2.0NRT,290.23,16.76,D
-8.71506,-47.90879,367.0,0.67,0.74,2026-05-19,1739,N20,VIIRS,h,2.0NRT,291.67,16.76,D
-8.71446,-47.91648,367.0,0.67,0.74,2026-05-19,1739,N20,VIIRS,h,2.0NRT,290.91,24.54,D
-8.71329,-47.91036,367.0,0.67,0.74,2026-05-19,1739,N20,VIIRS,h,2.0NRT,291.53,33.85,D
-8.70954,-49.86273,330.75,0.5,0.66,2026-05-19,1739,N20,VIIRS,n,2.0NRT,295.3,2.8,D
-8.70951,-47.91612,351.17,0.67,0.74,2026-05-19,1739,N20,VIIRS,n,2.0NRT,290.46,16.76,D
-8.70827,-47.90987,367.0,0.67,0.74,2026-05-19,1739,N20,VIIRS,h,2.0NRT,291.03,16.76,D
-8.70658,-48.29173,335.59,0.63,0.72,2026-05-19,1739,N20,VIIRS,n,2.0NRT,294.39,7.32,D
-8.7065,-47.91146,356.3,0.67,0.74,2026-05-19,1739,N20,VIIRS,l,2.0NRT,289.69,22.59,D
-8.70439,-49.86841,367.0,0.5,0.66,2026-05-19,1739,N20,VIIRS,h,2.0NRT,297.22,10.28,D
-8.70342,-48.28888,339.86,0.63,0.72,2026-05-19,1739,N20,VIIRS,n,2.0NRT,293.96,8.98,D
-8.57727,-47.9769,335.65,0.67,0.74,2026-05-19,1739,N20,VIIRS,n,2.0NRT,293.02,5.12,D
-8.4441,-49.49376,367.0,0.53,0.67,2026-05-19,1739,N20,VIIRS,h,2.0NRT,294.4,9.42,D
-8.38116,-51.99984,335.3,0.36,0.58,2026-05-19,1739,N20,VIIRS,n,2.0NRT,299.01,5.24,D
-8.38059,-51.99662,351.18,0.36,0.58,2026-05-19,1739,N20,VIIRS,n,2.0NRT,299.58,6.39,D
-8.37645,-52.00393,335.01,0.36,0.58,2026-05-19,1739,N20,VIIRS,n,2.0NRT,297.26,7.08,D
-8.3753,-51.99746,367.0,0.36,0.58,2026-05-19,1739,N20,VIIRS,h,2.0NRT,299.31,8.09,D
-8.37472,-51.99423,367.0,0.36,0.58,2026-05-19,1739,N20,VIIRS,h,2.0NRT,298.32,8.09,D
-8.3735,-52.01788,344.06,0.36,0.57,2026-05-19,1739,N20,VIIRS,n,2.0NRT,297.79,5.94,D
-8.37234,-52.01138,335.3,0.36,0.58,2026-05-19,1739,N20,VIIRS,n,2.0NRT,297.29,6.16,D
-8.36823,-52.0188,345.42,0.36,0.57,2026-05-19,1739,N20,VIIRS,n,2.0NRT,297.93,5.59,D
-8.36296,-52.01973,343.27,0.36,0.57,2026-05-19,1739,N20,VIIRS,n,2.0NRT,298.76,5.59,D
-8.3618,-52.01325,332.05,0.36,0.58,2026-05-19,1739,N20,VIIRS,n,2.0NRT,297.6,3.73,D
-8.35301,-52.02487,348.5,0.36,0.57,2026-05-19,1739,N20,VIIRS,n,2.0NRT,297.54,6.34,D
-8.35242,-52.0216,335.32,0.36,0.57,2026-05-19,1739,N20,VIIRS,n,2.0NRT,297.21,7.05,D
-8.31719,-55.10952,340.39,0.45,0.47,2026-05-19,1739,N20,VIIRS,n,2.0NRT,298.57,5.04,D
-8.21068,-47.99561,341.17,0.68,0.74,2026-05-19,1739,N20,VIIRS,n,2.0NRT,289.08,7.27,D
-7.81833,-55.15805,328.19,0.45,0.47,2026-05-19,1739,N20,VIIRS,l,2.0NRT,298.44,6.75,D
-6.99861,-50.46232,330.31,0.49,0.65,2026-05-19,1739,N20,VIIRS,n,2.0NRT,289.79,7.71,D
-6.93134,-48.66914,329.34,0.64,0.72,2026-05-19,1739,N20,VIIRS,n,2.0NRT,287.79,2.76,D
-6.92873,-48.67102,331.1,0.64,0.72,2026-05-19,1739,N20,VIIRS,n,2.0NRT,287.64,4.11,D
-6.68173,-47.51717,329.0,0.78,0.78,2026-05-19,1739,N20,VIIRS,n,2.0NRT,286.98,8.9,D
-6.57631,-51.10191,341.4,0.45,0.63,2026-05-19,1739,N20,VIIRS,n,2.0NRT,294.47,9.06,D
-6.57558,-51.09781,348.42,0.45,0.63,2026-05-19,1739,N20,VIIRS,n,2.0NRT,292.37,11.69,D
-4.70952,-50.429,335.26,0.54,0.68,2026-05-19,1739,N20,VIIRS,n,2.0NRT,289.14,4.21,D
-4.70867,-50.43173,329.06,0.54,0.68,2026-05-19,1739,N20,VIIRS,n,2.0NRT,288.58,6.35,D
-4.70782,-50.42696,332.33,0.54,0.68,2026-05-19,1739,N20,VIIRS,n,2.0NRT,288.11,6.39,D
-4.70334,-50.43016,327.89,0.54,0.68,2026-05-19,1739,N20,VIIRS,n,2.0NRT,288.18,4.21,D
-3.26298,-54.47448,332.45,0.6,0.53,2026-05-19,1739,N20,VIIRS,n,2.0NRT,292.37,6.78,D
-3.10314,-60.19648,331.22,0.42,0.38,2026-05-19,1741,N20,VIIRS,n,2.0NRT,293.05,4.47,D
-1.93608,-54.04658,330.65,0.34,0.56,2026-05-19,1741,N20,VIIRS,n,2.0NRT,291.15,3.46,D
-1.80075,-56.2635,339.7,0.48,0.48,2026-05-19,1741,N20,VIIRS,n,2.0NRT,294.11,6.05,D
-1.632,-54.09927,337.16,0.34,0.56,2026-05-19,1741,N20,VIIRS,n,2.0NRT,292.53,3.81,D
1.93785,-60.85204,342.69,0.44,0.38,2026-05-19,1741,N20,VIIRS,n,2.0NRT,292.48,5.74,D
5.98509,-70.16704,327.98,0.44,0.46,2026-05-19,1741,N20,VIIRS,n,2.0NRT,287.03,5.39,D
5.98867,-70.17171,328.43,0.44,0.46,2026-05-19,1741,N20,VIIRS,n,2.0NRT,287.0,3.21,D
5.98932,-70.16776,333.37,0.44,0.46,2026-05-19,1741,N20,VIIRS,n,2.0NRT,288.07,3.21,D
6.37216,-70.34341,342.02,0.45,0.47,2026-05-19,1741,N20,VIIRS,n,2.0NRT,288.27,6.49,D
6.37283,-70.33941,331.26,0.45,0.47,2026-05-19,1741,N20,VIIRS,n,2.0NRT,290.02,6.07,D
6.59708,-63.48302,342.48,0.39,0.36,2026-05-19,1741,N20,VIIRS,n,2.0NRT,300.5,5.02,D
6.63971,-70.84926,340.48,0.48,0.48,2026-05-19,1741,N20,VIIRS,n,2.0NRT,291.34,8.8,D
6.68646,-63.33839,340.75,0.39,0.37,2026-05-19,1741,N20,VIIRS,n,2.0NRT,297.6,3.35,D
6.74399,-63.45554,331.0,0.39,0.36,2026-05-19,1741,N20,VIIRS,l,2.0NRT,302.16,4.51,D
6.82422,-63.43941,333.43,0.39,0.36,2026-05-19,1741,N20,VIIRS,n,2.0NRT,293.31,3.13,D
6.84908,-65.74972,330.61,0.4,0.37,2026-05-19,1741,N20,VIIRS,l,2.0NRT,303.53,8.77,D
6.99478,-63.23234,332.35,0.4,0.37,2026-05-19,1741,N20,VIIRS,n,2.0NRT,294.54,3.03,D
7.07402,-66.29127,336.07,0.41,0.37,2026-05-19,1741,N20,VIIRS,n,2.0NRT,295.94,3.36,D
7.16677,-67.0215,344.93,0.43,0.38,2026-05-19,1741,N20,VIIRS,n,2.0NRT,300.55,5.96,D
7.24281,-67.22933,342.86,0.44,0.38,2026-05-19,1741,N20,VIIRS,n,2.0NRT,302.43,9.81,D
7.24591,-67.20969,334.61,0.44,0.38,2026-05-19,1741,N20,VIIRS,n,2.0NRT,302.03,10.58,D
7.25703,-67.20744,347.98,0.44,0.38,2026-05-19,1741,N20,VIIRS,n,2.0NRT,305.96,13.35,D
7.25712,-63.28822,331.77,0.4,0.37,2026-05-19,1741,N20,VIIRS,n,2.0NRT,288.27,1.79,D
7.25764,-67.20353,338.29,0.44,0.38,2026-05-19,1741,N20,VIIRS,n,2.0NRT,302.0,13.35,D
7.26344,-63.31483,330.26,0.4,0.37,2026-05-19,1741,N20,VIIRS,n,2.0NRT,291.33,4.08,D
7.26933,-67.771,347.33,0.46,0.39,2026-05-19,1741,N20,VIIRS,n,2.0NRT,296.75,9.16,D
7.28718,-66.79022,339.26,0.42,0.38,2026-05-19,1741,N20,VIIRS,n,2.0NRT,298.93,3.01,D
7.29764,-67.06222,332.7,0.43,0.38,2026-05-19,1741,N20,VIIRS,n,2.0NRT,298.15,6.5,D
7.30112,-67.06277,345.88,0.43,0.38,2026-05-19,1741,N20,VIIRS,n,2.0NRT,300.13,9.28,D
7.30343,-67.05904,330.5,0.43,0.38,2026-05-19,1741,N20,VIIRS,n,2.0NRT,299.7,4.34,D
7.35146,-68.81113,334.68,0.52,0.42,2026-05-19,1741,N20,VIIRS,n,2.0NRT,289.52,8.96,D
7.47455,-61.6163,332.92,0.46,0.39,2026-05-19,1741,N20,VIIRS,n,2.0NRT,295.73,5.03,D
7.51168,-67.13908,337.35,0.43,0.38,2026-05-19,1741,N20,VIIRS,n,2.0NRT,296.17,4.48,D
7.54359,-67.66047,341.68,0.45,0.39,2026-05-19,1741,N20,VIIRS,n,2.0NRT,297.24,8.18,D
7.60312,-67.74555,335.95,0.46,0.39,2026-05-19,1741,N20,VIIRS,n,2.0NRT,295.22,4.31,D
7.60539,-67.75435,346.09,0.46,0.39,2026-05-19,1741,N20,VIIRS,n,2.0NRT,296.41,32.65,D
7.60669,-67.74613,356.01,0.46,0.39,2026-05-19,1741,N20,VIIRS,n,2.0NRT,296.41,9.16,D
7.60897,-67.75493,346.02,0.46,0.39,2026-05-19,1741,N20,VIIRS,n,2.0NRT,301.98,32.65,D
7.60962,-67.75082,356.45,0.46,0.39,2026-05-19,1741,N20,VIIRS,n,2.0NRT,297.31,32.65,D
7.61027,-67.7467,342.67,0.46,0.39,2026-05-19,1741,N20,VIIRS,n,2.0NRT,296.84,9.16,D
7.63013,-67.52921,337.98,0.45,0.39,2026-05-19,1741,N20,VIIRS,n,2.0NRT,291.4,5.01,D
7.69919,-68.06364,335.64,0.47,0.4,2026-05-19,1741,N20,VIIRS,n,2.0NRT,290.09,6.77,D
7.69988,-68.05941,336.02,0.47,0.4,2026-05-19,1741,N20,VIIRS,n,2.0NRT,289.34,7.28,D
7.72585,-66.85534,341.75,0.42,0.38,2026-05-19,1741,N20,VIIRS,n,2.0NRT,297.41,12.29,D
7.73118,-66.37035,333.42,0.41,0.37,2026-05-19,1741,N20,VIIRS,n,2.0NRT,296.08,2.9,D
7.7464,-66.45882,330.63,0.41,0.37,2026-05-19,1741,N20,VIIRS,n,2.0NRT,299.64,4.36,D
7.74698,-66.45515,330.97,0.41,0.37,2026-05-19,1741,N20,VIIRS,n,2.0NRT,298.35,3.12,D
7.75498,-67.00056,332.68,0.42,0.38,2026-05-19,1741,N20,VIIRS,n,2.0NRT,294.07,2.82,D
7.78591,-63.13921,336.09,0.4,0.37,2026-05-19,1741,N20,VIIRS,n,2.0NRT,294.29,8.4,D
7.78646,-63.13556,349.89,0.4,0.37,2026-05-19,1741,N20,VIIRS,n,2.0NRT,296.23,6.58,D
7.78967,-67.27505,331.62,0.43,0.38,2026-05-19,1741,N20,VIIRS,n,2.0NRT,294.75,2.97,D
7.79039,-63.13242,334.0,0.4,0.37,2026-05-19,1741,N20,VIIRS,n,2.0NRT,296.87,6.58,D
7.94051,-62.03127,336.94,0.44,0.39,2026-05-19,1741,N20,VIIRS,n,2.0NRT,296.35,5.64,D
8.23203,-63.27786,336.94,0.4,0.37,2026-05-19,1741,N20,VIIRS,n,2.0NRT,292.12,4.5,D
8.46173,-62.44891,331.51,0.43,0.38,2026-05-19,1741,N20,VIIRS,n,2.0NRT,293.13,4.98,D
8.57054,-66.47533,335.71,0.4,0.37,2026-05-19,1741,N20,VIIRS,l,2.0NRT,296.55,17.97,D
8.5791,-61.86344,340.15,0.46,0.39,2026-05-19,1741,N20,VIIRS,n,2.0NRT,290.06,5.16,D
8.72857,-62.37519,339.6,0.44,0.38,2026-05-19,1741,N20,VIIRS,n,2.0NRT,300.33,9.37,D
8.72915,-62.37123,335.5,0.44,0.38,2026-05-19,1741,N20,VIIRS,n,2.0NRT,300.48,7.97,D
8.73468,-65.54528,338.01,0.39,0.36,2026-05-19,1741,N20,VIIRS,n,2.0NRT,299.85,6.35,D
9.38634,-64.54617,335.13,0.39,0.36,2026-05-19,1741,N20,VIIRS,n,2.0NRT,282.84,2.76,D
9.6178,-63.7253,313.89,0.4,0.37,2026-05-19,1741,N20,VIIRS,l,2.0NRT,315.79,55.85,D
9.62078,-63.65892,337.31,0.4,0.37,2026-05-19,1741,N20,VIIRS,n,2.0NRT,302.09,5.03,D
9.62117,-63.72581,350.96,0.4,0.37,2026-05-19,1741,N20,VIIRS,n,2.0NRT,303.54,55.85,D
9.62223,-63.43819,330.63,0.41,0.37,2026-05-19,1741,N20,VIIRS,n,2.0NRT,297.44,3.9,D
9.63215,-63.58217,336.4,0.4,0.37,2026-05-19,1741,N20,VIIRS,n,2.0NRT,298.21,2.65,D
9.63275,-63.6942,335.85,0.4,0.37,2026-05-19,1741,N20,VIIRS,n,2.0NRT,301.57,1.28,D
9.64445,-63.5691,342.66,0.4,0.37,2026-05-19,1741,N20,VIIRS,n,2.0NRT,303.97,28.45,D
9.64553,-63.56179,338.65,0.4,0.37,2026-05-19,1741,N20,VIIRS,n,2.0NRT,297.73,88.05,D
9.6459,-63.62907,346.88,0.4,0.37,2026-05-19,1741,N20,VIIRS,n,2.0NRT,297.25,24.11,D
9.64644,-63.62542,343.18,0.4,0.37,2026-05-19,1741,N20,VIIRS,n,2.0NRT,297.04,24.11,D
9.64698,-63.62178,341.67,0.4,0.37,2026-05-19,1741,N20,VIIRS,n,2.0NRT,299.01,6.41,D
9.64837,-63.56598,346.49,0.4,0.37,2026-05-19,1741,N20,VIIRS,n,2.0NRT,301.39,10.06,D
9.64891,-63.56232,343.54,0.4,0.37,2026-05-19,1741,N20,VIIRS,n,2.0NRT,297.54,6.46,D
9.64981,-63.62594,355.3,0.4,0.37,2026-05-19,1741,N20,VIIRS,n,2.0NRT,306.53,24.11,D
9.65035,-63.6223,354.84,0.4,0.37,2026-05-19,1741,N20,VIIRS,n,2.0NRT,304.48,6.41,D
9.65228,-63.56284,343.44,0.4,0.37,2026-05-19,1741,N20,VIIRS,n,2.0NRT,297.6,6.46,D
9.65264,-63.6301,337.75,0.4,0.37,2026-05-19,1741,N20,VIIRS,n,2.0NRT,297.05,5.11,D
9.65271,-63.53667,340.1,0.4,0.37,2026-05-19,1741,N20,VIIRS,n,2.0NRT,297.79,5.42,D
9.65318,-63.62646,341.55,0.4,0.37,2026-05-19,1741,N20,VIIRS,n,2.0NRT,300.03,5.11,D
9.65326,-63.53299,340.8,0.4,0.37,2026-05-19,1741,N20,VIIRS,n,2.0NRT,298.81,7.27,D
9.65621,-63.5597,337.15,0.4,0.37,2026-05-19,1741,N20,VIIRS,n,2.0NRT,297.98,3.85,D
9.67027,-63.55811,335.93,0.4,0.37,2026-05-19,1741,N20,VIIRS,n,2.0NRT,298.44,3.35,D
9.73597,-63.47384,339.54,0.41,0.37,2026-05-19,1741,N20,VIIRS,n,2.0NRT,301.53,6.33,D
9.73651,-63.47016,346.88,0.41,0.37,2026-05-19,1741,N20,VIIRS,n,2.0NRT,302.26,10.46,D
9.81988,-64.12369,330.96,0.39,0.36,2026-05-19,1741,N20,VIIRS,n,2.0NRT,296.96,2.9,D
9.86977,-63.30051,337.46,0.41,0.37,2026-05-19,1741,N20,VIIRS,n,2.0NRT,297.71,3.7,D
9.87563,-63.33196,335.07,0.41,0.37,2026-05-19,1741,N20,VIIRS,n,2.0NRT,300.13,7.19,D
9.89623,-63.23914,331.86,0.41,0.37,2026-05-19,1741,N20,VIIRS,n,2.0NRT,297.46,2.46,D
9.89678,-63.23538,332.55,0.41,0.37,2026-05-19,1741,N20,VIIRS,n,2.0NRT,297.27,3.37,D
9.89965,-63.23965,354.54,0.41,0.37,2026-05-19,1741,N20,VIIRS,n,2.0NRT,301.55,13.97,D
9.90021,-63.23588,340.53,0.41,0.37,2026-05-19,1741,N20,VIIRS,n,2.0NRT,298.71,6.35,D
9.92434,-63.28556,330.12,0.41,0.37,2026-05-19,1741,N20,VIIRS,n,2.0NRT,299.01,4.03,D
9.92675,-63.99889,331.59,0.4,0.37,2026-05-19,1741,N20,VIIRS,n,2.0NRT,296.75,2.44,D
9.92978,-63.38974,334.09,0.41,0.37,2026-05-19,1741,N20,VIIRS,n,2.0NRT,298.19,3.33,D
9.93037,-63.39043,334.91,0.41,0.37,2026-05-19,1741,N20,VIIRS,n,2.0NRT,299.82,3.51,D
9.97537,-65.49635,330.55,0.38,0.36,2026-05-19,1741,N20,VIIRS,n,2.0NRT,287.33,4.0,D
9.98904,-64.05649,332.58,0.39,0.37,2026-05-19,1741,N20,VIIRS,n,2.0NRT,297.09,4.36,D
9.98958,-64.05287,336.32,0.4,0.37,2026-05-19,1741,N20,VIIRS,n,2.0NRT,292.76,4.13,D
10.07676,-63.12738,332.75,0.42,0.38,2026-05-19,1741,N20,VIIRS,n,2.0NRT,296.65,2.7,D
10.07741,-63.12734,333.85,0.42,0.38,2026-05-19,1741,N20,VIIRS,n,2.0NRT,296.46,3.33,D
10.15947,-61.03245,332.85,0.53,0.42,2026-05-19,1741,N20,VIIRS,n,2.0NRT,290.89,2.89,D
10.16154,-61.03592,338.09,0.53,0.42,2026-05-19,1741,N20,VIIRS,n,2.0NRT,289.45,4.68,D
10.17438,-63.77135,332.77,0.4,0.37,2026-05-19,1741,N20,VIIRS,n,2.0NRT,294.06,2.77,D
10.17451,-63.79361,338.51,0.4,0.37,2026-05-19,1741,N20,VIIRS,n,2.0NRT,294.45,4.14,D
10.22011,-63.75291,339.75,0.4,0.37,2026-05-19,1741,N20,VIIRS,n,2.0NRT,299.76,5.45,D
10.27122,-64.16578,334.81,0.39,0.36,2026-05-19,1741,N20,VIIRS,n,2.0NRT,292.4,4.76,D
10.31438,-63.67561,339.74,0.4,0.37,2026-05-19,1741,N20,VIIRS,n,2.0NRT,297.36,6.33,D
10.36624,-63.63807,332.37,0.41,0.37,2026-05-19,1741,N20,VIIRS,n,2.0NRT,292.57,18.06,D
10.36678,-63.63441,341.63,0.41,0.37,2026-05-19,1741,N20,VIIRS,n,2.0NRT,299.95,32.21,D
10.37065,-63.53702,345.57,0.41,0.37,2026-05-19,1741,N20,VIIRS,n,2.0NRT,294.01,5.51,D
10.37199,-63.7632,334.05,0.4,0.37,2026-05-19,1741,N20,VIIRS,n,2.0NRT,291.56,3.49,D
10.39859,-63.24869,330.78,0.42,0.38,2026-05-19,1741,N20,VIIRS,n,2.0NRT,295.45,2.64,D
10.39872,-63.17477,336.81,0.42,0.38,2026-05-19,1741,N20,VIIRS,n,2.0NRT,292.43,5.38,D
10.39926,-63.17103,343.46,0.42,0.38,2026-05-19,1741,N20,VIIRS,n,2.0NRT,292.4,7.77,D
10.40487,-63.11333,332.42,0.42,0.38,2026-05-19,1741,N20,VIIRS,n,2.0NRT,295.31,1.9,D
10.40755,-63.11335,336.43,0.42,0.38,2026-05-19,1741,N20,VIIRS,n,2.0NRT,299.59,12.19,D
10.41738,-63.5968,353.56,0.41,0.37,2026-05-19,1741,N20,VIIRS,n,2.0NRT,301.95,22.29,D
10.44576,-63.3338,330.61,0.42,0.37,2026-05-19,1741,N20,VIIRS,n,2.0NRT,293.88,2.57,D
10.45713,-63.13631,333.8,0.42,0.38,2026-05-19,1741,N20,VIIRS,n,2.0NRT,295.7,3.21,D
10.46165,-63.29721,342.38,0.42,0.37,2026-05-19,1741,N20,VIIRS,n,2.0NRT,298.35,4.34,D
10.55821,-62.53886,333.34,0.45,0.39,2026-05-19,1741,N20,VIIRS,n,2.0NRT,298.24,4.07,D
10.56938,-62.38586,336.71,0.45,0.39,2026-05-19,1741,N20,VIIRS,n,2.0NRT,293.35,12.87,D
10.5795,-62.39156,334.59,0.45,0.39,2026-05-19,1741,N20,VIIRS,n,2.0NRT,293.81,3.17,D
4.24923,-70.26311,339.72,0.48,0.48,2026-05-19,1743,N20,VIIRS,n,2.0NRT,286.89,5.74,D
4.49782,-69.90295,327.15,0.45,0.47,2026-05-19,1743,N20,VIIRS,n,2.0NRT,276.93,3.96,D
4.5289,-69.25224,333.13,0.41,0.45,2026-05-19,1743,N20,VIIRS,n,2.0NRT,290.26,2.06,D
9.69246,-74.51117,336.96,0.38,0.59,2026-05-19,1743,N20,VIIRS,n,2.0NRT,296.09,4.99,D
9.69308,-74.50777,340.75,0.38,0.59,2026-05-19,1743,N20,VIIRS,n,2.0NRT,295.99,5.41,D
9.92363,-74.80511,336.86,0.39,0.6,2026-05-19,1743,N20,VIIRS,n,2.0NRT,294.6,3.64,D
10.12296,-73.95579,334.03,0.34,0.56,2026-05-19,1743,N20,VIIRS,n,2.0NRT,294.21,1.67,D
10.1364,-65.61823,345.09,0.38,0.36,2026-05-19,1743,N20,VIIRS,n,2.0NRT,291.86,7.72,D
10.2045,-74.22205,367.0,0.35,0.57,2026-05-19,1743,N20,VIIRS,h,2.0NRT,300.64,10.0,D
10.20507,-74.21888,332.03,0.35,0.57,2026-05-19,1743,N20,VIIRS,n,2.0NRT,297.74,6.33,D
10.20532,-74.2235,347.92,0.35,0.57,2026-05-19,1743,N20,VIIRS,n,2.0NRT,299.01,7.4,D
10.20591,-74.22038,352.64,0.35,0.57,2026-05-19,1743,N20,VIIRS,n,2.0NRT,296.85,6.98,D
10.40872,-69.48014,340.1,0.52,0.41,2026-05-19,1743,N20,VIIRS,n,2.0NRT,298.71,9.7,D
10.44893,-69.17286,332.14,0.5,0.41,2026-05-19,1743,N20,VIIRS,n,2.0NRT,300.79,4.14,D
10.46438,-69.19448,344.77,0.5,0.41,2026-05-19,1743,N20,VIIRS,n,2.0NRT,303.33,7.88,D
10.48868,-73.29335,340.11,0.61,0.53,2026-05-19,1743,N20,VIIRS,n,2.0NRT,292.36,5.4,D
10.49167,-73.2966,339.37,0.6,0.53,2026-05-19,1743,N20,VIIRS,n,2.0NRT,293.27,5.45,D
10.50655,-63.32395,331.94,0.42,0.37,2026-05-19,1743,N20,VIIRS,n,2.0NRT,296.8,1.6,D
10.52532,-63.31537,339.24,0.42,0.37,2026-05-19,1743,N20,VIIRS,n,2.0NRT,299.54,12.27,D
10.55106,-69.06084,342.59,0.49,0.4,2026-05-19,1743,N20,VIIRS,n,2.0NRT,298.33,6.91,D
10.55284,-74.59703,340.65,0.37,0.58,2026-05-19,1743,N20,VIIRS,n,2.0NRT,299.09,3.62,D
10.55667,-74.45812,367.0,0.36,0.58,2026-05-19,1743,N20,VIIRS,h,2.0NRT,293.5,8.22,D
10.56098,-63.23934,332.67,0.42,0.38,2026-05-19,1743,N20,VIIRS,n,2.0NRT,294.66,2.13,D
10.58255,-62.79681,340.1,0.44,0.38,2026-05-19,1743,N20,VIIRS,n,2.0NRT,301.6,8.86,D
10.61742,-74.59636,345.56,0.37,0.58,2026-05-19,1743,N20,VIIRS,n,2.0NRT,297.47,6.1,D
10.62014,-62.45679,334.06,0.45,0.39,2026-05-19,1743,N20,VIIRS,n,2.0NRT,297.26,3.75,D
10.63095,-62.50854,341.3,0.45,0.39,2026-05-19,1743,N20,VIIRS,n,2.0NRT,301.76,35.96,D
10.66514,-69.09845,336.81,0.49,0.4,2026-05-19,1743,N20,VIIRS,n,2.0NRT,299.67,3.17,D
10.66585,-69.09409,347.56,0.49,0.4,2026-05-19,1743,N20,VIIRS,n,2.0NRT,301.45,15.4,D
10.66774,-69.09837,340.54,0.49,0.4,2026-05-19,1743,N20,VIIRS,n,2.0NRT,297.96,5.52,D
10.66848,-69.09399,334.96,0.49,0.4,2026-05-19,1743,N20,VIIRS,n,2.0NRT,298.17,5.64,D
10.66881,-69.09914,334.36,0.49,0.4,2026-05-19,1743,N20,VIIRS,n,2.0NRT,297.57,3.17,D
10.66953,-69.0947,331.52,0.49,0.4,2026-05-19,1743,N20,VIIRS,n,2.0NRT,298.12,15.4,D
10.68778,-62.86909,331.97,0.43,0.38,2026-05-19,1743,N20,VIIRS,n,2.0NRT,294.9,4.9,D
10.73305,-62.75375,330.04,0.44,0.38,2026-05-19,1743,N20,VIIRS,n,2.0NRT,296.27,5.05,D
10.78294,-69.10636,332.09,0.49,0.4,2026-05-19,1743,N20,VIIRS,n,2.0NRT,295.97,2.73,D
10.78421,-69.10378,330.79,0.49,0.4,2026-05-19,1743,N20,VIIRS,n,2.0NRT,297.52,3.36,D
10.8007,-68.50068,336.21,0.46,0.39,2026-05-19,1743,N20,VIIRS,n,2.0NRT,295.16,6.41,D
10.80432,-72.90883,330.16,0.56,0.52,2026-05-19,1743,N20,VIIRS,l,2.0NRT,303.44,3.48,D
10.8091,-74.78781,367.0,0.38,0.59,2026-05-19,1743,N20,VIIRS,h,2.0NRT,296.05,8.84,D
10.84343,-72.32072,330.96,0.51,0.5,2026-05-19,1743,N20,VIIRS,n,2.0NRT,291.1,3.6,D
10.85092,-74.81981,346.19,0.38,0.59,2026-05-19,1743,N20,VIIRS,n,2.0NRT,296.16,4.92,D
10.85264,-74.82019,343.4,0.38,0.59,2026-05-19,1743,N20,VIIRS,n,2.0NRT,296.84,3.96,D
10.86135,-71.80399,330.97,0.47,0.48,2026-05-19,1743,N20,VIIRS,n,2.0NRT,292.96,3.2,D
10.88728,-74.80237,332.58,0.38,0.59,2026-05-19,1743,N20,VIIRS,n,2.0NRT,296.82,2.54,D
10.9453,-74.72688,341.46,0.37,0.58,2026-05-19,1743,N20,VIIRS,n,2.0NRT,294.61,4.24,D
11.37915,-69.78764,331.07,0.52,0.42,2026-05-19,1743,N20,VIIRS,n,2.0NRT,299.17,3.73,D
11.46537,-69.52438,342.85,0.51,0.41,2026-05-19,1743,N20,VIIRS,n,2.0NRT,300.7,6.85,D
11.62693,-70.2296,331.52,0.55,0.43,2026-05-19,1743,N20,VIIRS,l,2.0NRT,301.92,8.54,D
11.62996,-70.23531,338.14,0.55,0.43,2026-05-19,1743,N20,VIIRS,n,2.0NRT,299.15,8.54,D
11.73386,-70.19425,338.6,0.55,0.42,2026-05-19,1743,N20,VIIRS,n,2.0NRT,303.83,87.75,D
11.73568,-70.23043,331.15,0.55,0.43,2026-05-19,1743,N20,VIIRS,n,2.0NRT,301.32,6.51,D
-42.29855,-67.29334,327.57,0.54,0.51,2026-05-19,1908,N20,VIIRS,n,2.0NRT,287.0,5.8,D
-42.29691,-67.28681,329.19,0.54,0.51,2026-05-19,1908,N20,VIIRS,n,2.0NRT,283.44,5.8,D
-40.96934,-73.34898,325.92,0.47,0.4,2026-05-19,1910,N20,VIIRS,n,2.0NRT,286.82,2.37,D
-40.83823,-66.6888,334.19,0.63,0.54,2026-05-19,1910,N20,VIIRS,n,2.0NRT,288.29,6.19,D
-40.16758,-64.19459,346.94,0.43,0.62,2026-05-19,1910,N20,VIIRS,n,2.0NRT,286.44,4.69,D
-40.16658,-64.19355,352.17,0.43,0.62,2026-05-19,1910,N20,VIIRS,n,2.0NRT,286.38,7.31,D
-39.62392,-65.46019,334.84,0.39,0.59,2026-05-19,1910,N20,VIIRS,n,2.0NRT,289.04,5.0,D
-39.62269,-65.45578,338.35,0.39,0.59,2026-05-19,1910,N20,VIIRS,n,2.0NRT,287.62,5.24,D
-39.62169,-62.31775,327.82,0.55,0.68,2026-05-19,1910,N20,VIIRS,n,2.0NRT,285.19,4.11,D
-39.62036,-62.32117,325.19,0.55,0.68,2026-05-19,1910,N20,VIIRS,n,2.0NRT,285.67,4.55,D
-39.51248,-62.33213,329.41,0.55,0.68,2026-05-19,1910,N20,VIIRS,n,2.0NRT,285.49,5.69,D
-39.51062,-62.33379,325.88,0.55,0.68,2026-05-19,1910,N20,VIIRS,n,2.0NRT,285.78,3.74,D
-39.30416,-72.39599,328.98,0.55,0.42,2026-05-19,1910,N20,VIIRS,n,2.0NRT,290.64,3.22,D
-39.09036,-72.175,325.11,0.56,0.43,2026-05-19,1910,N20,VIIRS,n,2.0NRT,295.04,7.65,D
-39.08902,-72.16863,328.92,0.56,0.43,2026-05-19,1910,N20,VIIRS,n,2.0NRT,292.42,7.58,D
-38.91846,-69.28097,341.83,0.52,0.5,2026-05-19,1910,N20,VIIRS,n,2.0NRT,292.33,5.69,D
-38.89333,-73.03864,338.17,0.52,0.42,2026-05-19,1910,N20,VIIRS,n,2.0NRT,290.0,6.84,D
-38.63806,-69.88129,336.62,0.5,0.49,2026-05-19,1910,N20,VIIRS,n,2.0NRT,291.67,4.5,D
-38.59917,-72.10484,340.48,0.39,0.44,2026-05-19,1910,N20,VIIRS,n,2.0NRT,293.5,5.16,D
-38.50115,-68.31802,332.8,0.6,0.53,2026-05-19,1910,N20,VIIRS,n,2.0NRT,292.87,2.47,D
-38.32138,-68.77682,339.0,0.57,0.52,2026-05-19,1910,N20,VIIRS,n,2.0NRT,293.11,8.36,D
-38.31465,-72.16705,367.0,0.39,0.44,2026-05-19,1910,N20,VIIRS,h,2.0NRT,292.23,9.71,D
-38.3128,-72.15836,345.88,0.39,0.44,2026-05-19,1910,N20,VIIRS,n,2.0NRT,291.02,3.87,D
-38.31069,-72.16843,346.0,0.39,0.44,2026-05-19,1910,N20,VIIRS,n,2.0NRT,292.25,4.83,D
-38.30976,-72.16407,326.64,0.39,0.44,2026-05-19,1910,N20,VIIRS,n,2.0NRT,291.82,4.83,D
-38.30883,-72.15971,355.46,0.39,0.44,2026-05-19,1910,N20,VIIRS,n,2.0NRT,297.79,16.03,D
-38.28986,-72.09081,327.4,0.39,0.44,2026-05-19,1910,N20,VIIRS,n,2.0NRT,292.03,3.92,D
-38.28426,-72.9815,329.2,0.54,0.42,2026-05-19,1910,N20,VIIRS,n,2.0NRT,288.36,4.73,D
-38.21875,-73.22247,328.88,0.53,0.42,2026-05-19,1910,N20,VIIRS,n,2.0NRT,291.89,2.85,D
-38.14248,-73.33059,328.02,0.52,0.42,2026-05-19,1910,N20,VIIRS,n,2.0NRT,287.77,3.47,D
-38.08864,-72.02359,354.84,0.4,0.44,2026-05-19,1910,N20,VIIRS,n,2.0NRT,296.93,11.43,D
-38.08587,-68.70479,336.06,0.58,0.52,2026-05-19,1910,N20,VIIRS,n,2.0NRT,294.3,4.65,D
-37.9861,-72.30228,336.91,0.39,0.44,2026-05-19,1910,N20,VIIRS,n,2.0NRT,293.5,2.8,D
-37.95615,-73.48051,327.88,0.52,0.41,2026-05-19,1910,N20,VIIRS,n,2.0NRT,285.49,15.87,D
-37.95238,-73.48171,331.45,0.52,0.41,2026-05-19,1910,N20,VIIRS,n,2.0NRT,289.56,10.84,D
-37.95063,-72.0769,330.67,0.4,0.44,2026-05-19,1910,N20,VIIRS,n,2.0NRT,292.2,3.64,D
-37.94012,-72.32574,325.91,0.39,0.44,2026-05-19,1910,N20,VIIRS,l,2.0NRT,299.05,72.57,D
-37.93107,-71.88566,333.97,0.41,0.45,2026-05-19,1910,N20,VIIRS,n,2.0NRT,292.83,3.29,D
-37.9242,-72.13377,337.7,0.4,0.44,2026-05-19,1910,N20,VIIRS,n,2.0NRT,300.83,16.96,D
-37.92324,-72.12933,337.92,0.4,0.44,2026-05-19,1910,N20,VIIRS,n,2.0NRT,288.86,16.96,D
-37.92104,-72.13375,343.74,0.4,0.44,2026-05-19,1910,N20,VIIRS,n,2.0NRT,306.37,40.25,D
-37.92018,-72.13505,346.49,0.4,0.44,2026-05-19,1910,N20,VIIRS,n,2.0NRT,299.06,21.45,D
-37.90182,-72.30549,345.94,0.39,0.44,2026-05-19,1910,N20,VIIRS,n,2.0NRT,292.37,6.19,D
-37.82404,-67.66211,332.58,0.34,0.56,2026-05-19,1910,N20,VIIRS,n,2.0NRT,293.76,2.24,D
-37.82196,-72.13272,334.85,0.4,0.44,2026-05-19,1910,N20,VIIRS,n,2.0NRT,297.13,7.13,D
-37.821,-72.12829,338.54,0.4,0.44,2026-05-19,1910,N20,VIIRS,n,2.0NRT,294.23,8.16,D
-37.8048,-72.58884,327.9,0.57,0.43,2026-05-19,1910,N20,VIIRS,n,2.0NRT,290.28,2.74,D
-37.80413,-72.59074,328.4,0.57,0.43,2026-05-19,1910,N20,VIIRS,n,2.0NRT,290.77,4.26,D
-37.79647,-71.35148,326.85,0.44,0.46,2026-05-19,1910,N20,VIIRS,n,2.0NRT,291.84,3.73,D
-37.78535,-72.07607,333.9,0.4,0.44,2026-05-19,1910,N20,VIIRS,n,2.0NRT,290.81,3.77,D
-37.75936,-71.95403,338.42,0.41,0.45,2026-05-19,1910,N20,VIIRS,n,2.0NRT,297.49,11.22,D
-37.75835,-71.94931,338.48,0.41,0.45,2026-05-19,1910,N20,VIIRS,n,2.0NRT,293.28,11.22,D
-37.75526,-71.95516,325.74,0.41,0.45,2026-05-19,1910,N20,VIIRS,n,2.0NRT,298.86,16.29,D
-37.75425,-71.95045,338.63,0.41,0.45,2026-05-19,1910,N20,VIIRS,n,2.0NRT,292.3,16.29,D
-37.74609,-72.8334,330.68,0.56,0.43,2026-05-19,1910,N20,VIIRS,n,2.0NRT,297.46,3.47,D
-37.69011,-73.23326,330.5,0.54,0.42,2026-05-19,1910,N20,VIIRS,n,2.0NRT,289.78,19.24,D
-37.68619,-73.23398,342.49,0.54,0.42,2026-05-19,1910,N20,VIIRS,n,2.0NRT,296.73,19.24,D
-37.67673,-72.12507,341.08,0.4,0.44,2026-05-19,1910,N20,VIIRS,n,2.0NRT,298.31,9.81,D
-37.652,-71.61993,339.42,0.43,0.46,2026-05-19,1910,N20,VIIRS,n,2.0NRT,302.4,13.36,D
-37.65101,-71.61539,339.55,0.43,0.46,2026-05-19,1910,N20,VIIRS,n,2.0NRT,296.53,13.36,D
-37.64746,-71.61942,356.24,0.43,0.46,2026-05-19,1910,N20,VIIRS,n,2.0NRT,307.99,22.05,D
-37.61286,-71.92825,344.29,0.41,0.45,2026-05-19,1910,N20,VIIRS,n,2.0NRT,297.35,8.25,D
-37.55027,-73.44753,327.99,0.53,0.42,2026-05-19,1910,N20,VIIRS,n,2.0NRT,289.5,2.38,D
-37.51587,-72.48988,338.47,0.39,0.44,2026-05-19,1910,N20,VIIRS,n,2.0NRT,298.21,4.11,D
-37.51495,-72.48553,329.92,0.39,0.44,2026-05-19,1910,N20,VIIRS,n,2.0NRT,291.51,4.11,D
-37.47624,-72.42336,331.41,0.39,0.44,2026-05-19,1910,N20,VIIRS,n,2.0NRT,293.0,3.74,D
-37.46043,-72.24843,327.3,0.4,0.44,2026-05-19,1910,N20,VIIRS,n,2.0NRT,291.88,3.31,D
-37.43362,-72.48269,343.77,0.39,0.44,2026-05-19,1910,N20,VIIRS,n,2.0NRT,296.45,7.68,D
-37.39014,-71.92117,338.95,0.42,0.45,2026-05-19,1910,N20,VIIRS,n,2.0NRT,292.62,7.5,D
-37.3871,-71.92738,343.36,0.42,0.45,2026-05-19,1910,N20,VIIRS,n,2.0NRT,294.14,7.5,D
-37.31871,-73.29469,336.4,0.54,0.42,2026-05-19,1910,N20,VIIRS,n,2.0NRT,298.37,20.96,D
-37.29338,-73.01141,333.32,0.56,0.43,2026-05-19,1910,N20,VIIRS,n,2.0NRT,293.47,4.14,D
-37.29214,-73.00538,330.13,0.56,0.43,2026-05-19,1910,N20,VIIRS,n,2.0NRT,293.3,4.14,D
-37.28949,-73.01266,348.36,0.56,0.43,2026-05-19,1910,N20,VIIRS,n,2.0NRT,305.05,115.18,D
-37.28823,-73.00654,367.0,0.56,0.43,2026-05-19,1910,N20,VIIRS,h,2.0NRT,325.81,115.18,D
-37.28557,-73.01379,333.87,0.56,0.43,2026-05-19,1910,N20,VIIRS,n,2.0NRT,296.96,115.18,D
-36.96102,-71.98193,339.87,0.42,0.45,2026-05-19,1910,N20,VIIRS,n,2.0NRT,295.34,6.33,D
-36.90777,-71.75804,348.86,0.44,0.46,2026-05-19,1910,N20,VIIRS,n,2.0NRT,305.68,24.44,D
-36.89499,-72.10697,338.23,0.42,0.45,2026-05-19,1910,N20,VIIRS,n,2.0NRT,294.23,2.86,D
-36.88331,-72.17497,335.19,0.42,0.45,2026-05-19,1910,N20,VIIRS,n,2.0NRT,291.91,3.16,D
-36.85477,-71.89999,325.21,0.43,0.46,2026-05-19,1910,N20,VIIRS,n,2.0NRT,291.06,1.23,D
-36.81616,-72.08835,339.1,0.42,0.45,2026-05-19,1910,N20,VIIRS,n,2.0NRT,291.92,3.88,D
-36.81317,-72.03449,339.01,0.42,0.45,2026-05-19,1910,N20,VIIRS,n,2.0NRT,293.79,3.45,D
-36.80023,-72.3425,328.93,0.41,0.45,2026-05-19,1910,N20,VIIRS,n,2.0NRT,294.15,4.43,D
-36.79787,-72.12775,337.75,0.42,0.45,2026-05-19,1910,N20,VIIRS,n,2.0NRT,290.81,6.1,D
-36.77638,-72.60796,335.12,0.4,0.44,2026-05-19,1910,N20,VIIRS,n,2.0NRT,295.91,3.54,D
-36.76296,-72.31098,327.37,0.41,0.45,2026-05-19,1910,N20,VIIRS,n,2.0NRT,293.75,2.64,D
-36.75915,-71.82994,349.29,0.43,0.46,2026-05-19,1910,N20,VIIRS,n,2.0NRT,296.46,19.41,D
-36.75888,-72.31229,332.66,0.41,0.45,2026-05-19,1910,N20,VIIRS,n,2.0NRT,293.49,4.06,D
-36.74075,-72.66208,337.51,0.4,0.44,2026-05-19,1910,N20,VIIRS,n,2.0NRT,296.2,15.52,D
-36.73979,-72.65759,349.17,0.4,0.44,2026-05-19,1910,N20,VIIRS,n,2.0NRT,307.29,15.52,D
-36.73772,-72.66793,333.21,0.4,0.44,2026-05-19,1910,N20,VIIRS,n,2.0NRT,298.86,9.61,D
-36.73676,-72.66344,330.04,0.4,0.44,2026-05-19,1910,N20,VIIRS,n,2.0NRT,292.54,15.52,D
-36.73579,-72.65892,355.0,0.4,0.44,2026-05-19,1910,N20,VIIRS,n,2.0NRT,295.55,15.52,D
-36.58936,-71.90127,331.76,0.43,0.46,2026-05-19,1910,N20,VIIRS,n,2.0NRT,292.51,2.38,D
-36.58884,-72.64327,333.44,0.4,0.44,2026-05-19,1910,N20,VIIRS,n,2.0NRT,296.1,5.21,D
-36.58713,-72.64053,342.88,0.4,0.44,2026-05-19,1910,N20,VIIRS,n,2.0NRT,300.33,5.41,D
-36.58518,-71.90263,338.03,0.43,0.46,2026-05-19,1910,N20,VIIRS,n,2.0NRT,292.04,4.32,D
-36.50922,-72.81018,332.38,0.39,0.44,2026-05-19,1910,N20,VIIRS,n,2.0NRT,298.16,3.53,D
-36.5052,-72.81133,340.91,0.39,0.44,2026-05-19,1910,N20,VIIRS,n,2.0NRT,293.52,3.53,D
-36.45073,-71.73283,339.22,0.45,0.47,2026-05-19,1910,N20,VIIRS,n,2.0NRT,294.81,8.61,D
-36.4465,-71.7342,336.7,0.45,0.47,2026-05-19,1910,N20,VIIRS,n,2.0NRT,297.41,15.31,D
-36.44545,-71.72945,355.31,0.45,0.47,2026-05-19,1910,N20,VIIRS,n,2.0NRT,298.86,15.31,D
-36.44045,-71.78854,353.22,0.44,0.46,2026-05-19,1910,N20,VIIRS,n,2.0NRT,298.22,24.0,D
-36.43624,-71.78991,349.44,0.44,0.46,2026-05-19,1910,N20,VIIRS,n,2.0NRT,302.82,24.0,D
-36.43137,-71.88245,330.03,0.44,0.46,2026-05-19,1910,N20,VIIRS,n,2.0NRT,291.43,2.77,D
-36.42934,-71.88047,329.4,0.44,0.46,2026-05-19,1910,N20,VIIRS,n,2.0NRT,290.87,2.54,D
-36.40661,-71.77863,339.58,0.44,0.46,2026-05-19,1910,N20,VIIRS,n,2.0NRT,295.45,4.12,D
-36.40504,-71.78175,338.79,0.44,0.46,2026-05-19,1910,N20,VIIRS,n,2.0NRT,296.34,5.23,D
-36.37959,-71.74797,344.08,0.45,0.47,2026-05-19,1910,N20,VIIRS,n,2.0NRT,294.74,5.61,D
-36.33554,-72.3187,352.44,0.42,0.45,2026-05-19,1910,N20,VIIRS,n,2.0NRT,306.23,100.56,D
-36.33455,-72.31413,367.0,0.42,0.45,2026-05-19,1910,N20,VIIRS,l,2.0NRT,360.4,100.56,D
-36.33357,-72.30963,343.71,0.42,0.45,2026-05-19,1910,N20,VIIRS,n,2.0NRT,303.79,99.88,D
-36.33143,-72.32003,367.0,0.42,0.45,2026-05-19,1910,N20,VIIRS,h,2.0NRT,304.2,100.56,D
-36.33044,-72.31546,367.0,0.42,0.45,2026-05-19,1910,N20,VIIRS,h,2.0NRT,329.09,100.56,D
-36.32944,-72.3109,344.7,0.42,0.45,2026-05-19,1910,N20,VIIRS,n,2.0NRT,308.42,99.88,D
-36.32633,-72.31678,330.54,0.42,0.45,2026-05-19,1910,N20,VIIRS,n,2.0NRT,292.18,4.92,D
-36.32465,-71.76591,338.74,0.45,0.47,2026-05-19,1910,N20,VIIRS,n,2.0NRT,292.45,3.48,D
-36.30523,-71.97508,338.22,0.44,0.46,2026-05-19,1910,N20,VIIRS,n,2.0NRT,293.1,4.01,D
-36.29679,-71.59992,329.46,0.46,0.47,2026-05-19,1910,N20,VIIRS,n,2.0NRT,294.95,2.81,D
-36.1974,-71.69099,339.12,0.45,0.47,2026-05-19,1910,N20,VIIRS,n,2.0NRT,292.44,4.56,D
-36.18444,-70.894,326.97,0.5,0.49,2026-05-19,1910,N20,VIIRS,n,2.0NRT,298.7,2.18,D
-36.15443,-71.6625,335.19,0.46,0.47,2026-05-19,1910,N20,VIIRS,n,2.0NRT,292.86,3.9,D
-36.15405,-71.66512,337.02,0.46,0.47,2026-05-19,1910,N20,VIIRS,n,2.0NRT,292.61,3.95,D
-36.12119,-72.00052,344.29,0.44,0.46,2026-05-19,1910,N20,VIIRS,n,2.0NRT,294.82,4.97,D
-36.11271,-71.58152,343.54,0.46,0.47,2026-05-19,1910,N20,VIIRS,n,2.0NRT,294.73,13.56,D
-36.06352,-71.60835,329.51,0.46,0.47,2026-05-19,1910,N20,VIIRS,n,2.0NRT,293.24,2.66,D
-36.05642,-71.73981,329.46,0.45,0.47,2026-05-19,1910,N20,VIIRS,n,2.0NRT,292.55,2.59,D
-36.0562,-71.74327,331.32,0.45,0.47,2026-05-19,1910,N20,VIIRS,n,2.0NRT,292.33,2.22,D
-36.04854,-71.70486,338.92,0.46,0.47,2026-05-19,1910,N20,VIIRS,n,2.0NRT,292.69,11.66,D
-36.04853,-71.70826,340.73,0.46,0.47,2026-05-19,1910,N20,VIIRS,n,2.0NRT,297.87,19.52,D
-36.03259,-71.71889,343.62,0.46,0.47,2026-05-19,1910,N20,VIIRS,n,2.0NRT,292.77,4.47,D
-36.01758,-71.71304,338.11,0.46,0.47,2026-05-19,1910,N20,VIIRS,n,2.0NRT,293.31,3.55,D
-35.98499,-72.58018,347.71,0.41,0.45,2026-05-19,1910,N20,VIIRS,n,2.0NRT,309.07,22.37,D
-35.98086,-72.58126,351.93,0.41,0.45,2026-05-19,1910,N20,VIIRS,n,2.0NRT,303.24,22.37,D
-35.97378,-72.56854,338.09,0.41,0.45,2026-05-19,1910,N20,VIIRS,n,2.0NRT,290.89,14.93,D
-35.93528,-71.75869,325.56,0.46,0.47,2026-05-19,1910,N20,VIIRS,n,2.0NRT,291.61,1.4,D
-35.83795,-71.73481,330.17,0.46,0.47,2026-05-19,1910,N20,VIIRS,n,2.0NRT,295.06,6.16,D
-35.83763,-71.73158,352.93,0.46,0.47,2026-05-19,1910,N20,VIIRS,n,2.0NRT,294.21,11.22,D
-35.83685,-71.7298,338.0,0.46,0.47,2026-05-19,1910,N20,VIIRS,n,2.0NRT,292.28,6.86,D
-35.8317,-71.68493,338.87,0.46,0.47,2026-05-19,1910,N20,VIIRS,n,2.0NRT,291.76,3.09,D
-35.83118,-71.68299,339.72,0.46,0.47,2026-05-19,1910,N20,VIIRS,n,2.0NRT,291.23,5.15,D
-35.76795,-71.60565,329.12,0.47,0.48,2026-05-19,1910,N20,VIIRS,n,2.0NRT,290.96,3.32,D
-35.7547,-72.34984,337.99,0.43,0.46,2026-05-19,1910,N20,VIIRS,n,2.0NRT,295.35,8.38,D
-35.75441,-72.35128,344.56,0.43,0.46,2026-05-19,1910,N20,VIIRS,n,2.0NRT,295.3,15.11,D
-35.59271,-70.14293,334.93,0.57,0.52,2026-05-19,1910,N20,VIIRS,n,2.0NRT,289.99,4.68,D
-35.59251,-70.14172,339.35,0.57,0.52,2026-05-19,1910,N20,VIIRS,n,2.0NRT,291.03,5.39,D
-35.39126,-71.17034,330.6,0.5,0.49,2026-05-19,1910,N20,VIIRS,n,2.0NRT,296.8,5.47,D
-35.33816,-71.12958,333.05,0.51,0.49,2026-05-19,1910,N20,VIIRS,n,2.0NRT,293.33,5.44,D
-35.3337,-71.13105,339.8,0.51,0.49,2026-05-19,1910,N20,VIIRS,n,2.0NRT,297.58,10.88,D
-35.32523,-71.79066,348.68,0.47,0.48,2026-05-19,1910,N20,VIIRS,n,2.0NRT,293.92,6.89,D
-35.30243,-72.31937,355.25,0.44,0.46,2026-05-19,1910,N20,VIIRS,n,2.0NRT,293.28,27.17,D
-35.30074,-72.32033,353.81,0.44,0.46,2026-05-19,1910,N20,VIIRS,n,2.0NRT,295.57,24.49,D
-35.29415,-72.3226,367.0,0.44,0.46,2026-05-19,1910,N20,VIIRS,h,2.0NRT,341.33,174.2,D
-35.29312,-72.31784,351.07,0.44,0.46,2026-05-19,1910,N20,VIIRS,n,2.0NRT,303.92,127.48,D
-35.2649,-71.23063,346.88,0.5,0.49,2026-05-19,1910,N20,VIIRS,n,2.0NRT,292.03,8.1,D
-35.24579,-71.76468,335.49,0.47,0.48,2026-05-19,1910,N20,VIIRS,n,2.0NRT,299.83,11.36,D
-35.24467,-71.75965,325.34,0.47,0.48,2026-05-19,1910,N20,VIIRS,n,2.0NRT,290.83,6.93,D
-34.77466,-71.18993,339.41,0.52,0.5,2026-05-19,1910,N20,VIIRS,n,2.0NRT,296.86,4.78,D
-30.07648,-65.35432,325.71,0.7,0.75,2026-05-19,1910,N20,VIIRS,n,2.0NRT,290.92,0.37,D
-27.51591,-67.59094,344.07,0.61,0.71,2026-05-19,1910,N20,VIIRS,n,2.0NRT,294.08,13.84,D
-27.51378,-67.58832,367.0,0.61,0.71,2026-05-19,1910,N20,VIIRS,h,2.0NRT,294.66,12.66,D
-34.74692,-71.30013,326.78,0.51,0.49,2026-05-19,1913,N20,VIIRS,n,2.0NRT,295.66,3.45,D
-34.74611,-71.29642,329.76,0.51,0.49,2026-05-19,1913,N20,VIIRS,n,2.0NRT,294.97,2.23,D
-34.73437,-71.22287,326.07,0.52,0.5,2026-05-19,1913,N20,VIIRS,l,2.0NRT,296.36,3.56,D
-34.73346,-71.22128,337.2,0.52,0.5,2026-05-19,1913,N20,VIIRS,n,2.0NRT,295.83,4.88,D
-34.73017,-71.28979,330.24,0.51,0.5,2026-05-19,1913,N20,VIIRS,n,2.0NRT,295.53,2.93,D
-34.56042,-71.41068,325.78,0.51,0.49,2026-05-19,1913,N20,VIIRS,n,2.0NRT,296.88,5.0,D
-34.55985,-71.40746,329.61,0.51,0.49,2026-05-19,1913,N20,VIIRS,n,2.0NRT,296.77,3.3,D
-34.5203,-71.31997,337.65,0.52,0.5,2026-05-19,1913,N20,VIIRS,n,2.0NRT,299.59,8.14,D
-34.52022,-71.31746,351.89,0.52,0.5,2026-05-19,1913,N20,VIIRS,n,2.0NRT,299.81,10.74,D
-34.51905,-71.31458,338.96,0.52,0.5,2026-05-19,1913,N20,VIIRS,n,2.0NRT,294.93,8.14,D
-34.51571,-71.3189,354.92,0.52,0.5,2026-05-19,1913,N20,VIIRS,n,2.0NRT,297.27,10.74,D
-34.46757,-71.53169,335.63,0.5,0.49,2026-05-19,1913,N20,VIIRS,n,2.0NRT,296.72,4.59,D
-34.46738,-71.52877,336.6,0.5,0.49,2026-05-19,1913,N20,VIIRS,n,2.0NRT,296.26,4.52,D
-34.45142,-71.56619,342.61,0.5,0.49,2026-05-19,1913,N20,VIIRS,n,2.0NRT,298.53,7.15,D
-34.43348,-71.5077,354.98,0.51,0.49,2026-05-19,1913,N20,VIIRS,n,2.0NRT,305.03,22.64,D
-33.27752,-68.05498,332.53,0.42,0.61,2026-05-19,1913,N20,VIIRS,n,2.0NRT,293.36,1.99,D
-32.78083,-68.55626,325.52,0.4,0.6,2026-05-19,1913,N20,VIIRS,n,2.0NRT,294.32,1.63,D
-32.00238,-68.52576,330.93,0.42,0.61,2026-05-19,1913,N20,VIIRS,n,2.0NRT,291.19,2.66,D
-31.49604,-64.15246,336.11,0.75,0.77,2026-05-19,1913,N20,VIIRS,n,2.0NRT,291.51,4.66,D
-31.49327,-64.15717,342.21,0.75,0.77,2026-05-19,1913,N20,VIIRS,n,2.0NRT,292.62,6.86,D
-17.02808,-71.6799,333.9,0.59,0.7,2026-05-19,1915,N20,VIIRS,n,2.0NRT,297.06,3.53,D
-13.92687,-75.86281,350.99,0.36,0.58,2026-05-19,1915,N20,VIIRS,n,2.0NRT,306.28,5.57,D
-13.78545,-76.16692,342.56,0.35,0.57,2026-05-19,1917,N20,VIIRS,n,2.0NRT,300.79,3.02,D
-13.78515,-76.16904,346.28,0.35,0.57,2026-05-19,1917,N20,VIIRS,n,2.0NRT,300.65,2.77,D
-13.7194,-75.82481,351.43,0.37,0.58,2026-05-19,1917,N20,VIIRS,n,2.0NRT,305.8,4.23,D
-13.71878,-75.82156,339.64,0.37,0.58,2026-05-19,1917,N20,VIIRS,n,2.0NRT,302.83,4.23,D
-13.7172,-75.82339,367.0,0.37,0.58,2026-05-19,1917,N20,VIIRS,h,2.0NRT,305.71,6.87,D
-13.69323,-76.05676,345.66,0.36,0.57,2026-05-19,1917,N20,VIIRS,n,2.0NRT,300.16,3.24,D
-13.66154,-76.06071,332.01,0.36,0.57,2026-05-19,1917,N20,VIIRS,n,2.0NRT,297.38,2.27,D
-13.66125,-76.05988,330.04,0.36,0.57,2026-05-19,1917,N20,VIIRS,n,2.0NRT,297.54,2.1,D
-12.66526,-72.36127,333.34,0.65,0.73,2026-05-19,1917,N20,VIIRS,n,2.0NRT,294.24,6.52,D
-11.41131,-74.45614,337.97,0.5,0.66,2026-05-19,1917,N20,VIIRS,n,2.0NRT,288.63,2.89,D
-10.15963,-74.96742,327.17,0.49,0.65,2026-05-19,1917,N20,VIIRS,n,2.0NRT,288.96,3.28,D
-8.84525,-78.55782,340.06,0.59,0.53,2026-05-19,1917,N20,VIIRS,n,2.0NRT,298.64,5.13,D
-7.32865,-79.48732,337.79,0.54,0.51,2026-05-19,1919,N20,VIIRS,n,2.0NRT,298.62,5.45,D
-7.20082,-79.51219,340.83,0.54,0.51,2026-05-19,1919,N20,VIIRS,n,2.0NRT,297.87,13.18,D
-7.15927,-79.4939,352.38,0.55,0.51,2026-05-19,1919,N20,VIIRS,n,2.0NRT,297.53,15.25,D
-6.61311,-79.93151,332.97,0.52,0.5,2026-05-19,1919,N20,VIIRS,n,2.0NRT,295.19,3.98,D
-6.60853,-79.93227,338.29,0.52,0.5,2026-05-19,1919,N20,VIIRS,n,2.0NRT,295.21,3.98,D
-6.58919,-79.9016,336.91,0.52,0.5,2026-05-19,1919,N20,VIIRS,n,2.0NRT,296.26,4.65,D
-6.58838,-79.89688,333.08,0.52,0.5,2026-05-19,1919,N20,VIIRS,n,2.0NRT,295.62,4.65,D
-5.45452,-80.66123,346.05,0.49,0.48,2026-05-19,1919,N20,VIIRS,n,2.0NRT,296.19,10.32,D
-3.26403,-79.34831,351.88,0.33,0.55,2026-05-19,1919,N20,VIIRS,n,2.0NRT,305.73,6.57,D
-2.30846,-79.72092,340.29,0.63,0.54,2026-05-19,1919,N20,VIIRS,n,2.0NRT,293.84,9.38,D
-2.30765,-79.7179,341.47,0.63,0.54,2026-05-19,1919,N20,VIIRS,n,2.0NRT,294.02,9.28,D
-2.16117,-79.47256,340.32,0.33,0.55,2026-05-19,1919,N20,VIIRS,n,2.0NRT,293.47,4.37,D
-2.0071,-79.34427,330.39,0.34,0.56,2026-05-19,1919,N20,VIIRS,n,2.0NRT,291.84,2.1,D
-2.00543,-79.6256,331.39,0.32,0.55,2026-05-19,1919,N20,VIIRS,n,2.0NRT,289.94,2.82,D
-2.00259,-79.44726,332.11,0.33,0.56,2026-05-19,1919,N20,VIIRS,n,2.0NRT,291.12,2.81,D
-2.00038,-79.62637,351.31,0.32,0.55,2026-05-19,1919,N20,VIIRS,n,2.0NRT,292.1,2.82,D
-1.96535,-79.44366,334.32,0.33,0.56,2026-05-19,1919,N20,VIIRS,n,2.0NRT,291.85,2.19,D
-1.87448,-79.66917,330.37,0.32,0.55,2026-05-19,1919,N20,VIIRS,n,2.0NRT,291.98,2.54,D
-1.86142,-79.37067,333.45,0.34,0.56,2026-05-19,1919,N20,VIIRS,n,2.0NRT,291.53,1.54,D
-1.79016,-79.36665,331.28,0.34,0.56,2026-05-19,1919,N20,VIIRS,n,2.0NRT,291.39,1.96,D
-1.73996,-79.41503,352.17,0.34,0.56,2026-05-19,1919,N20,VIIRS,n,2.0NRT,291.31,7.06,D
-1.73946,-79.41201,332.02,0.34,0.56,2026-05-19,1919,N20,VIIRS,n,2.0NRT,290.47,5.25,D
-1.5868,-78.9029,337.33,0.37,0.58,2026-05-19,1919,N20,VIIRS,n,2.0NRT,288.39,4.87,D
-1.5627,-79.38944,337.92,0.34,0.56,2026-05-19,1919,N20,VIIRS,n,2.0NRT,290.34,1.76,D
-0.81856,-79.44618,333.9,0.35,0.57,2026-05-19,1919,N20,VIIRS,n,2.0NRT,291.11,2.33,D
9.23503,-79.00776,338.09,0.53,0.67,2026-05-19,1923,N20,VIIRS,n,2.0NRT,287.47,9.78,D
9.23563,-79.00307,343.43,0.53,0.67,2026-05-19,1923,N20,VIIRS,n,2.0NRT,287.25,10.66,D
-5.95295,-43.48711,338.67,0.44,0.46,2026-05-20,440,N20,VIIRS,n,2.0NRT,292.46,9.74,N
-5.95239,-43.491,346.93,0.44,0.46,2026-05-20,440,N20,VIIRS,n,2.0NRT,292.13,5.53,N
-5.94905,-43.48741,304.92,0.44,0.46,2026-05-20,440,N20,VIIRS,n,2.0NRT,291.13,1.07,N
-5.94846,-43.49133,328.37,0.44,0.46,2026-05-20,440,N20,VIIRS,n,2.0NRT,291.04,2.03,N
-5.94816,-43.49033,308.9,0.44,0.46,2026-05-20,440,N20,VIIRS,n,2.0NRT,291.1,5.53,N
-5.75381,-43.40237,316.73,0.44,0.46,2026-05-20,440,N20,VIIRS,n,2.0NRT,290.47,1.0,N
-5.72825,-43.43288,334.81,0.44,0.46,2026-05-20,440,N20,VIIRS,n,2.0NRT,291.88,10.16,N
-5.72765,-43.43684,338.32,0.44,0.46,2026-05-20,440,N20,VIIRS,n,2.0NRT,291.08,10.19,N
-5.30443,-43.05765,308.3,0.46,0.47,2026-05-20,440,N20,VIIRS,n,2.0NRT,290.4,0.65,N
-4.82246,-44.35373,305.8,0.56,0.43,2026-05-20,440,N20,VIIRS,n,2.0NRT,291.35,1.05,N
-4.81852,-44.35313,305.93,0.56,0.43,2026-05-20,440,N20,VIIRS,n,2.0NRT,291.58,1.04,N
-3.96019,-43.12349,331.2,0.43,0.46,2026-05-20,440,N20,VIIRS,n,2.0NRT,290.03,4.01,N
-3.95597,-43.12286,310.29,0.43,0.46,2026-05-20,440,N20,VIIRS,n,2.0NRT,289.4,1.77,N
-3.59495,-38.85743,309.96,0.42,0.61,2026-05-20,440,N20,VIIRS,n,2.0NRT,290.94,3.95,N
-3.59438,-38.86118,334.32,0.42,0.61,2026-05-20,440,N20,VIIRS,n,2.0NRT,290.86,5.45,N
-11.93126,-43.86837,306.21,0.5,0.49,2026-05-20,442,N20,VIIRS,n,2.0NRT,290.23,0.78,N
-11.93002,-43.86584,338.01,0.5,0.49,2026-05-20,442,N20,VIIRS,n,2.0NRT,293.49,4.11,N
-11.92938,-43.87044,323.48,0.5,0.49,2026-05-20,442,N20,VIIRS,n,2.0NRT,290.45,3.5,N
-11.92675,-43.86773,351.9,0.5,0.49,2026-05-20,442,N20,VIIRS,n,2.0NRT,294.71,10.53,N
-11.92551,-43.86522,311.79,0.5,0.49,2026-05-20,442,N20,VIIRS,n,2.0NRT,290.8,4.11,N
-11.92487,-43.86982,318.19,0.5,0.49,2026-05-20,442,N20,VIIRS,n,2.0NRT,290.34,3.5,N
-11.60269,-47.10101,302.82,0.48,0.4,2026-05-20,442,N20,VIIRS,n,2.0NRT,290.37,1.06,N
-11.59902,-47.10046,318.2,0.48,0.4,2026-05-20,442,N20,VIIRS,n,2.0NRT,291.08,1.41,N
-11.47068,-47.3408,321.74,0.46,0.39,2026-05-20,442,N20,VIIRS,n,2.0NRT,290.92,1.39,N
-11.34239,-48.20796,313.53,0.42,0.38,2026-05-20,442,N20,VIIRS,n,2.0NRT,292.02,1.15,N
-11.27425,-49.46015,308.38,0.39,0.36,2026-05-20,442,N20,VIIRS,n,2.0NRT,294.68,1.49,N
-11.18382,-48.03354,309.18,0.43,0.38,2026-05-20,442,N20,VIIRS,n,2.0NRT,292.17,0.98,N
-11.08011,-48.26025,305.47,0.42,0.38,2026-05-20,442,N20,VIIRS,n,2.0NRT,290.9,0.62,N
-11.07899,-48.2593,317.83,0.42,0.38,2026-05-20,442,N20,VIIRS,n,2.0NRT,291.71,1.32,N
-11.07666,-48.25972,303.77,0.42,0.38,2026-05-20,442,N20,VIIRS,n,2.0NRT,291.72,0.62,N
-11.04626,-49.53004,310.75,0.39,0.36,2026-05-20,442,N20,VIIRS,n,2.0NRT,293.64,2.6,N
-11.04571,-49.5336,330.06,0.39,0.36,2026-05-20,442,N20,VIIRS,n,2.0NRT,294.95,5.87,N
-11.03397,-49.47699,316.23,0.39,0.36,2026-05-20,442,N20,VIIRS,n,2.0NRT,293.5,1.17,N
-11.0174,-45.1292,321.97,0.4,0.45,2026-05-20,442,N20,VIIRS,n,2.0NRT,291.54,3.63,N
-11.0169,-45.13281,337.42,0.4,0.45,2026-05-20,442,N20,VIIRS,n,2.0NRT,290.55,3.63,N
-10.99966,-44.81495,302.22,0.42,0.45,2026-05-20,442,N20,VIIRS,n,2.0NRT,289.68,1.38,N
-10.66747,-48.25319,328.8,0.42,0.37,2026-05-20,442,N20,VIIRS,n,2.0NRT,292.99,3.25,N
-10.57841,-46.65179,303.35,0.49,0.4,2026-05-20,442,N20,VIIRS,n,2.0NRT,290.93,0.85,N
-10.57777,-46.65622,338.18,0.49,0.4,2026-05-20,442,N20,VIIRS,n,2.0NRT,292.14,4.95,N
-10.5747,-46.65122,328.03,0.49,0.4,2026-05-20,442,N20,VIIRS,n,2.0NRT,292.18,3.86,N
-10.57407,-46.65565,301.17,0.49,0.4,2026-05-20,442,N20,VIIRS,n,2.0NRT,290.69,2.86,N
-10.57036,-46.65508,328.87,0.49,0.4,2026-05-20,442,N20,VIIRS,n,2.0NRT,292.56,2.86,N
-10.56666,-46.65452,302.67,0.49,0.4,2026-05-20,442,N20,VIIRS,n,2.0NRT,291.43,0.59,N
-10.49891,-42.40249,302.23,0.6,0.53,2026-05-20,442,N20,VIIRS,n,2.0NRT,289.55,1.24,N
-10.49821,-42.40797,305.69,0.6,0.53,2026-05-20,442,N20,VIIRS,n,2.0NRT,289.74,1.24,N
-10.49718,-48.10806,305.51,0.42,0.38,2026-05-20,442,N20,VIIRS,n,2.0NRT,291.37,1.68,N
-10.4966,-48.11188,304.95,0.42,0.38,2026-05-20,442,N20,VIIRS,n,2.0NRT,291.27,0.92,N
-10.4957,-42.40556,310.78,0.6,0.53,2026-05-20,442,N20,VIIRS,n,2.0NRT,290.29,2.16,N
-10.49103,-49.36592,319.93,0.39,0.36,2026-05-20,442,N20,VIIRS,n,2.0NRT,292.59,1.65,N
-10.48825,-49.36184,323.23,0.39,0.36,2026-05-20,442,N20,VIIRS,n,2.0NRT,293.92,2.86,N
-10.48769,-49.36539,337.04,0.39,0.36,2026-05-20,442,N20,VIIRS,n,2.0NRT,295.56,4.66,N
-10.39804,-49.44225,339.61,0.39,0.36,2026-05-20,442,N20,VIIRS,n,2.0NRT,294.26,3.64,N
-10.33051,-48.28466,304.32,0.41,0.37,2026-05-20,442,N20,VIIRS,n,2.0NRT,292.67,0.67,N
-10.32609,-53.57936,328.68,0.47,0.4,2026-05-20,442,N20,VIIRS,n,2.0NRT,292.54,1.03,N
-10.32246,-53.57872,306.72,0.47,0.4,2026-05-20,442,N20,VIIRS,n,2.0NRT,292.57,1.03,N
-10.13684,-49.54968,303.87,0.39,0.36,2026-05-20,442,N20,VIIRS,n,2.0NRT,292.37,0.4,N
-10.11764,-52.41241,314.83,0.42,0.38,2026-05-20,442,N20,VIIRS,n,2.0NRT,293.92,1.9,N
-10.11355,-52.41565,306.41,0.42,0.38,2026-05-20,442,N20,VIIRS,n,2.0NRT,292.62,0.93,N
-10.06265,-47.97248,310.44,0.42,0.38,2026-05-20,442,N20,VIIRS,n,2.0NRT,292.33,1.35,N
-9.97109,-52.41261,322.79,0.42,0.38,2026-05-20,442,N20,VIIRS,n,2.0NRT,294.73,2.87,N
-9.97046,-52.41645,305.45,0.42,0.38,2026-05-20,442,N20,VIIRS,n,2.0NRT,293.11,0.86,N
-9.96763,-52.41202,312.15,0.42,0.38,2026-05-20,442,N20,VIIRS,n,2.0NRT,294.51,1.69,N
-9.96575,-52.46709,318.51,0.42,0.38,2026-05-20,442,N20,VIIRS,n,2.0NRT,294.26,4.59,N
-9.96512,-52.47095,334.57,0.42,0.38,2026-05-20,442,N20,VIIRS,n,2.0NRT,295.04,5.0,N
-9.96418,-52.41144,316.49,0.42,0.38,2026-05-20,442,N20,VIIRS,n,2.0NRT,294.8,1.69,N
-9.96355,-52.41528,303.38,0.42,0.38,2026-05-20,442,N20,VIIRS,n,2.0NRT,292.88,1.12,N
-9.96228,-52.4665,344.64,0.42,0.38,2026-05-20,442,N20,VIIRS,n,2.0NRT,296.75,4.59,N
-9.96165,-52.47037,338.85,0.42,0.38,2026-05-20,442,N20,VIIRS,n,2.0NRT,295.46,5.0,N
-9.96072,-52.41085,310.14,0.42,0.38,2026-05-20,442,N20,VIIRS,n,2.0NRT,293.25,1.25,N
-9.96009,-52.41469,322.99,0.42,0.38,2026-05-20,442,N20,VIIRS,n,2.0NRT,292.7,1.63,N
-9.95819,-52.46979,319.02,0.42,0.38,2026-05-20,442,N20,VIIRS,n,2.0NRT,293.86,1.2,N
-9.95755,-52.47364,306.02,0.42,0.38,2026-05-20,442,N20,VIIRS,n,2.0NRT,292.77,1.2,N
-9.95409,-52.47306,303.55,0.42,0.38,2026-05-20,442,N20,VIIRS,n,2.0NRT,293.08,1.2,N
-9.95125,-52.46862,308.28,0.42,0.38,2026-05-20,442,N20,VIIRS,n,2.0NRT,293.91,1.33,N
-9.94626,-52.41231,305.22,0.42,0.38,2026-05-20,442,N20,VIIRS,n,2.0NRT,293.37,1.86,N
-9.89143,-52.44266,331.94,0.42,0.38,2026-05-20,442,N20,VIIRS,n,2.0NRT,293.92,3.76,N
-9.88797,-52.44209,337.77,0.42,0.38,2026-05-20,442,N20,VIIRS,n,2.0NRT,294.73,3.76,N
-9.8845,-52.4415,343.86,0.42,0.38,2026-05-20,442,N20,VIIRS,n,2.0NRT,294.31,8.12,N
-9.63314,-48.17649,303.77,0.41,0.37,2026-05-20,442,N20,VIIRS,n,2.0NRT,288.69,0.93,N
-9.3728,-49.22645,314.04,0.39,0.36,2026-05-20,442,N20,VIIRS,n,2.0NRT,291.79,0.75,N
-9.2209,-46.6717,301.29,0.47,0.4,2026-05-20,442,N20,VIIRS,n,2.0NRT,290.92,0.65,N
-9.21789,-46.66692,302.87,0.47,0.4,2026-05-20,442,N20,VIIRS,n,2.0NRT,290.96,0.98,N
-9.17822,-48.99329,312.29,0.39,0.36,2026-05-20,442,N20,VIIRS,n,2.0NRT,293.8,1.79,N
-9.16459,-50.03167,304.31,0.38,0.36,2026-05-20,442,N20,VIIRS,n,2.0NRT,293.57,0.58,N
-9.14194,-51.27737,304.35,0.4,0.37,2026-05-20,442,N20,VIIRS,n,2.0NRT,291.26,1.03,N
-9.07381,-49.66077,309.9,0.38,0.36,2026-05-20,442,N20,VIIRS,n,2.0NRT,292.57,0.91,N
-9.07326,-49.66426,307.95,0.38,0.36,2026-05-20,442,N20,VIIRS,n,2.0NRT,292.19,0.91,N
-8.84713,-49.87051,304.5,0.38,0.36,2026-05-20,442,N20,VIIRS,n,2.0NRT,293.39,0.88,N
-8.73275,-47.97694,341.86,0.41,0.37,2026-05-20,442,N20,VIIRS,n,2.0NRT,294.68,6.84,N
-8.73218,-47.98066,353.03,0.41,0.37,2026-05-20,442,N20,VIIRS,n,2.0NRT,296.67,5.8,N
-8.7316,-47.98437,318.45,0.41,0.37,2026-05-20,442,N20,VIIRS,n,2.0NRT,292.62,5.8,N
-8.71116,-47.91221,311.07,0.41,0.37,2026-05-20,442,N20,VIIRS,n,2.0NRT,290.39,1.33,N
-8.71059,-47.91597,309.16,0.41,0.37,2026-05-20,442,N20,VIIRS,n,2.0NRT,290.29,0.78,N
-8.71001,-47.91973,302.66,0.41,0.37,2026-05-20,442,N20,VIIRS,n,2.0NRT,290.13,0.78,N
-8.70774,-47.91167,314.11,0.41,0.37,2026-05-20,442,N20,VIIRS,n,2.0NRT,290.49,1.33,N
-8.70658,-47.91919,303.55,0.41,0.37,2026-05-20,442,N20,VIIRS,n,2.0NRT,289.93,0.78,N
-8.70431,-47.91113,309.32,0.41,0.37,2026-05-20,442,N20,VIIRS,n,2.0NRT,290.46,0.96,N
-8.70315,-47.91866,311.4,0.41,0.37,2026-05-20,442,N20,VIIRS,n,2.0NRT,290.24,0.92,N
-8.70088,-47.9106,308.2,0.41,0.37,2026-05-20,442,N20,VIIRS,n,2.0NRT,289.72,0.96,N
-8.7003,-47.91435,308.8,0.41,0.37,2026-05-20,442,N20,VIIRS,n,2.0NRT,289.91,0.92,N
-8.69972,-47.91811,302.98,0.41,0.37,2026-05-20,442,N20,VIIRS,n,2.0NRT,290.11,0.92,N
-8.61431,-45.99754,338.48,0.5,0.41,2026-05-20,442,N20,VIIRS,n,2.0NRT,290.36,3.5,N
-8.61365,-46.00206,315.24,0.5,0.41,2026-05-20,442,N20,VIIRS,n,2.0NRT,289.21,3.5,N
-8.55379,-45.98686,333.76,0.5,0.41,2026-05-20,442,N20,VIIRS,n,2.0NRT,291.27,8.39,N
-8.43468,-46.92889,311.43,0.45,0.39,2026-05-20,442,N20,VIIRS,n,2.0NRT,292.53,1.59,N
-8.4317,-46.92445,308.79,0.45,0.39,2026-05-20,442,N20,VIIRS,n,2.0NRT,292.85,1.46,N
-8.3222,-48.0056,323.58,0.41,0.37,2026-05-20,442,N20,VIIRS,n,2.0NRT,291.31,1.81,N
-8.32164,-48.00931,304.15,0.41,0.37,2026-05-20,442,N20,VIIRS,n,2.0NRT,291.4,1.06,N
-8.31823,-48.00878,312.91,0.41,0.37,2026-05-20,442,N20,VIIRS,n,2.0NRT,292.49,1.06,N
-8.10415,-44.12524,315.4,0.43,0.46,2026-05-20,442,N20,VIIRS,n,2.0NRT,288.92,1.93,N
-8.1011,-44.11686,307.02,0.43,0.46,2026-05-20,442,N20,VIIRS,n,2.0NRT,288.93,1.82,N
-8.10053,-44.12074,318.28,0.43,0.46,2026-05-20,442,N20,VIIRS,n,2.0NRT,290.0,1.82,N
-8.09996,-44.12461,312.47,0.43,0.46,2026-05-20,442,N20,VIIRS,n,2.0NRT,289.77,1.93,N
-8.09805,-44.10846,312.37,0.43,0.46,2026-05-20,442,N20,VIIRS,n,2.0NRT,288.99,1.31,N
-8.09748,-44.11234,305.48,0.43,0.46,2026-05-20,442,N20,VIIRS,n,2.0NRT,289.12,1.31,N
-8.09499,-44.10007,311.0,0.43,0.46,2026-05-20,442,N20,VIIRS,n,2.0NRT,289.13,1.49,N
-8.09442,-44.10395,309.82,0.43,0.46,2026-05-20,442,N20,VIIRS,n,2.0NRT,289.36,1.49,N
-7.40104,-46.62125,304.31,0.45,0.39,2026-05-20,442,N20,VIIRS,n,2.0NRT,291.61,1.48,N
-7.40042,-46.62534,302.84,0.45,0.39,2026-05-20,442,N20,VIIRS,n,2.0NRT,291.22,1.23,N
-7.01479,-44.99153,306.0,0.55,0.43,2026-05-20,442,N20,VIIRS,n,2.0NRT,290.04,1.85,N
-7.01398,-44.99444,306.78,0.55,0.42,2026-05-20,442,N20,VIIRS,n,2.0NRT,290.31,1.68,N
-6.75439,-45.0169,303.5,0.54,0.42,2026-05-20,442,N20,VIIRS,n,2.0NRT,289.98,1.65,N
-6.75125,-45.01135,307.78,0.54,0.42,2026-05-20,442,N20,VIIRS,n,2.0NRT,289.35,0.85,N
-6.64073,-44.49351,315.53,0.39,0.44,2026-05-20,442,N20,VIIRS,n,2.0NRT,290.95,1.41,N
-6.45423,-44.12876,315.93,0.41,0.45,2026-05-20,442,N20,VIIRS,n,2.0NRT,291.27,1.28,N
-6.4537,-44.13227,303.44,0.41,0.45,2026-05-20,442,N20,VIIRS,n,2.0NRT,289.68,1.28,N
-6.2981,-43.6373,307.29,0.43,0.46,2026-05-20,442,N20,VIIRS,n,2.0NRT,289.55,0.68,N
-6.29388,-43.63667,301.69,0.43,0.46,2026-05-20,442,N20,VIIRS,n,2.0NRT,289.69,0.68,N
-6.2206,-46.89407,302.78,0.43,0.38,2026-05-20,442,N20,VIIRS,n,2.0NRT,290.91,0.87,N
-6.21652,-46.89739,303.48,0.43,0.38,2026-05-20,442,N20,VIIRS,n,2.0NRT,291.15,0.87,N
-5.41589,-47.5692,307.71,0.4,0.37,2026-05-20,442,N20,VIIRS,n,2.0NRT,292.21,1.22,N
-17.71025,-42.22653,309.93,0.39,0.59,2026-05-20,444,N20,VIIRS,n,2.0NRT,288.26,1.25,N
-17.59255,-46.56306,311.54,0.4,0.44,2026-05-20,444,N20,VIIRS,n,2.0NRT,290.14,1.21,N
-17.10089,-52.45489,304.47,0.39,0.36,2026-05-20,444,N20,VIIRS,n,2.0NRT,284.03,1.06,N
-16.68059,-43.88601,308.63,0.58,0.52,2026-05-20,444,N20,VIIRS,n,2.0NRT,289.35,2.73,N
-16.45452,-51.71602,300.93,0.38,0.36,2026-05-20,444,N20,VIIRS,n,2.0NRT,271.72,0.64,N
-16.45395,-51.7196,295.52,0.38,0.36,2026-05-20,444,N20,VIIRS,n,2.0NRT,279.01,1.01,N
-16.34962,-43.69726,300.32,0.59,0.53,2026-05-20,444,N20,VIIRS,n,2.0NRT,290.25,0.82,N
-16.34478,-60.29602,307.68,0.32,0.55,2026-05-20,444,N20,VIIRS,n,2.0NRT,284.8,4.71,N
-16.34419,-60.29897,353.63,0.32,0.55,2026-05-20,444,N20,VIIRS,n,2.0NRT,286.04,4.71,N
-16.3436,-60.30191,367.0,0.32,0.55,2026-05-20,444,N20,VIIRS,h,2.0NRT,287.27,8.55,N
-16.34301,-60.30488,367.0,0.32,0.55,2026-05-20,444,N20,VIIRS,h,2.0NRT,285.89,8.55,N
-16.34155,-60.28617,302.27,0.32,0.55,2026-05-20,444,N20,VIIRS,n,2.0NRT,285.49,2.67,N
-16.34096,-60.28912,348.08,0.32,0.55,2026-05-20,444,N20,VIIRS,n,2.0NRT,286.56,4.14,N
-16.34037,-60.29208,333.54,0.32,0.55,2026-05-20,444,N20,VIIRS,n,2.0NRT,286.13,4.14,N
-16.33977,-60.29506,334.73,0.32,0.55,2026-05-20,444,N20,VIIRS,n,2.0NRT,285.97,2.18,N
-16.33917,-60.29803,314.41,0.32,0.55,2026-05-20,444,N20,VIIRS,n,2.0NRT,285.79,2.18,N
-16.14838,-51.72015,312.01,0.38,0.36,2026-05-20,444,N20,VIIRS,n,2.0NRT,291.91,1.45,N
-16.12764,-60.54459,313.73,0.34,0.56,2026-05-20,444,N20,VIIRS,n,2.0NRT,285.54,1.26,N
-16.06984,-45.89341,310.33,0.42,0.45,2026-05-20,444,N20,VIIRS,n,2.0NRT,283.44,1.19,N
-16.05334,-60.3508,297.04,0.33,0.55,2026-05-20,444,N20,VIIRS,n,2.0NRT,285.62,0.63,N
-16.05272,-60.35384,307.25,0.33,0.55,2026-05-20,444,N20,VIIRS,n,2.0NRT,285.55,0.63,N
-16.0521,-60.35689,303.54,0.33,0.55,2026-05-20,444,N20,VIIRS,n,2.0NRT,285.36,0.8,N
-14.92943,-47.75045,325.64,0.48,0.4,2026-05-20,444,N20,VIIRS,n,2.0NRT,289.3,3.21,N
-14.91293,-47.73449,326.55,0.48,0.4,2026-05-20,444,N20,VIIRS,n,2.0NRT,289.63,3.65,N
-14.9123,-47.73887,331.59,0.48,0.4,2026-05-20,444,N20,VIIRS,n,2.0NRT,290.07,3.65,N
-14.90924,-47.73394,309.58,0.48,0.4,2026-05-20,444,N20,VIIRS,n,2.0NRT,289.35,3.65,N
-14.90857,-51.05548,306.67,0.38,0.36,2026-05-20,444,N20,VIIRS,n,2.0NRT,293.11,0.45,N
-14.85341,-48.54239,316.8,0.44,0.38,2026-05-20,444,N20,VIIRS,n,2.0NRT,294.19,2.16,N
-14.84218,-48.51991,305.67,0.44,0.39,2026-05-20,444,N20,VIIRS,n,2.0NRT,294.13,1.02,N
-14.38218,-53.8666,301.24,0.44,0.38,2026-05-20,444,N20,VIIRS,n,2.0NRT,290.48,0.79,N
-14.29148,-54.59707,300.97,0.47,0.4,2026-05-20,444,N20,VIIRS,n,2.0NRT,289.15,0.89,N
-14.16701,-52.86578,331.28,0.41,0.37,2026-05-20,444,N20,VIIRS,n,2.0NRT,293.1,4.35,N
-14.16638,-52.86955,341.74,0.41,0.37,2026-05-20,444,N20,VIIRS,n,2.0NRT,294.4,7.22,N
-14.1645,-52.88081,303.91,0.41,0.37,2026-05-20,444,N20,VIIRS,n,2.0NRT,292.38,0.97,N
-14.16388,-52.88453,309.92,0.41,0.37,2026-05-20,444,N20,VIIRS,n,2.0NRT,292.38,0.98,N
-14.16249,-45.31255,301.62,0.43,0.46,2026-05-20,444,N20,VIIRS,n,2.0NRT,288.84,0.87,N
-14.16049,-52.88394,310.98,0.41,0.37,2026-05-20,444,N20,VIIRS,n,2.0NRT,292.47,0.98,N
-14.15879,-45.30798,307.22,0.43,0.46,2026-05-20,444,N20,VIIRS,n,2.0NRT,289.45,2.03,N
-14.15825,-45.31201,303.5,0.43,0.46,2026-05-20,444,N20,VIIRS,n,2.0NRT,289.49,0.87,N
-14.15771,-52.87963,319.49,0.41,0.37,2026-05-20,444,N20,VIIRS,n,2.0NRT,292.76,2.39,N
-14.15771,-45.31603,305.44,0.43,0.46,2026-05-20,444,N20,VIIRS,n,2.0NRT,289.45,0.87,N
-14.15717,-45.32005,300.19,0.43,0.46,2026-05-20,444,N20,VIIRS,n,2.0NRT,289.45,0.67,N
-14.15431,-52.87904,331.63,0.41,0.37,2026-05-20,444,N20,VIIRS,n,2.0NRT,293.64,2.39,N
-14.15402,-45.31146,299.65,0.43,0.46,2026-05-20,444,N20,VIIRS,n,2.0NRT,289.48,0.81,N
-14.15372,-52.87915,330.49,0.41,0.37,2026-05-20,444,N20,VIIRS,n,2.0NRT,293.34,2.66,N
-14.15348,-45.31548,299.52,0.43,0.46,2026-05-20,444,N20,VIIRS,n,2.0NRT,289.44,0.81,N
-14.15295,-45.31949,302.21,0.43,0.46,2026-05-20,444,N20,VIIRS,n,2.0NRT,289.74,1.19,N
-14.15244,-52.89023,347.44,0.41,0.37,2026-05-20,444,N20,VIIRS,n,2.0NRT,295.08,6.86,N
-14.15188,-52.89036,348.08,0.41,0.37,2026-05-20,444,N20,VIIRS,n,2.0NRT,295.56,4.8,N
-14.15182,-52.89398,343.08,0.41,0.37,2026-05-20,444,N20,VIIRS,n,2.0NRT,294.28,6.86,N
-14.15127,-52.89412,343.39,0.41,0.37,2026-05-20,444,N20,VIIRS,n,2.0NRT,294.56,4.8,N
-14.14848,-52.88979,307.05,0.41,0.37,2026-05-20,444,N20,VIIRS,n,2.0NRT,292.86,4.8,N
-14.00352,-47.50097,307.17,0.48,0.4,2026-05-20,444,N20,VIIRS,n,2.0NRT,287.08,1.13,N
-14.00207,-47.50319,307.17,0.48,0.4,2026-05-20,444,N20,VIIRS,n,2.0NRT,288.28,1.22,N
-13.58058,-52.17997,324.61,0.39,0.36,2026-05-20,444,N20,VIIRS,n,2.0NRT,291.48,1.66,N
-13.51361,-47.68753,301.76,0.47,0.4,2026-05-20,444,N20,VIIRS,n,2.0NRT,290.64,0.87,N
-13.39037,-47.09769,305.57,0.5,0.41,2026-05-20,444,N20,VIIRS,n,2.0NRT,290.64,1.11,N
-13.30947,-43.02518,305.45,0.6,0.53,2026-05-20,444,N20,VIIRS,n,2.0NRT,293.67,1.86,N
-13.19574,-43.35585,301.43,0.57,0.52,2026-05-20,444,N20,VIIRS,n,2.0NRT,290.47,1.46,N
-13.05765,-48.30846,305.6,0.43,0.38,2026-05-20,444,N20,VIIRS,n,2.0NRT,292.21,0.91,N
-12.90046,-51.87011,302.94,0.39,0.36,2026-05-20,444,N20,VIIRS,n,2.0NRT,292.89,0.94,N
-12.89988,-51.87371,302.84,0.39,0.36,2026-05-20,444,N20,VIIRS,n,2.0NRT,292.76,0.55,N
-12.89654,-51.87315,303.52,0.39,0.36,2026-05-20,444,N20,VIIRS,n,2.0NRT,292.76,0.84,N
-12.89596,-51.87675,311.33,0.39,0.36,2026-05-20,444,N20,VIIRS,n,2.0NRT,292.72,0.84,N
-12.88817,-47.2391,312.6,0.48,0.4,2026-05-20,444,N20,VIIRS,n,2.0NRT,290.97,1.24,N
-12.60694,-44.5187,300.78,0.46,0.47,2026-05-20,444,N20,VIIRS,n,2.0NRT,289.97,0.88,N
-12.60638,-44.52296,300.95,0.46,0.47,2026-05-20,444,N20,VIIRS,n,2.0NRT,289.72,0.88,N
-12.60258,-44.51808,310.0,0.46,0.47,2026-05-20,444,N20,VIIRS,n,2.0NRT,290.05,8.6,N
-12.60202,-44.52233,367.0,0.46,0.47,2026-05-20,444,N20,VIIRS,h,2.0NRT,296.72,8.6,N
-12.60182,-49.02207,305.01,0.41,0.37,2026-05-20,444,N20,VIIRS,n,2.0NRT,292.72,0.44,N
-12.60147,-44.52656,309.41,0.46,0.47,2026-05-20,444,N20,VIIRS,n,2.0NRT,289.91,2.64,N
-12.59767,-44.52168,325.35,0.46,0.47,2026-05-20,444,N20,VIIRS,n,2.0NRT,289.83,8.6,N
-12.57509,-54.75514,310.02,0.5,0.41,2026-05-20,444,N20,VIIRS,n,2.0NRT,290.4,1.02,N
-12.45996,-54.44866,316.06,0.49,0.4,2026-05-20,444,N20,VIIRS,n,2.0NRT,290.25,1.94,N
-12.45921,-54.45308,317.27,0.49,0.4,2026-05-20,444,N20,VIIRS,n,2.0NRT,290.18,1.78,N
-12.44707,-44.74786,302.87,0.45,0.47,2026-05-20,444,N20,VIIRS,n,2.0NRT,289.8,0.67,N
-12.44403,-44.74978,311.38,0.45,0.47,2026-05-20,444,N20,VIIRS,n,2.0NRT,289.99,0.9,N
-12.44225,-44.75131,302.09,0.45,0.47,2026-05-20,444,N20,VIIRS,n,2.0NRT,290.0,0.75,N
-12.35551,-45.67695,298.94,0.39,0.44,2026-05-20,444,N20,VIIRS,n,2.0NRT,287.93,0.54,N
-12.35501,-45.68055,304.36,0.39,0.44,2026-05-20,444,N20,VIIRS,n,2.0NRT,289.03,1.22,N
-12.22879,-46.60966,301.37,0.51,0.41,2026-05-20,444,N20,VIIRS,n,2.0NRT,289.74,0.73,N
-12.22623,-44.24862,305.22,0.48,0.48,2026-05-20,444,N20,VIIRS,n,2.0NRT,289.64,2.54,N
-12.22566,-46.6044,304.52,0.51,0.41,2026-05-20,444,N20,VIIRS,n,2.0NRT,290.46,1.38,N
-12.22508,-44.25727,301.8,0.48,0.48,2026-05-20,444,N20,VIIRS,n,2.0NRT,288.86,1.8,N
-12.2245,-44.2616,307.17,0.48,0.48,2026-05-20,444,N20,VIIRS,n,2.0NRT,288.81,0.95,N
-12.22393,-44.2659,299.15,0.48,0.48,2026-05-20,444,N20,VIIRS,n,2.0NRT,288.4,0.95,N
-12.06499,-45.28701,311.61,0.41,0.45,2026-05-20,444,N20,VIIRS,n,2.0NRT,289.72,1.99,N
-12.06088,-45.28644,309.9,0.41,0.45,2026-05-20,444,N20,VIIRS,n,2.0NRT,290.32,1.08,N
-12.05677,-45.28584,301.07,0.41,0.45,2026-05-20,444,N20,VIIRS,n,2.0NRT,289.68,1.08,N
-12.04503,-55.03836,301.99,0.53,0.42,2026-05-20,444,N20,VIIRS,n,2.0NRT,290.92,0.72,N
-11.95154,-46.93054,304.18,0.49,0.4,2026-05-20,444,N20,VIIRS,n,2.0NRT,294.08,1.76,N
-11.94925,-47.89225,302.59,0.44,0.38,2026-05-20,444,N20,VIIRS,n,2.0NRT,291.8,0.8,N
-11.94782,-46.93002,310.76,0.49,0.4,2026-05-20,444,N20,VIIRS,n,2.0NRT,294.59,1.89,N
-11.947,-49.2989,314.73,0.4,0.37,2026-05-20,444,N20,VIIRS,n,2.0NRT,293.36,1.43,N
-11.93144,-46.92538,314.86,0.49,0.4,2026-05-20,444,N20,VIIRS,n,2.0NRT,294.08,3.17,N
-11.92922,-46.92756,312.33,0.49,0.4,2026-05-20,444,N20,VIIRS,n,2.0NRT,294.41,3.22,N
-11.91821,-54.10204,302.61,0.48,0.4,2026-05-20,444,N20,VIIRS,n,2.0NRT,292.01,0.73,N
-11.85072,-48.24277,304.56,0.43,0.38,2026-05-20,444,N20,VIIRS,n,2.0NRT,293.61,0.77,N
-11.76145,-48.28127,304.09,0.42,0.38,2026-05-20,444,N20,VIIRS,n,2.0NRT,293.42,0.75,N
-11.76087,-48.28514,307.87,0.42,0.38,2026-05-20,444,N20,VIIRS,n,2.0NRT,293.36,0.75,N
-11.74485,-54.7943,302.71,0.52,0.42,2026-05-20,444,N20,VIIRS,n,2.0NRT,291.12,0.78,N
-11.74403,-54.79908,306.94,0.52,0.42,2026-05-20,444,N20,VIIRS,n,2.0NRT,291.36,0.78,N
-11.63874,-58.2533,306.59,0.57,0.52,2026-05-20,444,N20,VIIRS,n,2.0NRT,288.86,2.13,N
-11.61647,-55.33018,321.53,0.56,0.43,2026-05-20,444,N20,VIIRS,n,2.0NRT,291.34,3.15,N
-11.61343,-55.32434,321.18,0.56,0.43,2026-05-20,444,N20,VIIRS,n,2.0NRT,292.45,2.76,N
-11.61253,-55.32946,343.38,0.56,0.43,2026-05-20,444,N20,VIIRS,n,2.0NRT,293.38,5.85,N
-11.6095,-55.32362,307.31,0.56,0.43,2026-05-20,444,N20,VIIRS,n,2.0NRT,291.3,2.76,N
-11.6086,-55.32874,328.59,0.56,0.43,2026-05-20,444,N20,VIIRS,n,2.0NRT,292.17,5.85,N
-11.60376,-54.18736,319.87,0.48,0.4,2026-05-20,444,N20,VIIRS,n,2.0NRT,292.52,2.43,N
-11.60301,-54.1918,320.79,0.49,0.4,2026-05-20,444,N20,VIIRS,n,2.0NRT,291.95,2.43,N
-11.59983,-55.33243,306.9,0.56,0.43,2026-05-20,444,N20,VIIRS,n,2.0NRT,291.23,2.4,N
-11.48022,-52.91629,309.38,0.43,0.38,2026-05-20,444,N20,VIIRS,n,2.0NRT,293.08,1.76,N
-11.47675,-52.91569,321.69,0.43,0.38,2026-05-20,444,N20,VIIRS,n,2.0NRT,293.68,1.76,N
-11.47327,-52.91509,334.71,0.43,0.38,2026-05-20,444,N20,VIIRS,n,2.0NRT,293.97,2.46,N
-11.46914,-52.91839,303.74,0.43,0.38,2026-05-20,444,N20,VIIRS,n,2.0NRT,293.4,2.46,N
-11.46566,-52.9178,325.64,0.43,0.38,2026-05-20,444,N20,VIIRS,n,2.0NRT,293.54,1.53,N
-11.46442,-55.11574,316.66,0.55,0.42,2026-05-20,444,N20,VIIRS,n,2.0NRT,291.99,2.42,N
-11.46356,-55.12072,317.63,0.55,0.42,2026-05-20,444,N20,VIIRS,n,2.0NRT,291.57,1.92,N
-11.46218,-52.9172,304.14,0.43,0.38,2026-05-20,444,N20,VIIRS,n,2.0NRT,293.39,1.53,N
-11.46053,-55.11503,315.94,0.55,0.42,2026-05-20,444,N20,VIIRS,n,2.0NRT,292.36,2.42,N
-11.45967,-55.12003,311.99,0.55,0.42,2026-05-20,444,N20,VIIRS,n,2.0NRT,291.71,1.92,N
-11.45871,-52.91661,307.78,0.43,0.38,2026-05-20,444,N20,VIIRS,n,2.0NRT,293.46,0.82,N
-11.45806,-52.92051,306.5,0.43,0.38,2026-05-20,444,N20,VIIRS,n,2.0NRT,293.15,1.15,N
-11.45663,-55.11433,313.74,0.55,0.42,2026-05-20,444,N20,VIIRS,n,2.0NRT,292.3,2.54,N
-11.45577,-55.11933,301.5,0.55,0.42,2026-05-20,444,N20,VIIRS,n,2.0NRT,291.43,1.04,N
-11.45274,-55.11363,320.83,0.55,0.42,2026-05-20,444,N20,VIIRS,n,2.0NRT,292.33,2.54,N
-11.4511,-52.91932,315.22,0.43,0.38,2026-05-20,444,N20,VIIRS,n,2.0NRT,293.09,1.34,N
-11.4497,-55.10795,321.98,0.55,0.42,2026-05-20,444,N20,VIIRS,n,2.0NRT,293.04,3.06,N
-11.44884,-55.11293,318.96,0.55,0.42,2026-05-20,444,N20,VIIRS,n,2.0NRT,292.0,3.06,N
-11.33948,-51.41292,303.7,0.39,0.36,2026-05-20,444,N20,VIIRS,n,2.0NRT,292.94,1.02,N
-11.33594,-51.45629,307.26,0.39,0.36,2026-05-20,444,N20,VIIRS,n,2.0NRT,293.01,0.4,N
-11.31044,-54.03699,305.41,0.48,0.4,2026-05-20,444,N20,VIIRS,n,2.0NRT,291.46,0.82,N
-11.30678,-54.03634,303.48,0.48,0.4,2026-05-20,444,N20,VIIRS,n,2.0NRT,291.65,0.75,N
-11.29584,-54.01172,306.67,0.48,0.4,2026-05-20,444,N20,VIIRS,n,2.0NRT,292.47,1.14,N
-11.20673,-55.9268,302.81,0.41,0.45,2026-05-20,444,N20,VIIRS,n,2.0NRT,290.77,0.54,N
-11.13902,-53.94259,304.05,0.48,0.4,2026-05-20,444,N20,VIIRS,n,2.0NRT,292.02,0.31,N
-11.00222,-53.99791,306.57,0.48,0.4,2026-05-20,444,N20,VIIRS,n,2.0NRT,292.4,1.2,N
-11.00147,-54.00235,303.8,0.48,0.4,2026-05-20,444,N20,VIIRS,n,2.0NRT,292.2,0.64,N
-10.94339,-52.68089,306.18,0.42,0.38,2026-05-20,444,N20,VIIRS,n,2.0NRT,293.17,0.77,N
-10.94274,-52.68476,305.48,0.42,0.38,2026-05-20,444,N20,VIIRS,n,2.0NRT,292.78,0.76,N
-10.03166,-59.35584,317.71,0.36,0.58,2026-05-20,444,N20,VIIRS,n,2.0NRT,288.9,1.45,N
-31.24269,-55.65661,322.18,0.38,0.36,2026-05-20,446,N20,VIIRS,n,2.0NRT,277.47,3.51,N
-31.24205,-55.66064,313.1,0.38,0.36,2026-05-20,446,N20,VIIRS,n,2.0NRT,274.95,2.69,N
-28.68204,-56.29257,302.94,0.4,0.37,2026-05-20,446,N20,VIIRS,n,2.0NRT,276.65,0.8,N
-24.5282,-60.63395,305.94,0.47,0.48,2026-05-20,446,N20,VIIRS,n,2.0NRT,278.19,1.69,N
-23.33438,-59.42389,320.47,0.42,0.45,2026-05-20,446,N20,VIIRS,n,2.0NRT,283.14,2.78,N
-23.33395,-59.42097,301.28,0.42,0.45,2026-05-20,446,N20,VIIRS,n,2.0NRT,282.75,1.39,N
-23.33316,-59.42506,313.78,0.42,0.45,2026-05-20,446,N20,VIIRS,n,2.0NRT,282.95,1.39,N
-23.28053,-60.13394,299.13,0.46,0.47,2026-05-20,446,N20,VIIRS,n,2.0NRT,281.68,1.1,N
-23.27892,-60.11939,297.24,0.46,0.47,2026-05-20,446,N20,VIIRS,n,2.0NRT,281.3,0.65,N
-23.27802,-60.12389,301.67,0.46,0.47,2026-05-20,446,N20,VIIRS,n,2.0NRT,281.35,1.39,N
-19.77114,-54.0616,308.02,0.4,0.37,2026-05-20,446,N20,VIIRS,n,2.0NRT,281.48,1.86,N
-19.7705,-54.06543,318.68,0.4,0.37,2026-05-20,446,N20,VIIRS,n,2.0NRT,275.98,1.61,N
-37.42735,-69.17372,346.6,0.37,0.58,2026-05-20,449,N20,VIIRS,n,2.0NRT,274.46,3.53,N
-37.42472,-69.09647,327.11,0.36,0.58,2026-05-20,449,N20,VIIRS,n,2.0NRT,274.03,1.54,N
-36.33272,-72.3136,296.06,0.56,0.69,2026-05-20,449,N20,VIIRS,n,2.0NRT,279.06,2.47,N
-36.33082,-72.31994,314.14,0.56,0.69,2026-05-20,449,N20,VIIRS,n,2.0NRT,278.52,2.47,N
-36.32968,-72.31956,314.44,0.57,0.69,2026-05-20,449,N20,VIIRS,n,2.0NRT,278.69,2.07,N
-36.32895,-72.32616,299.58,0.57,0.69,2026-05-20,449,N20,VIIRS,n,2.0NRT,275.09,2.04,N
-36.32784,-72.32581,302.03,0.57,0.69,2026-05-20,449,N20,VIIRS,n,2.0NRT,275.25,2.07,N
-35.97698,-72.11477,346.04,0.56,0.69,2026-05-20,449,N20,VIIRS,n,2.0NRT,283.95,39.16,N
-35.97515,-72.12093,367.0,0.56,0.69,2026-05-20,449,N20,VIIRS,h,2.0NRT,276.14,30.27,N
-34.86873,-57.9201,306.14,0.39,0.36,2026-05-20,449,N20,VIIRS,n,2.0NRT,277.63,0.68,N
-34.85898,-57.89524,305.62,0.39,0.36,2026-05-20,449,N20,VIIRS,n,2.0NRT,277.86,1.26,N
-34.85564,-57.89441,327.38,0.39,0.36,2026-05-20,449,N20,VIIRS,n,2.0NRT,280.89,1.26,N
-34.65532,-58.3251,312.26,0.4,0.37,2026-05-20,449,N20,VIIRS,n,2.0NRT,284.58,1.59,N
-34.22616,-58.05656,295.87,0.4,0.37,2026-05-20,449,N20,VIIRS,n,2.0NRT,284.57,0.9,N
-34.14886,-58.9882,325.97,0.42,0.38,2026-05-20,449,N20,VIIRS,n,2.0NRT,281.32,2.27,N
-34.10638,-70.45584,300.15,0.52,0.67,2026-05-20,449,N20,VIIRS,n,2.0NRT,282.63,2.15,N
-33.37642,-60.14626,328.31,0.47,0.4,2026-05-20,449,N20,VIIRS,n,2.0NRT,281.82,8.4,N
-33.37618,-60.14321,316.94,0.47,0.4,2026-05-20,449,N20,VIIRS,n,2.0NRT,280.02,3.78,N
-33.3752,-60.14824,326.29,0.47,0.4,2026-05-20,449,N20,VIIRS,n,2.0NRT,278.85,3.78,N
-33.37088,-60.15536,296.24,0.47,0.4,2026-05-20,449,N20,VIIRS,n,2.0NRT,278.8,1.02,N
-33.36992,-60.16042,309.53,0.47,0.4,2026-05-20,449,N20,VIIRS,n,2.0NRT,281.27,1.02,N
-33.36629,-60.15944,334.28,0.47,0.4,2026-05-20,449,N20,VIIRS,n,2.0NRT,282.05,3.86,N
-33.35999,-60.15242,299.28,0.47,0.4,2026-05-20,449,N20,VIIRS,n,2.0NRT,282.41,1.78,N
-33.3563,-70.78828,304.27,0.57,0.69,2026-05-20,449,N20,VIIRS,n,2.0NRT,275.75,1.37,N
-33.2579,-60.28494,320.77,0.48,0.4,2026-05-20,449,N20,VIIRS,n,2.0NRT,279.99,2.36,N
-33.25523,-60.27886,298.28,0.48,0.4,2026-05-20,449,N20,VIIRS,n,2.0NRT,283.31,1.59,N
-33.25424,-60.28397,305.81,0.48,0.4,2026-05-20,449,N20,VIIRS,n,2.0NRT,281.8,2.36,N
-32.89123,-57.42305,324.41,0.4,0.37,2026-05-20,449,N20,VIIRS,n,2.0NRT,276.66,2.12,N
-32.86211,-56.54039,298.59,0.39,0.36,2026-05-20,449,N20,VIIRS,n,2.0NRT,280.54,0.55,N
-32.26356,-68.60977,313.84,0.46,0.64,2026-05-20,449,N20,VIIRS,n,2.0NRT,276.98,1.93,N
-27.09653,-60.42473,297.79,0.41,0.45,2026-05-20,449,N20,VIIRS,n,2.0NRT,276.74,0.59,N
-27.00054,-60.82647,315.68,0.43,0.46,2026-05-20,449,N20,VIIRS,n,2.0NRT,276.73,1.71,N
-26.97907,-60.80578,310.82,0.43,0.46,2026-05-20,449,N20,VIIRS,n,2.0NRT,279.22,1.4,N
-26.97489,-60.8047,309.86,0.43,0.46,2026-05-20,449,N20,VIIRS,n,2.0NRT,278.84,1.29,N
-26.77021,-56.14279,305.16,0.41,0.37,2026-05-20,449,N20,VIIRS,n,2.0NRT,278.18,0.84,N
-26.68114,-62.42766,305.45,0.54,0.51,2026-05-20,449,N20,VIIRS,n,2.0NRT,277.82,1.88,N
-26.56347,-57.46317,301.32,0.45,0.39,2026-05-20,449,N20,VIIRS,n,2.0NRT,279.28,0.65,N
-26.54979,-54.44442,297.44,0.38,0.36,2026-05-20,449,N20,VIIRS,n,2.0NRT,279.5,0.91,N
-26.54647,-54.44377,303.75,0.38,0.36,2026-05-20,449,N20,VIIRS,n,2.0NRT,279.1,0.91,N
-26.53501,-57.24171,299.39,0.44,0.38,2026-05-20,449,N20,VIIRS,n,2.0NRT,279.64,0.53,N
-26.1816,-61.20038,298.91,0.47,0.48,2026-05-20,449,N20,VIIRS,n,2.0NRT,277.94,1.02,N
-26.17725,-61.19924,302.41,0.47,0.48,2026-05-20,449,N20,VIIRS,n,2.0NRT,279.7,1.02,N
-26.17627,-61.20393,307.03,0.47,0.48,2026-05-20,449,N20,VIIRS,n,2.0NRT,279.25,2.63,N
-26.14272,-61.0357,306.58,0.46,0.47,2026-05-20,449,N20,VIIRS,n,2.0NRT,278.22,0.93,N
-38.74372,-68.8382,338.1,0.33,0.55,2026-05-20,451,N20,VIIRS,n,2.0NRT,278.89,2.11,N
-38.74207,-68.83544,312.02,0.33,0.55,2026-05-20,451,N20,VIIRS,n,2.0NRT,277.43,1.96,N
-38.74111,-68.8391,321.13,0.33,0.55,2026-05-20,451,N20,VIIRS,n,2.0NRT,274.97,2.03,N
-38.69986,-68.71317,314.77,0.32,0.55,2026-05-20,451,N20,VIIRS,n,2.0NRT,274.54,1.84,N
-38.6977,-68.7006,297.28,0.32,0.55,2026-05-20,451,N20,VIIRS,n,2.0NRT,276.56,0.93,N
-38.6968,-68.70409,309.56,0.32,0.55,2026-05-20,451,N20,VIIRS,n,2.0NRT,275.09,1.34,N
-38.49775,-68.31863,325.7,0.62,0.54,2026-05-20,451,N20,VIIRS,n,2.0NRT,275.53,2.94,N
-38.36207,-68.67857,334.3,0.33,0.55,2026-05-20,451,N20,VIIRS,n,2.0NRT,277.58,1.64,N
-38.34711,-68.64048,318.1,0.33,0.55,2026-05-20,451,N20,VIIRS,n,2.0NRT,275.95,1.17,N
-38.31924,-68.77963,327.73,0.33,0.55,2026-05-20,451,N20,VIIRS,n,2.0NRT,278.11,5.05,N
-38.31827,-68.78335,354.04,0.33,0.55,2026-05-20,451,N20,VIIRS,n,2.0NRT,275.53,6.03,N
-38.294,-68.71997,303.25,0.33,0.55,2026-05-20,451,N20,VIIRS,n,2.0NRT,277.16,1.15,N
-38.29377,-68.57285,317.1,0.32,0.55,2026-05-20,451,N20,VIIRS,n,2.0NRT,278.14,1.93,N
-38.29282,-68.57654,319.45,0.32,0.55,2026-05-20,451,N20,VIIRS,n,2.0NRT,275.7,1.84,N
-38.289,-68.71812,334.93,0.33,0.55,2026-05-20,451,N20,VIIRS,n,2.0NRT,279.56,1.15,N
-38.28641,-68.74943,322.64,0.33,0.55,2026-05-20,451,N20,VIIRS,n,2.0NRT,277.85,2.08,N
-38.28546,-68.75311,306.61,0.33,0.55,2026-05-20,451,N20,VIIRS,n,2.0NRT,275.09,1.69,N
-38.27192,-68.69949,323.75,0.33,0.55,2026-05-20,451,N20,VIIRS,n,2.0NRT,277.99,1.47,N
-38.26463,-68.62228,314.93,0.33,0.55,2026-05-20,451,N20,VIIRS,n,2.0NRT,277.18,2.44,N
-38.26367,-68.62598,343.59,0.33,0.55,2026-05-20,451,N20,VIIRS,n,2.0NRT,275.69,2.44,N
-38.19224,-69.09064,317.57,0.35,0.56,2026-05-20,451,N20,VIIRS,n,2.0NRT,277.72,1.14,N
-38.04438,-71.99566,367.0,0.49,0.65,2026-05-20,451,N20,VIIRS,h,2.0NRT,290.66,37.11,N
-38.04266,-72.00159,342.82,0.49,0.65,2026-05-20,451,N20,VIIRS,n,2.0NRT,288.49,37.11,N
-38.04213,-71.98096,295.76,0.49,0.65,2026-05-20,451,N20,VIIRS,n,2.0NRT,284.54,17.34,N
-38.04082,-72.00789,367.0,0.49,0.65,2026-05-20,451,N20,VIIRS,h,2.0NRT,291.78,14.49,N
-38.04041,-71.98685,313.83,0.49,0.65,2026-05-20,451,N20,VIIRS,n,2.0NRT,287.16,17.34,N
-38.03893,-72.01437,310.87,0.49,0.65,2026-05-20,451,N20,VIIRS,n,2.0NRT,288.4,14.49,N
-38.03856,-71.99319,348.06,0.49,0.65,2026-05-20,451,N20,VIIRS,n,2.0NRT,307.01,37.11,N
-38.03782,-71.97331,308.93,0.49,0.65,2026-05-20,451,N20,VIIRS,n,2.0NRT,285.11,1.28,N
-38.0367,-71.99955,353.68,0.49,0.65,2026-05-20,451,N20,VIIRS,n,2.0NRT,292.73,37.11,N
-38.03624,-71.97873,307.04,0.49,0.65,2026-05-20,451,N20,VIIRS,n,2.0NRT,285.98,1.16,N
-38.03487,-72.00581,367.0,0.49,0.65,2026-05-20,451,N20,VIIRS,h,2.0NRT,298.23,14.49,N
-38.03305,-72.01205,304.61,0.49,0.65,2026-05-20,451,N20,VIIRS,n,2.0NRT,288.75,14.49,N
-38.01403,-68.59852,309.71,0.33,0.55,2026-05-20,451,N20,VIIRS,n,2.0NRT,273.88,1.22,N
-38.01182,-68.59864,309.54,0.33,0.55,2026-05-20,451,N20,VIIRS,n,2.0NRT,273.73,1.1,N
-37.92912,-71.89283,331.63,0.49,0.65,2026-05-20,451,N20,VIIRS,n,2.0NRT,290.67,5.5,N
-37.92793,-71.89684,323.05,0.49,0.65,2026-05-20,451,N20,VIIRS,n,2.0NRT,289.07,4.45,N
-37.71577,-69.13545,328.14,0.36,0.57,2026-05-20,451,N20,VIIRS,n,2.0NRT,273.1,2.77,N
-37.52645,-69.091,320.68,0.36,0.57,2026-05-20,451,N20,VIIRS,n,2.0NRT,271.29,1.36,N
-37.48013,-69.37595,305.16,0.37,0.58,2026-05-20,451,N20,VIIRS,n,2.0NRT,271.52,1.9,N
-37.47902,-69.38018,322.52,0.37,0.58,2026-05-20,451,N20,VIIRS,n,2.0NRT,270.78,2.31,N
-37.47593,-69.37791,331.95,0.37,0.58,2026-05-20,451,N20,VIIRS,n,2.0NRT,272.12,2.39,N
-37.42524,-69.17098,335.89,0.37,0.58,2026-05-20,451,N20,VIIRS,n,2.0NRT,274.9,2.39,N
7.73864,-66.71815,301.99,0.57,0.43,2026-05-20,618,N20,VIIRS,n,2.0NRT,287.43,1.22,N
7.74741,-66.72193,302.81,0.57,0.43,2026-05-20,618,N20,VIIRS,n,2.0NRT,288.09,1.02,N
8.61876,-68.17246,303.64,0.46,0.39,2026-05-20,618,N20,VIIRS,n,2.0NRT,286.46,1.17,N
8.62333,-62.5429,301.93,0.35,0.57,2026-05-20,618,N20,VIIRS,n,2.0NRT,283.33,1.06,N
8.6239,-62.54604,303.45,0.35,0.57,2026-05-20,618,N20,VIIRS,n,2.0NRT,284.08,1.06,N
8.72502,-62.90917,356.01,0.33,0.55,2026-05-20,618,N20,VIIRS,n,2.0NRT,288.8,4.55,N
8.72552,-62.90715,318.81,0.33,0.55,2026-05-20,618,N20,VIIRS,n,2.0NRT,287.87,3.02,N
8.72556,-62.91211,301.92,0.33,0.55,2026-05-20,618,N20,VIIRS,n,2.0NRT,286.39,2.48,N
8.72604,-62.91009,348.61,0.33,0.55,2026-05-20,618,N20,VIIRS,n,2.0NRT,287.72,3.02,N
9.59069,-64.8239,299.79,0.47,0.48,2026-05-20,618,N20,VIIRS,n,2.0NRT,287.08,1.27,N
9.59552,-70.85155,312.43,0.38,0.36,2026-05-20,618,N20,VIIRS,n,2.0NRT,291.66,2.49,N
9.59607,-70.85503,329.24,0.38,0.36,2026-05-20,618,N20,VIIRS,n,2.0NRT,291.44,3.04,N
9.63412,-63.58446,306.88,0.57,0.52,2026-05-20,618,N20,VIIRS,n,2.0NRT,284.22,1.72,N
9.64458,-63.56152,324.52,0.57,0.52,2026-05-20,618,N20,VIIRS,n,2.0NRT,283.23,2.02,N
9.64552,-63.56667,306.93,0.57,0.52,2026-05-20,618,N20,VIIRS,n,2.0NRT,282.59,2.02,N
9.64646,-63.57182,309.47,0.57,0.52,2026-05-20,618,N20,VIIRS,n,2.0NRT,283.32,1.44,N
9.64933,-63.56077,300.61,0.57,0.52,2026-05-20,618,N20,VIIRS,n,2.0NRT,282.21,2.02,N
9.65408,-63.56001,297.27,0.57,0.52,2026-05-20,618,N20,VIIRS,n,2.0NRT,282.84,1.08,N
9.65412,-63.53327,297.8,0.57,0.52,2026-05-20,618,N20,VIIRS,n,2.0NRT,281.79,0.81,N
9.70247,-63.53011,307.06,0.57,0.52,2026-05-20,618,N20,VIIRS,n,2.0NRT,286.35,1.7,N
9.7031,-63.52946,306.88,0.57,0.52,2026-05-20,618,N20,VIIRS,n,2.0NRT,285.96,2.07,N
9.77228,-63.26339,298.77,0.6,0.53,2026-05-20,618,N20,VIIRS,n,2.0NRT,286.61,1.92,N
9.79161,-70.41891,308.65,0.39,0.36,2026-05-20,618,N20,VIIRS,n,2.0NRT,281.93,1.1,N
9.79217,-70.42243,316.08,0.39,0.36,2026-05-20,618,N20,VIIRS,n,2.0NRT,288.04,1.03,N
9.89454,-72.21845,315.57,0.39,0.37,2026-05-20,618,N20,VIIRS,n,2.0NRT,285.98,1.24,N
9.89509,-72.22203,319.01,0.39,0.37,2026-05-20,618,N20,VIIRS,n,2.0NRT,286.4,2.12,N
10.13934,-60.99255,304.74,0.42,0.61,2026-05-20,618,N20,VIIRS,n,2.0NRT,285.34,0.4,N
10.72991,-74.24715,306.98,0.47,0.4,2026-05-20,618,N20,VIIRS,n,2.0NRT,292.33,0.86,N
10.73356,-74.2466,306.57,0.47,0.4,2026-05-20,618,N20,VIIRS,n,2.0NRT,291.68,0.86,N
10.73418,-74.25091,319.07,0.47,0.4,2026-05-20,618,N20,VIIRS,n,2.0NRT,291.75,1.71,N
10.73646,-74.91223,330.39,0.51,0.41,2026-05-20,618,N20,VIIRS,n,2.0NRT,294.26,6.06,N
10.7886,-74.68111,308.1,0.5,0.41,2026-05-20,618,N20,VIIRS,n,2.0NRT,293.65,0.9,N
10.96471,-72.73484,309.89,0.41,0.37,2026-05-20,618,N20,VIIRS,n,2.0NRT,292.96,2.46,N
11.03045,-72.66003,303.91,0.41,0.37,2026-05-20,618,N20,VIIRS,n,2.0NRT,283.29,1.61,N
11.07877,-72.67957,305.79,0.41,0.37,2026-05-20,618,N20,VIIRS,n,2.0NRT,293.41,2.01,N
11.08218,-72.67907,306.09,0.41,0.37,2026-05-20,618,N20,VIIRS,n,2.0NRT,293.43,1.65,N
11.49889,-69.32466,305.99,0.4,0.37,2026-05-20,618,N20,VIIRS,n,2.0NRT,288.11,0.79,N
11.73484,-70.19476,309.79,0.39,0.36,2026-05-20,618,N20,VIIRS,n,2.0NRT,270.61,10.56,N
11.73758,-70.19071,302.39,0.39,0.36,2026-05-20,618,N20,VIIRS,n,2.0NRT,275.54,10.56,N
11.73814,-70.19422,336.87,0.39,0.36,2026-05-20,618,N20,VIIRS,n,2.0NRT,283.94,10.56,N
11.7387,-70.19773,312.64,0.39,0.36,2026-05-20,618,N20,VIIRS,n,2.0NRT,275.9,1.74,N
11.74145,-70.19368,330.31,0.39,0.36,2026-05-20,618,N20,VIIRS,n,2.0NRT,281.19,3.12,N
11.75129,-70.17044,317.26,0.39,0.36,2026-05-20,618,N20,VIIRS,n,2.0NRT,286.91,1.8,N
3.86646,-76.38218,305.36,0.51,0.41,2026-05-20,620,N20,VIIRS,n,2.0NRT,290.35,1.22,N
3.86715,-76.38662,310.5,0.51,0.41,2026-05-20,620,N20,VIIRS,n,2.0NRT,289.73,1.22,N
5.02679,-75.44885,298.81,0.47,0.4,2026-05-20,620,N20,VIIRS,n,2.0NRT,284.86,0.66,N
5.22696,-73.80511,296.28,0.41,0.37,2026-05-20,620,N20,VIIRS,n,2.0NRT,282.39,0.59,N
5.22752,-73.80873,295.32,0.41,0.37,2026-05-20,620,N20,VIIRS,n,2.0NRT,282.4,0.59,N
5.44372,-73.60072,296.6,0.4,0.37,2026-05-20,620,N20,VIIRS,n,2.0NRT,280.55,0.74,N
6.21892,-74.57183,313.2,0.44,0.38,2026-05-20,620,N20,VIIRS,n,2.0NRT,292.74,2.33,N
7.82646,-72.50071,307.08,0.39,0.36,2026-05-20,620,N20,VIIRS,n,2.0NRT,290.86,1.36,N
7.89142,-72.57017,308.2,0.39,0.36,2026-05-20,620,N20,VIIRS,n,2.0NRT,286.58,1.44,N
7.89527,-72.59496,325.41,0.39,0.36,2026-05-20,620,N20,VIIRS,n,2.0NRT,289.28,2.28,N
7.89809,-72.56911,307.91,0.39,0.36,2026-05-20,620,N20,VIIRS,n,2.0NRT,283.88,0.97,N
7.95322,-72.48866,307.97,0.39,0.36,2026-05-20,620,N20,VIIRS,n,2.0NRT,288.89,1.63,N
-4.57931,-81.28654,311.63,0.52,0.5,2026-05-20,622,N20,VIIRS,n,2.0NRT,290.0,3.46,N
-4.51356,-81.23064,309.84,0.52,0.5,2026-05-20,622,N20,VIIRS,n,2.0NRT,289.7,1.17,N
-0.52749,-76.12345,307.03,0.44,0.39,2026-05-20,622,N20,VIIRS,n,2.0NRT,289.08,1.02,N
-0.0804,-77.66058,337.77,0.54,0.42,2026-05-20,622,N20,VIIRS,n,2.0NRT,277.95,7.43,N
-0.07969,-77.66506,300.05,0.54,0.42,2026-05-20,622,N20,VIIRS,n,2.0NRT,276.08,1.91,N
-0.07655,-77.66,311.44,0.54,0.42,2026-05-20,622,N20,VIIRS,n,2.0NRT,276.31,2.79,N
-0.07582,-77.66457,298.24,0.54,0.42,2026-05-20,622,N20,VIIRS,n,2.0NRT,275.82,1.28,N
-12.84621,-73.72202,304.45,0.43,0.38,2026-05-20,625,N20,VIIRS,n,2.0NRT,277.35,0.74,N
-12.66143,-72.37191,304.22,0.5,0.41,2026-05-20,625,N20,VIIRS,n,2.0NRT,287.38,1.39,N
-12.65898,-72.36253,310.01,0.5,0.41,2026-05-20,625,N20,VIIRS,n,2.0NRT,281.94,1.36,N
-12.65775,-72.37106,307.17,0.5,0.41,2026-05-20,625,N20,VIIRS,n,2.0NRT,287.05,1.33,N
-12.48617,-66.80795,305.93,0.37,0.58,2026-05-20,625,N20,VIIRS,n,2.0NRT,286.0,1.2,N
-12.48315,-66.80687,313.74,0.37,0.58,2026-05-20,625,N20,VIIRS,n,2.0NRT,285.9,1.26,N
-12.4808,-66.80724,308.84,0.37,0.58,2026-05-20,625,N20,VIIRS,n,2.0NRT,285.68,0.9,N
-12.48039,-66.81068,298.4,0.37,0.58,2026-05-20,625,N20,VIIRS,n,2.0NRT,285.7,0.79,N
-12.47734,-66.80961,300.56,0.37,0.58,2026-05-20,625,N20,VIIRS,n,2.0NRT,285.73,1.22,N
-12.37111,-75.42989,297.49,0.39,0.36,2026-05-20,625,N20,VIIRS,n,2.0NRT,274.12,0.75,N
-9.21912,-77.71113,295.33,0.43,0.38,2026-05-20,625,N20,VIIRS,n,2.0NRT,281.1,0.42,N
-17.88788,-67.79892,314.82,0.38,0.59,2026-05-20,627,N20,VIIRS,n,2.0NRT,266.95,5.33,N
-17.8875,-67.80251,349.1,0.38,0.59,2026-05-20,627,N20,VIIRS,n,2.0NRT,266.52,6.8,N
-17.88486,-67.80169,367.0,0.38,0.59,2026-05-20,627,N20,VIIRS,h,2.0NRT,268.49,7.49,N
-13.78674,-76.16778,328.05,0.38,0.36,2026-05-20,627,N20,VIIRS,n,2.0NRT,292.5,4.89,N
-13.78618,-76.17133,308.13,0.38,0.36,2026-05-20,627,N20,VIIRS,n,2.0NRT,289.62,3.05,N
-13.24346,-76.29655,306.11,0.38,0.36,2026-05-20,627,N20,VIIRS,n,2.0NRT,290.34,0.86,N
-34.80868,-72.10333,295.66,0.62,0.54,2026-05-20,629,N20,VIIRS,n,2.0NRT,278.77,0.85,N
-33.35984,-70.78461,317.98,0.36,0.57,2026-05-20,629,N20,VIIRS,n,2.0NRT,276.04,1.38,N
-32.80394,-70.952,313.74,0.35,0.57,2026-05-20,629,N20,VIIRS,n,2.0NRT,278.0,1.54,N
-23.78209,-70.3215,298.08,0.61,0.53,2026-05-20,629,N20,VIIRS,n,2.0NRT,278.71,1.84,N
-40.11845,-71.23142,335.45,0.39,0.59,2026-05-20,631,N20,VIIRS,n,2.0NRT,279.22,2.82,N
-38.93675,-72.35394,305.96,0.33,0.55,2026-05-20,631,N20,VIIRS,n,2.0NRT,283.26,0.78,N
-38.88073,-71.91083,308.55,0.35,0.57,2026-05-20,631,N20,VIIRS,n,2.0NRT,285.96,1.4,N
-38.87566,-71.90666,299.92,0.35,0.57,2026-05-20,631,N20,VIIRS,n,2.0NRT,284.28,2.28,N
-38.87524,-71.91335,323.46,0.35,0.57,2026-05-20,631,N20,VIIRS,n,2.0NRT,284.92,1.4,N
-38.74587,-68.83527,309.49,0.51,0.66,2026-05-20,631,N20,VIIRS,n,2.0NRT,275.28,2.76,N
-38.74564,-68.84132,319.08,0.51,0.66,2026-05-20,631,N20,VIIRS,n,2.0NRT,275.22,2.81,N
-38.74397,-68.83524,323.32,0.51,0.66,2026-05-20,631,N20,VIIRS,n,2.0NRT,276.61,2.36,N
-38.74377,-68.84132,308.74,0.51,0.66,2026-05-20,631,N20,VIIRS,n,2.0NRT,274.72,2.36,N
-38.70095,-68.69969,298.69,0.52,0.67,2026-05-20,631,N20,VIIRS,n,2.0NRT,273.19,1.51,N
-38.70072,-68.70616,311.74,0.52,0.67,2026-05-20,631,N20,VIIRS,n,2.0NRT,272.76,1.51,N
-38.49961,-68.3194,327.48,0.55,0.68,2026-05-20,631,N20,VIIRS,n,2.0NRT,274.43,3.11,N
-38.3237,-68.77795,306.07,0.51,0.66,2026-05-20,631,N20,VIIRS,n,2.0NRT,273.52,2.56,N
-38.32349,-68.78398,336.15,0.51,0.66,2026-05-20,631,N20,VIIRS,n,2.0NRT,275.29,2.56,N
-38.31942,-68.77749,307.31,0.51,0.66,2026-05-20,631,N20,VIIRS,n,2.0NRT,273.89,5.7,N
-38.31919,-68.78351,367.0,0.51,0.66,2026-05-20,631,N20,VIIRS,h,2.0NRT,275.92,8.98,N
-38.31749,-68.77754,301.3,0.51,0.66,2026-05-20,631,N20,VIIRS,n,2.0NRT,273.3,2.56,N
-38.31729,-68.78355,316.63,0.51,0.66,2026-05-20,631,N20,VIIRS,n,2.0NRT,273.25,2.56,N
-38.29459,-68.71529,300.05,0.52,0.67,2026-05-20,631,N20,VIIRS,n,2.0NRT,274.35,1.42,N
-38.2944,-68.72115,309.44,0.52,0.67,2026-05-20,631,N20,VIIRS,n,2.0NRT,273.86,1.42,N
-38.28929,-68.75135,308.7,0.51,0.66,2026-05-20,631,N20,VIIRS,n,2.0NRT,274.24,1.71,N
-38.28733,-68.63461,321.0,0.52,0.67,2026-05-20,631,N20,VIIRS,n,2.0NRT,274.74,1.77,N
-38.28712,-68.64044,296.7,0.52,0.67,2026-05-20,631,N20,VIIRS,n,2.0NRT,272.06,1.77,N
-38.28308,-68.75089,331.54,0.51,0.66,2026-05-20,631,N20,VIIRS,n,2.0NRT,273.73,3.41,N
-38.27246,-68.7001,311.3,0.52,0.67,2026-05-20,631,N20,VIIRS,n,2.0NRT,275.01,1.45,N
-38.26899,-68.62166,295.28,0.52,0.67,2026-05-20,631,N20,VIIRS,n,2.0NRT,273.52,1.05,N
-38.26878,-68.62765,307.06,0.52,0.67,2026-05-20,631,N20,VIIRS,n,2.0NRT,273.32,1.05,N
-38.22501,-68.52154,319.03,0.53,0.67,2026-05-20,631,N20,VIIRS,n,2.0NRT,277.5,1.99,N
-38.22221,-68.51693,296.09,0.53,0.67,2026-05-20,631,N20,VIIRS,n,2.0NRT,276.77,1.46,N
-38.22202,-68.52288,305.08,0.53,0.67,2026-05-20,631,N20,VIIRS,n,2.0NRT,276.65,1.76,N
-38.19675,-69.08434,312.62,0.49,0.65,2026-05-20,631,N20,VIIRS,n,2.0NRT,274.94,8.7,N
-38.19653,-69.09032,367.0,0.49,0.65,2026-05-20,631,N20,VIIRS,h,2.0NRT,277.87,12.17,N
-38.19636,-69.0883,367.0,0.49,0.65,2026-05-20,631,N20,VIIRS,h,2.0NRT,279.73,12.11,N
-38.19611,-69.09424,299.55,0.49,0.65,2026-05-20,631,N20,VIIRS,n,2.0NRT,274.42,6.55,N
-38.15594,-68.69598,307.27,0.52,0.67,2026-05-20,631,N20,VIIRS,n,2.0NRT,272.95,0.88,N
-38.04457,-71.9854,304.66,0.34,0.56,2026-05-20,631,N20,VIIRS,n,2.0NRT,284.83,1.18,N
-38.04437,-71.98577,305.54,0.34,0.56,2026-05-20,631,N20,VIIRS,n,2.0NRT,285.39,1.15,N
-38.04434,-71.98911,296.03,0.34,0.56,2026-05-20,631,N20,VIIRS,n,2.0NRT,285.24,17.52,N
-38.04412,-71.98948,298.83,0.34,0.56,2026-05-20,631,N20,VIIRS,n,2.0NRT,286.33,16.33,N
-38.04411,-71.99286,341.5,0.34,0.56,2026-05-20,631,N20,VIIRS,n,2.0NRT,295.02,17.52,N
-38.04388,-71.99665,348.53,0.34,0.56,2026-05-20,631,N20,VIIRS,n,2.0NRT,306.12,59.41,N
-38.04387,-71.9932,342.73,0.34,0.56,2026-05-20,631,N20,VIIRS,n,2.0NRT,296.72,16.33,N
-38.04364,-72.00047,367.0,0.34,0.56,2026-05-20,631,N20,VIIRS,h,2.0NRT,291.28,59.41,N
-38.04362,-71.99698,347.94,0.34,0.56,2026-05-20,631,N20,VIIRS,n,2.0NRT,308.64,59.03,N
-38.04342,-72.00426,344.17,0.34,0.56,2026-05-20,631,N20,VIIRS,n,2.0NRT,289.33,35.06,N
-38.04337,-72.00079,367.0,0.34,0.56,2026-05-20,631,N20,VIIRS,h,2.0NRT,292.31,59.03,N
-38.04319,-72.00794,316.37,0.34,0.56,2026-05-20,631,N20,VIIRS,n,2.0NRT,287.81,35.06,N
-38.04311,-72.00455,345.88,0.34,0.56,2026-05-20,631,N20,VIIRS,n,2.0NRT,290.07,36.03,N
-38.04287,-72.00822,321.2,0.34,0.56,2026-05-20,631,N20,VIIRS,n,2.0NRT,287.92,36.03,N
-38.04004,-71.97334,305.13,0.34,0.56,2026-05-20,631,N20,VIIRS,n,2.0NRT,283.43,1.31,N
-38.03991,-71.97374,305.27,0.34,0.56,2026-05-20,631,N20,VIIRS,n,2.0NRT,283.42,1.21,N
-38.0398,-71.97728,328.84,0.34,0.56,2026-05-20,631,N20,VIIRS,n,2.0NRT,286.33,1.31,N
-38.03965,-71.97767,328.7,0.34,0.56,2026-05-20,631,N20,VIIRS,n,2.0NRT,286.28,1.21,N
-38.03957,-71.98112,296.04,0.34,0.56,2026-05-20,631,N20,VIIRS,n,2.0NRT,284.23,1.18,N
-38.03939,-71.98152,296.55,0.34,0.56,2026-05-20,631,N20,VIIRS,n,2.0NRT,284.35,1.15,N
-38.03889,-71.99216,353.79,0.34,0.56,2026-05-20,631,N20,VIIRS,n,2.0NRT,291.42,17.52,N
-38.03868,-71.99566,322.65,0.34,0.56,2026-05-20,631,N20,VIIRS,n,2.0NRT,315.9,59.41,N
-38.03866,-71.9925,354.93,0.34,0.56,2026-05-20,631,N20,VIIRS,n,2.0NRT,290.87,16.33,N
-38.03846,-71.99921,367.0,0.34,0.56,2026-05-20,631,N20,VIIRS,h,2.0NRT,333.17,59.41,N
-38.03843,-71.99599,326.51,0.34,0.56,2026-05-20,631,N20,VIIRS,n,2.0NRT,314.53,59.03,N
-38.03825,-72.00283,333.59,0.34,0.56,2026-05-20,631,N20,VIIRS,n,2.0NRT,318.92,35.06,N
-38.03819,-71.99953,367.0,0.34,0.56,2026-05-20,631,N20,VIIRS,h,2.0NRT,332.47,59.03,N
-38.03802,-72.00655,367.0,0.34,0.56,2026-05-20,631,N20,VIIRS,h,2.0NRT,295.52,35.06,N
-38.03795,-72.00318,334.59,0.34,0.56,2026-05-20,631,N20,VIIRS,n,2.0NRT,319.06,36.03,N
-38.03779,-72.01028,306.85,0.34,0.56,2026-05-20,631,N20,VIIRS,n,2.0NRT,289.78,4.89,N
-38.0377,-72.00687,367.0,0.34,0.56,2026-05-20,631,N20,VIIRS,h,2.0NRT,295.52,36.03,N
-38.03745,-72.01058,307.9,0.34,0.56,2026-05-20,631,N20,VIIRS,n,2.0NRT,289.69,5.5,N
-38.01415,-68.59537,332.55,0.52,0.67,2026-05-20,631,N20,VIIRS,n,2.0NRT,275.77,2.66,N
-38.01392,-68.60143,310.2,0.52,0.67,2026-05-20,631,N20,VIIRS,n,2.0NRT,272.86,2.66,N
-38.01174,-68.59692,339.62,0.52,0.67,2026-05-20,631,N20,VIIRS,n,2.0NRT,274.79,5.5,N
-37.92982,-71.88862,304.74,0.34,0.56,2026-05-20,631,N20,VIIRS,n,2.0NRT,287.9,0.81,N
-37.92947,-71.89397,308.45,0.34,0.56,2026-05-20,631,N20,VIIRS,n,2.0NRT,288.67,0.81,N
-37.71659,-69.13139,320.54,0.49,0.65,2026-05-20,631,N20,VIIRS,n,2.0NRT,271.15,2.0,N
-37.71637,-69.13683,308.1,0.49,0.65,2026-05-20,631,N20,VIIRS,n,2.0NRT,271.23,2.0,N
-37.7103,-69.13648,298.59,0.49,0.65,2026-05-20,631,N20,VIIRS,n,2.0NRT,270.19,0.85,N
-37.71008,-69.14191,295.05,0.49,0.65,2026-05-20,631,N20,VIIRS,n,2.0NRT,270.86,0.59,N
-37.68824,-73.23721,300.66,0.58,0.52,2026-05-20,631,N20,VIIRS,n,2.0NRT,285.73,1.41,N
-37.68344,-73.23585,301.33,0.58,0.52,2026-05-20,631,N20,VIIRS,n,2.0NRT,281.55,0.6,N
-37.6524,-71.62468,315.82,0.35,0.57,2026-05-20,631,N20,VIIRS,n,2.0NRT,282.29,0.55,N
-37.65097,-71.62318,321.49,0.35,0.57,2026-05-20,631,N20,VIIRS,n,2.0NRT,283.92,1.97,N
-37.65079,-71.62621,300.51,0.35,0.57,2026-05-20,631,N20,VIIRS,n,2.0NRT,282.53,1.44,N
-37.64769,-71.61501,295.97,0.35,0.57,2026-05-20,631,N20,VIIRS,n,2.0NRT,282.18,3.05,N
-37.64748,-71.61819,347.5,0.35,0.57,2026-05-20,631,N20,VIIRS,n,2.0NRT,283.44,2.86,N
-37.64727,-71.62135,311.47,0.35,0.57,2026-05-20,631,N20,VIIRS,n,2.0NRT,284.37,2.86,N
-37.64707,-71.62448,307.89,0.35,0.57,2026-05-20,631,N20,VIIRS,n,2.0NRT,284.9,1.57,N
-37.64603,-71.61645,367.0,0.35,0.57,2026-05-20,631,N20,VIIRS,h,2.0NRT,288.93,5.66,N
-37.64584,-71.61967,321.19,0.35,0.57,2026-05-20,631,N20,VIIRS,n,2.0NRT,284.41,5.66,N
-37.64564,-71.62287,298.21,0.35,0.57,2026-05-20,631,N20,VIIRS,n,2.0NRT,285.08,0.98,N
-37.64545,-71.62608,295.46,0.35,0.57,2026-05-20,631,N20,VIIRS,n,2.0NRT,285.16,0.98,N
-37.64241,-71.61414,343.61,0.35,0.57,2026-05-20,631,N20,VIIRS,n,2.0NRT,288.06,2.86,N
-37.64218,-71.61758,307.74,0.35,0.57,2026-05-20,631,N20,VIIRS,n,2.0NRT,284.77,2.86,N
-37.52794,-69.09325,302.52,0.49,0.65,2026-05-20,631,N20,VIIRS,n,2.0NRT,269.31,0.83,N
-37.47964,-69.37658,328.29,0.47,0.64,2026-05-20,631,N20,VIIRS,n,2.0NRT,272.18,2.5,N
-37.42649,-69.17304,322.56,0.48,0.65,2026-05-20,631,N20,VIIRS,n,2.0NRT,273.53,1.78,N
-37.42381,-69.09417,323.38,0.49,0.65,2026-05-20,631,N20,VIIRS,n,2.0NRT,274.29,1.83,N
-37.08733,-69.47962,297.69,0.46,0.64,2026-05-20,631,N20,VIIRS,n,2.0NRT,269.87,1.04,N
-36.71037,-72.71086,317.19,0.6,0.53,2026-05-20,631,N20,VIIRS,n,2.0NRT,275.58,2.61,N
-36.51855,-71.72537,308.96,0.34,0.56,2026-05-20,631,N20,VIIRS,n,2.0NRT,285.38,0.77,N
-36.51831,-71.729,304.47,0.34,0.56,2026-05-20,631,N20,VIIRS,n,2.0NRT,284.79,0.77,N
-36.33281,-72.31659,310.65,0.63,0.54,2026-05-20,631,N20,VIIRS,n,2.0NRT,279.32,2.76,N
-36.33227,-72.32365,306.06,0.63,0.54,2026-05-20,631,N20,VIIRS,n,2.0NRT,276.49,2.76,N
-36.33171,-72.3167,311.11,0.63,0.54,2026-05-20,631,N20,VIIRS,n,2.0NRT,279.41,3.92,N
-36.33122,-72.32375,302.09,0.63,0.54,2026-05-20,631,N20,VIIRS,n,2.0NRT,275.93,2.08,N
-35.98046,-72.10824,345.14,0.32,0.55,2026-05-20,631,N20,VIIRS,n,2.0NRT,274.29,3.33,N
-35.9802,-72.11185,326.69,0.32,0.55,2026-05-20,631,N20,VIIRS,n,2.0NRT,273.52,5.32,N
-35.97994,-72.11546,311.35,0.32,0.55,2026-05-20,631,N20,VIIRS,n,2.0NRT,273.6,5.32,N
-35.97538,-72.10768,313.84,0.32,0.55,2026-05-20,631,N20,VIIRS,n,2.0NRT,274.84,3.33,N
-35.97512,-72.11129,340.12,0.32,0.55,2026-05-20,631,N20,VIIRS,n,2.0NRT,277.02,5.32,N
-35.97486,-72.11488,367.0,0.32,0.55,2026-05-20,631,N20,VIIRS,h,2.0NRT,281.73,5.32,N
-35.9746,-72.11848,333.52,0.32,0.55,2026-05-20,631,N20,VIIRS,n,2.0NRT,274.32,6.87,N
-20.23974,-40.24049,329.9,0.53,0.67,2026-05-20,1533,N20,VIIRS,n,2.0NRT,281.47,6.64,D
-16.78823,-39.36964,331.4,0.43,0.62,2026-05-20,1533,N20,VIIRS,n,2.0NRT,296.63,3.71,D
-15.92953,-38.9172,367.0,0.39,0.59,2026-05-20,1535,N20,VIIRS,h,2.0NRT,298.85,16.28,D
-15.9285,-38.92019,339.41,0.39,0.59,2026-05-20,1535,N20,VIIRS,n,2.0NRT,297.33,8.96,D
-15.92809,-38.91658,367.0,0.39,0.59,2026-05-20,1535,N20,VIIRS,h,2.0NRT,297.41,13.59,D
-15.67508,-39.80393,367.0,0.44,0.62,2026-05-20,1535,N20,VIIRS,h,2.0NRT,300.24,12.02,D
-14.80602,-41.73457,331.26,0.58,0.7,2026-05-20,1535,N20,VIIRS,n,2.0NRT,297.13,4.3,D
-14.66005,-40.99973,342.68,0.52,0.67,2026-05-20,1535,N20,VIIRS,n,2.0NRT,294.62,13.64,D
-14.65968,-40.99876,367.0,0.52,0.67,2026-05-20,1535,N20,VIIRS,h,2.0NRT,296.1,13.46,D
-14.65959,-40.99518,367.0,0.52,0.67,2026-05-20,1535,N20,VIIRS,h,2.0NRT,293.8,15.38,D
-14.65918,-40.99417,331.12,0.52,0.67,2026-05-20,1535,N20,VIIRS,n,2.0NRT,291.69,9.0,D
-13.29729,-41.00471,327.79,0.5,0.66,2026-05-20,1535,N20,VIIRS,n,2.0NRT,291.03,4.42,D
-12.97504,-40.78171,337.07,0.48,0.64,2026-05-20,1535,N20,VIIRS,n,2.0NRT,294.55,3.45,D
-12.97452,-40.77705,331.55,0.48,0.64,2026-05-20,1535,N20,VIIRS,n,2.0NRT,294.14,3.45,D
-12.82575,-43.68473,353.91,0.75,0.77,2026-05-20,1535,N20,VIIRS,n,2.0NRT,298.67,9.95,D
-12.82386,-43.68622,344.11,0.75,0.77,2026-05-20,1535,N20,VIIRS,n,2.0NRT,298.43,11.44,D
-12.82317,-43.67938,334.24,0.75,0.77,2026-05-20,1535,N20,VIIRS,n,2.0NRT,296.98,9.46,D
-12.8187,-43.68548,340.95,0.75,0.77,2026-05-20,1535,N20,VIIRS,n,2.0NRT,297.53,9.95,D
-12.81681,-43.68701,339.43,0.75,0.77,2026-05-20,1535,N20,VIIRS,n,2.0NRT,298.09,5.63,D
-12.61491,-43.15183,332.4,0.68,0.74,2026-05-20,1535,N20,VIIRS,n,2.0NRT,304.16,4.95,D
-12.0921,-40.0475,327.67,0.41,0.61,2026-05-20,1535,N20,VIIRS,n,2.0NRT,295.29,5.57,D
-12.08651,-40.04817,342.5,0.41,0.61,2026-05-20,1535,N20,VIIRS,n,2.0NRT,296.01,5.57,D
-12.08606,-40.04445,350.94,0.41,0.61,2026-05-20,1535,N20,VIIRS,n,2.0NRT,294.96,5.57,D
-11.92101,-43.40527,345.58,0.7,0.75,2026-05-20,1535,N20,VIIRS,n,2.0NRT,301.78,11.39,D
-11.82445,-38.26777,355.82,0.62,0.54,2026-05-20,1535,N20,VIIRS,n,2.0NRT,295.88,25.81,D
-11.70327,-44.15645,347.37,0.78,0.78,2026-05-20,1535,N20,VIIRS,n,2.0NRT,295.61,10.34,D
-11.36498,-40.05893,328.94,0.4,0.6,2026-05-20,1535,N20,VIIRS,n,2.0NRT,296.24,5.53,D
-11.36439,-40.05614,341.61,0.4,0.6,2026-05-20,1535,N20,VIIRS,n,2.0NRT,296.24,6.27,D
-10.42904,-37.97892,338.56,0.56,0.52,2026-05-20,1535,N20,VIIRS,n,2.0NRT,298.29,5.54,D
-10.42837,-37.9738,329.83,0.56,0.52,2026-05-20,1535,N20,VIIRS,n,2.0NRT,296.78,5.54,D
-10.65584,-42.30834,343.08,0.56,0.69,2026-05-20,1537,N20,VIIRS,n,2.0NRT,302.93,56.96,D
-10.65522,-42.30319,348.36,0.56,0.69,2026-05-20,1537,N20,VIIRS,n,2.0NRT,308.5,56.96,D
-10.65461,-42.29806,352.52,0.56,0.69,2026-05-20,1537,N20,VIIRS,n,2.0NRT,308.78,151.61,D
-10.6495,-42.3091,341.19,0.56,0.69,2026-05-20,1537,N20,VIIRS,n,2.0NRT,303.87,56.96,D
-10.64889,-42.30395,337.86,0.56,0.69,2026-05-20,1537,N20,VIIRS,n,2.0NRT,311.82,56.96,D
-10.64766,-42.29368,367.0,0.56,0.69,2026-05-20,1537,N20,VIIRS,h,2.0NRT,302.58,151.61,D
-10.64256,-42.30472,367.0,0.56,0.69,2026-05-20,1537,N20,VIIRS,h,2.0NRT,303.33,28.8,D
-10.64194,-42.29959,351.62,0.56,0.69,2026-05-20,1537,N20,VIIRS,n,2.0NRT,306.36,27.26,D
-10.64133,-42.29445,348.48,0.56,0.69,2026-05-20,1537,N20,VIIRS,n,2.0NRT,303.72,27.26,D
-10.48835,-42.49875,367.0,0.58,0.7,2026-05-20,1537,N20,VIIRS,h,2.0NRT,302.94,16.27,D
-10.48774,-42.49345,347.92,0.58,0.7,2026-05-20,1537,N20,VIIRS,n,2.0NRT,301.12,15.5,D
-10.487,-42.50102,334.31,0.58,0.7,2026-05-20,1537,N20,VIIRS,n,2.0NRT,301.39,10.94,D
-10.48636,-42.49573,367.0,0.58,0.7,2026-05-20,1537,N20,VIIRS,h,2.0NRT,302.57,10.94,D
-9.78794,-42.03368,337.47,0.53,0.67,2026-05-20,1537,N20,VIIRS,n,2.0NRT,296.93,5.36,D
-9.78707,-42.03123,338.0,0.53,0.67,2026-05-20,1537,N20,VIIRS,n,2.0NRT,296.99,2.91,D
-9.76226,-41.87812,336.3,0.51,0.66,2026-05-20,1537,N20,VIIRS,n,2.0NRT,298.28,5.84,D
-9.61388,-36.75041,336.88,0.45,0.47,2026-05-20,1537,N20,VIIRS,n,2.0NRT,293.04,4.15,D
-9.61331,-36.74624,331.16,0.45,0.47,2026-05-20,1537,N20,VIIRS,n,2.0NRT,296.2,4.15,D
-9.34443,-43.0959,367.0,0.62,0.71,2026-05-20,1537,N20,VIIRS,h,2.0NRT,296.81,13.05,D
-9.27896,-40.46181,332.27,0.4,0.6,2026-05-20,1537,N20,VIIRS,n,2.0NRT,300.48,3.41,D
-9.22796,-40.63622,342.4,0.41,0.61,2026-05-20,1537,N20,VIIRS,n,2.0NRT,303.88,5.56,D
-8.83071,-37.051,344.5,0.46,0.47,2026-05-20,1537,N20,VIIRS,n,2.0NRT,301.7,7.31,D
-8.82971,-37.05393,338.37,0.46,0.47,2026-05-20,1537,N20,VIIRS,n,2.0NRT,297.69,9.35,D
-8.80764,-38.9895,330.9,0.63,0.54,2026-05-20,1537,N20,VIIRS,n,2.0NRT,299.99,5.5,D
-8.67602,-39.7406,342.65,0.35,0.57,2026-05-20,1537,N20,VIIRS,n,2.0NRT,303.96,3.08,D
-8.67561,-39.73743,337.92,0.35,0.57,2026-05-20,1537,N20,VIIRS,n,2.0NRT,302.67,3.08,D
-8.62335,-36.06718,343.13,0.4,0.44,2026-05-20,1537,N20,VIIRS,n,2.0NRT,296.58,4.21,D
-8.58815,-36.71815,335.04,0.44,0.46,2026-05-20,1537,N20,VIIRS,n,2.0NRT,295.49,3.89,D
-8.46736,-36.68602,331.69,0.43,0.46,2026-05-20,1537,N20,VIIRS,n,2.0NRT,297.68,5.86,D
-8.4672,-36.68566,338.55,0.43,0.46,2026-05-20,1537,N20,VIIRS,n,2.0NRT,298.64,6.36,D
-8.0208,-35.07109,329.61,0.51,0.41,2026-05-20,1537,N20,VIIRS,n,2.0NRT,299.22,3.15,D
-7.96232,-40.0046,347.38,0.36,0.57,2026-05-20,1537,N20,VIIRS,n,2.0NRT,301.6,4.73,D
-7.91143,-36.08296,339.12,0.39,0.44,2026-05-20,1537,N20,VIIRS,n,2.0NRT,298.79,2.48,D
-7.83167,-42.05954,207.93,0.5,0.66,2026-05-20,1537,N20,VIIRS,l,2.0NRT,310.89,103.35,D
-7.83108,-42.05498,367.0,0.5,0.66,2026-05-20,1537,N20,VIIRS,h,2.0NRT,304.16,90.49,D
-7.82623,-42.06482,337.48,0.5,0.66,2026-05-20,1537,N20,VIIRS,n,2.0NRT,298.78,103.35,D
-7.82507,-42.05576,367.0,0.5,0.66,2026-05-20,1537,N20,VIIRS,h,2.0NRT,301.5,90.49,D
-7.81964,-42.06109,340.85,0.5,0.66,2026-05-20,1537,N20,VIIRS,n,2.0NRT,296.6,5.21,D
-7.6548,-39.40918,367.0,0.32,0.55,2026-05-20,1537,N20,VIIRS,h,2.0NRT,300.83,4.16,D
-7.65462,-39.40982,356.04,0.32,0.55,2026-05-20,1537,N20,VIIRS,n,2.0NRT,302.97,8.9,D
-7.65422,-39.40683,334.06,0.32,0.55,2026-05-20,1537,N20,VIIRS,n,2.0NRT,299.85,7.33,D
-7.64978,-39.4099,367.0,0.32,0.55,2026-05-20,1537,N20,VIIRS,h,2.0NRT,302.42,5.1,D
-7.46471,-37.98822,339.73,0.51,0.5,2026-05-20,1537,N20,VIIRS,n,2.0NRT,300.53,5.29,D
-7.46409,-37.99172,330.47,0.51,0.5,2026-05-20,1537,N20,VIIRS,l,2.0NRT,302.1,5.03,D
-7.06763,-43.42872,337.08,0.6,0.71,2026-05-20,1537,N20,VIIRS,n,2.0NRT,297.75,5.02,D
-6.75337,-45.01414,327.51,0.77,0.77,2026-05-20,1537,N20,VIIRS,n,2.0NRT,294.68,11.68,D
-6.60355,-35.29012,332.6,0.51,0.41,2026-05-20,1537,N20,VIIRS,n,2.0NRT,301.65,4.06,D
-6.17771,-44.91134,339.6,0.74,0.76,2026-05-20,1537,N20,VIIRS,n,2.0NRT,292.56,8.05,D
-6.17252,-44.91294,326.51,0.74,0.76,2026-05-20,1537,N20,VIIRS,n,2.0NRT,291.67,4.25,D
-5.95168,-43.4921,343.77,0.59,0.7,2026-05-20,1537,N20,VIIRS,n,2.0NRT,297.11,9.95,D
-5.95098,-43.48674,345.57,0.59,0.7,2026-05-20,1537,N20,VIIRS,n,2.0NRT,295.5,9.95,D
-5.95001,-43.48909,367.0,0.59,0.7,2026-05-20,1537,N20,VIIRS,h,2.0NRT,295.63,10.53,D
-5.75436,-43.40537,329.99,0.58,0.69,2026-05-20,1537,N20,VIIRS,n,2.0NRT,292.48,3.6,D
-5.75186,-43.40294,328.86,0.58,0.69,2026-05-20,1537,N20,VIIRS,n,2.0NRT,290.54,3.54,D
-4.93678,-37.43479,340.22,0.43,0.46,2026-05-20,1537,N20,VIIRS,n,2.0NRT,299.88,5.36,D
-4.93622,-37.4309,331.24,0.43,0.46,2026-05-20,1537,N20,VIIRS,n,2.0NRT,297.81,5.36,D
-4.84617,-42.9241,327.54,0.52,0.67,2026-05-20,1537,N20,VIIRS,n,2.0NRT,290.58,2.72,D
-3.96657,-43.12344,356.2,0.52,0.67,2026-05-20,1537,N20,VIIRS,l,2.0NRT,289.45,6.67,D
-3.9659,-43.11878,326.62,0.52,0.67,2026-05-20,1537,N20,VIIRS,n,2.0NRT,287.92,6.67,D
-3.59576,-38.85749,329.62,0.52,0.5,2026-05-20,1537,N20,VIIRS,n,2.0NRT,293.05,4.99,D
-3.59551,-38.86048,331.48,0.52,0.5,2026-05-20,1537,N20,VIIRS,n,2.0NRT,294.76,2.91,D
-3.59096,-38.86115,348.76,0.52,0.5,2026-05-20,1537,N20,VIIRS,n,2.0NRT,297.11,13.19,D
-3.52162,-42.66421,334.83,0.47,0.64,2026-05-20,1537,N20,VIIRS,n,2.0NRT,291.47,4.21,D
-3.52014,-42.66548,330.2,0.47,0.64,2026-05-20,1537,N20,VIIRS,n,2.0NRT,290.92,4.03,D
-34.07612,-60.17333,342.48,0.34,0.56,2026-05-20,1711,N20,VIIRS,n,2.0NRT,290.31,3.13,D
-33.98048,-60.09209,325.01,0.33,0.56,2026-05-20,1711,N20,VIIRS,n,2.0NRT,290.21,1.63,D
-33.77219,-59.71334,333.31,0.63,0.54,2026-05-20,1711,N20,VIIRS,n,2.0NRT,289.64,6.65,D
-33.61568,-59.44589,350.17,0.61,0.53,2026-05-20,1711,N20,VIIRS,n,2.0NRT,293.95,29.84,D
-33.45237,-59.09253,340.53,0.58,0.52,2026-05-20,1711,N20,VIIRS,n,2.0NRT,291.96,9.17,D
-33.44954,-59.09385,338.53,0.58,0.52,2026-05-20,1711,N20,VIIRS,n,2.0NRT,289.98,8.37,D
-33.377,-60.14593,337.81,0.33,0.55,2026-05-20,1711,N20,VIIRS,n,2.0NRT,291.66,4.47,D
-33.36775,-60.16154,330.98,0.33,0.56,2026-05-20,1711,N20,VIIRS,n,2.0NRT,292.29,2.1,D
-33.36072,-59.60218,326.88,0.62,0.54,2026-05-20,1711,N20,VIIRS,n,2.0NRT,292.8,6.57,D
-33.3606,-59.6019,327.33,0.62,0.54,2026-05-20,1711,N20,VIIRS,n,2.0NRT,292.6,2.66,D
-33.35572,-59.60272,338.73,0.62,0.54,2026-05-20,1711,N20,VIIRS,n,2.0NRT,293.57,6.57,D
-33.3556,-59.60242,341.3,0.62,0.54,2026-05-20,1711,N20,VIIRS,n,2.0NRT,293.5,6.53,D
-33.26892,-58.05263,335.85,0.5,0.49,2026-05-20,1711,N20,VIIRS,n,2.0NRT,291.2,1.82,D
-33.2558,-60.28696,326.76,0.34,0.56,2026-05-20,1711,N20,VIIRS,n,2.0NRT,291.0,3.49,D
-33.03478,-58.22616,326.9,0.51,0.49,2026-05-20,1711,N20,VIIRS,n,2.0NRT,287.67,25.62,D
-33.03474,-58.22925,333.06,0.51,0.49,2026-05-20,1711,N20,VIIRS,n,2.0NRT,290.29,6.46,D
-33.0307,-58.23227,325.18,0.51,0.49,2026-05-20,1711,N20,VIIRS,l,2.0NRT,297.48,35.09,D
-33.03019,-58.22675,337.77,0.51,0.49,2026-05-20,1711,N20,VIIRS,n,2.0NRT,297.97,25.62,D
-32.94777,-59.53616,325.52,0.61,0.53,2026-05-20,1711,N20,VIIRS,n,2.0NRT,292.98,3.97,D
-32.93258,-60.49083,346.04,0.34,0.56,2026-05-20,1711,N20,VIIRS,n,2.0NRT,289.45,3.47,D
-32.88391,-57.43221,327.81,0.46,0.47,2026-05-20,1711,N20,VIIRS,n,2.0NRT,290.64,15.5,D
-32.88344,-57.42723,340.45,0.46,0.47,2026-05-20,1711,N20,VIIRS,n,2.0NRT,293.59,15.5,D
-32.85707,-53.66851,331.83,0.45,0.39,2026-05-20,1711,N20,VIIRS,n,2.0NRT,287.5,3.65,D
-32.67619,-58.24847,332.17,0.51,0.49,2026-05-20,1711,N20,VIIRS,n,2.0NRT,293.31,19.41,D
-32.67569,-58.24304,340.37,0.51,0.49,2026-05-20,1711,N20,VIIRS,n,2.0NRT,296.38,19.41,D
-32.38888,-54.29086,338.7,0.47,0.4,2026-05-20,1711,N20,VIIRS,n,2.0NRT,290.33,8.29,D
-32.30606,-58.97858,340.82,0.55,0.51,2026-05-20,1711,N20,VIIRS,n,2.0NRT,288.48,3.88,D
-32.12399,-58.48671,337.43,0.52,0.5,2026-05-20,1711,N20,VIIRS,n,2.0NRT,290.02,3.88,D
-32.12057,-58.48904,330.86,0.52,0.5,2026-05-20,1711,N20,VIIRS,n,2.0NRT,290.46,3.57,D
-31.88799,-58.99829,338.99,0.55,0.51,2026-05-20,1711,N20,VIIRS,n,2.0NRT,293.23,4.81,D
-31.88711,-53.42383,329.24,0.43,0.38,2026-05-20,1711,N20,VIIRS,n,2.0NRT,289.44,1.88,D
-31.8525,-51.75937,336.42,0.39,0.36,2026-05-20,1711,N20,VIIRS,n,2.0NRT,289.0,7.66,D
-31.80102,-53.78301,332.78,0.44,0.39,2026-05-20,1711,N20,VIIRS,n,2.0NRT,291.98,3.29,D
-31.70652,-58.67986,328.85,0.52,0.5,2026-05-20,1711,N20,VIIRS,n,2.0NRT,291.84,3.3,D
-31.6629,-59.12843,325.7,0.56,0.51,2026-05-20,1711,N20,VIIRS,n,2.0NRT,289.7,0.12,D
-31.43843,-58.13638,334.44,0.48,0.48,2026-05-20,1711,N20,VIIRS,n,2.0NRT,291.83,3.52,D
-31.43576,-58.13326,339.8,0.48,0.48,2026-05-20,1711,N20,VIIRS,n,2.0NRT,291.78,4.98,D
-31.37062,-52.60003,335.17,0.41,0.37,2026-05-20,1711,N20,VIIRS,n,2.0NRT,294.48,9.66,D
-31.2219,-58.43093,335.63,0.5,0.49,2026-05-20,1711,N20,VIIRS,n,2.0NRT,292.85,4.78,D
-31.10615,-52.15554,328.41,0.4,0.37,2026-05-20,1711,N20,VIIRS,n,2.0NRT,294.38,2.45,D
-31.10117,-53.16266,337.34,0.42,0.38,2026-05-20,1711,N20,VIIRS,n,2.0NRT,292.78,5.92,D
-31.07123,-55.75711,327.39,0.53,0.42,2026-05-20,1711,N20,VIIRS,n,2.0NRT,292.25,16.36,D
-30.99522,-60.14224,325.09,0.63,0.54,2026-05-20,1711,N20,VIIRS,n,2.0NRT,292.04,2.23,D
-30.9757,-61.78169,351.95,0.39,0.6,2026-05-20,1711,N20,VIIRS,n,2.0NRT,294.97,5.51,D
-30.94574,-51.9601,330.22,0.39,0.36,2026-05-20,1711,N20,VIIRS,n,2.0NRT,292.06,3.77,D
-30.82962,-63.52147,342.73,0.5,0.66,2026-05-20,1711,N20,VIIRS,n,2.0NRT,294.39,4.27,D
-30.81006,-60.22928,336.82,0.63,0.54,2026-05-20,1711,N20,VIIRS,n,2.0NRT,295.53,6.78,D
-30.80953,-60.2226,330.89,0.63,0.54,2026-05-20,1711,N20,VIIRS,n,2.0NRT,293.99,6.21,D
-30.79045,-60.22527,339.65,0.63,0.54,2026-05-20,1711,N20,VIIRS,n,2.0NRT,296.38,13.58,D
-30.78937,-60.22479,340.09,0.63,0.54,2026-05-20,1711,N20,VIIRS,n,2.0NRT,296.09,16.13,D
-30.78541,-60.22581,333.86,0.63,0.54,2026-05-20,1711,N20,VIIRS,n,2.0NRT,297.71,13.58,D
-30.78484,-60.21915,342.16,0.63,0.54,2026-05-20,1711,N20,VIIRS,n,2.0NRT,293.19,21.37,D
-30.7838,-60.21866,342.19,0.63,0.54,2026-05-20,1711,N20,VIIRS,n,2.0NRT,293.02,33.18,D
-30.78037,-60.22635,331.97,0.63,0.54,2026-05-20,1711,N20,VIIRS,n,2.0NRT,297.54,19.39,D
-30.7798,-60.21968,338.83,0.63,0.54,2026-05-20,1711,N20,VIIRS,n,2.0NRT,291.41,16.04,D
-30.77929,-60.22589,339.96,0.63,0.54,2026-05-20,1711,N20,VIIRS,n,2.0NRT,294.6,33.18,D
-30.70836,-51.76886,330.21,0.39,0.36,2026-05-20,1711,N20,VIIRS,n,2.0NRT,292.37,3.44,D
-30.70156,-60.19468,348.97,0.63,0.54,2026-05-20,1711,N20,VIIRS,n,2.0NRT,297.84,21.23,D
-30.69299,-60.08952,329.02,0.62,0.54,2026-05-20,1711,N20,VIIRS,n,2.0NRT,292.11,6.51,D
-30.68436,-60.1699,339.03,0.63,0.54,2026-05-20,1711,N20,VIIRS,n,2.0NRT,294.42,6.13,D
-30.67959,-60.17034,336.05,0.63,0.54,2026-05-20,1711,N20,VIIRS,n,2.0NRT,294.38,4.5,D
-30.67934,-60.17044,327.63,0.63,0.54,2026-05-20,1711,N20,VIIRS,n,2.0NRT,293.75,6.13,D
-30.66845,-51.73052,334.81,0.39,0.36,2026-05-20,1711,N20,VIIRS,n,2.0NRT,290.52,5.54,D
-30.66667,-51.73103,339.16,0.39,0.36,2026-05-20,1711,N20,VIIRS,n,2.0NRT,292.72,6.75,D
-30.63447,-51.74564,329.51,0.39,0.36,2026-05-20,1711,N20,VIIRS,n,2.0NRT,288.97,2.57,D
-30.63107,-58.93732,347.88,0.53,0.5,2026-05-20,1711,N20,VIIRS,n,2.0NRT,293.62,7.94,D
-30.63055,-58.93178,336.74,0.53,0.5,2026-05-20,1711,N20,VIIRS,n,2.0NRT,293.66,7.94,D
-30.6259,-58.93235,353.43,0.53,0.5,2026-05-20,1711,N20,VIIRS,n,2.0NRT,296.26,13.97,D
-30.62125,-58.93293,336.76,0.53,0.5,2026-05-20,1711,N20,VIIRS,n,2.0NRT,293.88,13.97,D
-30.61852,-52.73716,329.86,0.4,0.37,2026-05-20,1711,N20,VIIRS,n,2.0NRT,291.01,13.35,D
-30.49365,-54.39398,340.87,0.46,0.39,2026-05-20,1711,N20,VIIRS,n,2.0NRT,292.04,4.36,D
-30.49314,-54.39722,330.32,0.46,0.39,2026-05-20,1711,N20,VIIRS,n,2.0NRT,293.54,4.85,D
-30.45757,-56.66855,325.81,0.39,0.44,2026-05-20,1711,N20,VIIRS,n,2.0NRT,292.31,1.45,D
-30.42731,-51.71791,336.1,0.39,0.36,2026-05-20,1711,N20,VIIRS,n,2.0NRT,290.84,3.39,D
-30.42681,-52.06902,329.88,0.39,0.36,2026-05-20,1711,N20,VIIRS,n,2.0NRT,289.2,1.8,D
-30.41806,-57.55249,347.58,0.44,0.46,2026-05-20,1711,N20,VIIRS,n,2.0NRT,293.84,8.12,D
-30.41659,-57.55045,338.41,0.44,0.46,2026-05-20,1711,N20,VIIRS,n,2.0NRT,292.38,5.52,D
-30.41454,-57.85548,325.67,0.45,0.47,2026-05-20,1711,N20,VIIRS,n,2.0NRT,292.16,1.84,D
-30.39333,-57.81974,338.41,0.45,0.47,2026-05-20,1711,N20,VIIRS,n,2.0NRT,292.44,3.9,D
-30.389,-57.82032,338.41,0.45,0.47,2026-05-20,1711,N20,VIIRS,n,2.0NRT,292.0,3.9,D
-30.38514,-57.82563,334.75,0.45,0.47,2026-05-20,1711,N20,VIIRS,n,2.0NRT,290.93,3.83,D
-30.2743,-57.96017,330.45,0.46,0.47,2026-05-20,1711,N20,VIIRS,n,2.0NRT,291.23,3.53,D
-30.24411,-53.5163,333.97,0.42,0.38,2026-05-20,1711,N20,VIIRS,n,2.0NRT,293.56,4.84,D
-30.16182,-62.17865,354.56,0.41,0.6,2026-05-20,1711,N20,VIIRS,n,2.0NRT,291.73,5.97,D
-30.16152,-62.17435,356.16,0.41,0.6,2026-05-20,1711,N20,VIIRS,l,2.0NRT,289.98,5.97,D
-30.1366,-59.89212,328.05,0.59,0.53,2026-05-20,1711,N20,VIIRS,n,2.0NRT,291.93,3.09,D
-30.07073,-62.45782,340.18,0.42,0.61,2026-05-20,1711,N20,VIIRS,n,2.0NRT,291.73,6.32,D
-30.07043,-62.45337,354.01,0.42,0.61,2026-05-20,1711,N20,VIIRS,n,2.0NRT,289.63,6.32,D
-30.06502,-62.45832,328.52,0.42,0.61,2026-05-20,1711,N20,VIIRS,n,2.0NRT,291.09,4.04,D
-30.05327,-53.16684,339.59,0.41,0.37,2026-05-20,1711,N20,VIIRS,n,2.0NRT,291.54,3.52,D
-29.997,-57.69561,325.05,0.44,0.46,2026-05-20,1711,N20,VIIRS,n,2.0NRT,292.09,2.32,D
-29.988,-60.93061,325.06,0.34,0.56,2026-05-20,1711,N20,VIIRS,n,2.0NRT,289.97,2.4,D
-29.98757,-60.9308,330.84,0.34,0.56,2026-05-20,1711,N20,VIIRS,n,2.0NRT,289.64,4.84,D
-29.95848,-57.53527,354.46,0.43,0.46,2026-05-20,1711,N20,VIIRS,n,2.0NRT,301.32,7.89,D
-29.95424,-57.53585,328.21,0.43,0.46,2026-05-20,1711,N20,VIIRS,n,2.0NRT,293.82,1.67,D
-29.87743,-61.07214,329.06,0.35,0.57,2026-05-20,1711,N20,VIIRS,n,2.0NRT,292.29,2.4,D
-29.87302,-61.01789,367.0,0.34,0.56,2026-05-20,1711,N20,VIIRS,h,2.0NRT,293.45,5.48,D
-29.84968,-57.76484,339.15,0.44,0.46,2026-05-20,1711,N20,VIIRS,n,2.0NRT,293.14,5.23,D
-29.81735,-51.17647,326.14,0.38,0.36,2026-05-20,1711,N20,VIIRS,n,2.0NRT,293.08,1.43,D
-29.69983,-60.89577,327.58,0.34,0.56,2026-05-20,1711,N20,VIIRS,n,2.0NRT,291.41,1.25,D
-29.62162,-56.03753,344.99,0.53,0.42,2026-05-20,1711,N20,VIIRS,n,2.0NRT,295.45,7.04,D
-29.6209,-56.04005,326.61,0.53,0.42,2026-05-20,1711,N20,VIIRS,n,2.0NRT,296.1,11.12,D
-29.62025,-56.03456,331.62,0.53,0.42,2026-05-20,1711,N20,VIIRS,n,2.0NRT,297.74,18.16,D
-29.61775,-56.0381,343.82,0.53,0.42,2026-05-20,1711,N20,VIIRS,n,2.0NRT,299.08,21.05,D
-29.61095,-52.79485,326.98,0.4,0.37,2026-05-20,1711,N20,VIIRS,n,2.0NRT,292.54,1.5,D
-29.54908,-57.66665,346.97,0.43,0.46,2026-05-20,1711,N20,VIIRS,n,2.0NRT,293.89,7.13,D
-29.48436,-57.89984,337.3,0.44,0.46,2026-05-20,1711,N20,VIIRS,n,2.0NRT,294.03,5.35,D
-29.43904,-57.11202,352.66,0.4,0.44,2026-05-20,1711,N20,VIIRS,n,2.0NRT,294.07,7.36,D
-29.43779,-57.06167,328.16,0.4,0.44,2026-05-20,1711,N20,VIIRS,n,2.0NRT,292.82,2.62,D
-29.43493,-57.1126,340.18,0.4,0.44,2026-05-20,1711,N20,VIIRS,n,2.0NRT,293.87,7.36,D
-29.43449,-57.10844,337.83,0.4,0.44,2026-05-20,1711,N20,VIIRS,n,2.0NRT,290.5,6.03,D
-29.388,-57.24166,341.76,0.41,0.45,2026-05-20,1711,N20,VIIRS,n,2.0NRT,295.03,8.54,D
-29.37242,-57.17557,336.64,0.4,0.44,2026-05-20,1711,N20,VIIRS,n,2.0NRT,293.81,3.63,D
-29.37196,-57.17139,328.81,0.4,0.44,2026-05-20,1711,N20,VIIRS,n,2.0NRT,291.01,3.63,D
-29.19699,-52.04467,325.44,0.39,0.36,2026-05-20,1711,N20,VIIRS,n,2.0NRT,287.11,0.99,D
-29.07561,-49.69895,344.9,0.4,0.37,2026-05-20,1711,N20,VIIRS,n,2.0NRT,296.13,4.64,D
-28.9118,-49.51651,331.76,0.4,0.37,2026-05-20,1711,N20,VIIRS,n,2.0NRT,295.07,2.26,D
-28.88456,-52.86361,337.55,0.4,0.37,2026-05-20,1711,N20,VIIRS,n,2.0NRT,296.49,6.38,D
-28.88426,-49.52146,328.12,0.4,0.37,2026-05-20,1711,N20,VIIRS,l,2.0NRT,298.4,22.7,D
-28.88357,-49.51733,331.73,0.4,0.37,2026-05-20,1711,N20,VIIRS,l,2.0NRT,305.4,22.7,D
-28.86036,-49.84074,337.08,0.4,0.37,2026-05-20,1711,N20,VIIRS,n,2.0NRT,294.16,4.32,D
-28.7467,-49.60167,328.33,0.4,0.37,2026-05-20,1711,N20,VIIRS,n,2.0NRT,294.42,2.58,D
-28.69905,-49.17165,340.27,0.41,0.37,2026-05-20,1711,N20,VIIRS,n,2.0NRT,295.3,4.98,D
-28.69834,-49.16744,330.18,0.41,0.37,2026-05-20,1711,N20,VIIRS,n,2.0NRT,294.94,4.98,D
-28.69739,-50.31296,326.75,0.39,0.36,2026-05-20,1711,N20,VIIRS,n,2.0NRT,289.21,3.97,D
-28.69406,-50.31364,339.29,0.39,0.36,2026-05-20,1711,N20,VIIRS,n,2.0NRT,294.72,3.97,D
-28.64168,-49.92591,327.67,0.4,0.37,2026-05-20,1711,N20,VIIRS,n,2.0NRT,288.23,2.32,D
-28.48728,-50.17801,339.0,0.39,0.36,2026-05-20,1711,N20,VIIRS,l,2.0NRT,310.2,32.73,D
-28.45503,-49.79198,326.15,0.4,0.37,2026-05-20,1711,N20,VIIRS,n,2.0NRT,288.03,1.31,D
-29.68037,-61.38368,334.28,0.36,0.57,2026-05-20,1713,N20,VIIRS,n,2.0NRT,291.01,4.24,D
-29.64223,-61.66639,350.09,0.38,0.58,2026-05-20,1713,N20,VIIRS,n,2.0NRT,292.74,4.16,D
-29.63766,-61.38792,336.41,0.36,0.57,2026-05-20,1713,N20,VIIRS,n,2.0NRT,290.52,2.47,D
-29.29717,-58.78054,347.84,0.5,0.49,2026-05-20,1713,N20,VIIRS,n,2.0NRT,298.37,13.12,D
-29.29265,-58.78111,367.0,0.5,0.49,2026-05-20,1713,N20,VIIRS,h,2.0NRT,295.69,13.12,D
-29.23784,-57.43082,338.86,0.42,0.45,2026-05-20,1713,N20,VIIRS,n,2.0NRT,293.19,6.75,D
-29.23723,-57.43404,347.69,0.42,0.45,2026-05-20,1713,N20,VIIRS,n,2.0NRT,294.24,9.46,D
-29.23551,-56.76056,335.83,0.57,0.43,2026-05-20,1713,N20,VIIRS,n,2.0NRT,293.19,3.99,D
-29.23412,-57.4357,355.47,0.42,0.45,2026-05-20,1713,N20,VIIRS,n,2.0NRT,297.57,11.31,D
-29.23367,-57.43141,367.0,0.42,0.45,2026-05-20,1713,N20,VIIRS,h,2.0NRT,294.72,11.31,D
-29.23353,-57.43891,335.35,0.42,0.45,2026-05-20,1713,N20,VIIRS,n,2.0NRT,294.19,7.63,D
-29.23306,-57.43462,367.0,0.42,0.45,2026-05-20,1713,N20,VIIRS,h,2.0NRT,296.38,9.46,D
-29.23258,-57.43034,341.06,0.42,0.45,2026-05-20,1713,N20,VIIRS,n,2.0NRT,293.71,9.46,D
-29.2315,-56.76114,331.63,0.57,0.43,2026-05-20,1713,N20,VIIRS,n,2.0NRT,292.36,3.99,D
-29.22994,-57.43629,349.54,0.42,0.45,2026-05-20,1713,N20,VIIRS,n,2.0NRT,296.48,11.31,D
-29.22888,-57.4352,348.0,0.42,0.45,2026-05-20,1713,N20,VIIRS,n,2.0NRT,294.26,5.58,D
-29.2001,-57.40433,340.33,0.41,0.45,2026-05-20,1713,N20,VIIRS,n,2.0NRT,292.77,7.33,D
-29.18092,-58.77592,327.67,0.5,0.49,2026-05-20,1713,N20,VIIRS,n,2.0NRT,293.34,2.19,D
-29.17672,-58.27801,329.15,0.46,0.47,2026-05-20,1713,N20,VIIRS,n,2.0NRT,294.16,3.22,D
-29.17623,-58.27319,325.4,0.46,0.47,2026-05-20,1713,N20,VIIRS,n,2.0NRT,292.37,3.22,D
-29.16661,-57.52719,350.7,0.42,0.45,2026-05-20,1713,N20,VIIRS,n,2.0NRT,296.9,17.12,D
-29.16242,-57.52776,347.31,0.42,0.45,2026-05-20,1713,N20,VIIRS,n,2.0NRT,300.13,32.71,D
-29.14029,-60.64876,339.52,0.32,0.55,2026-05-20,1713,N20,VIIRS,n,2.0NRT,292.28,4.43,D
-29.10427,-57.70757,344.55,0.43,0.46,2026-05-20,1713,N20,VIIRS,n,2.0NRT,295.42,5.39,D
-29.1038,-57.70314,338.4,0.43,0.46,2026-05-20,1713,N20,VIIRS,n,2.0NRT,293.77,5.39,D
-29.07396,-56.56641,329.47,0.56,0.43,2026-05-20,1713,N20,VIIRS,n,2.0NRT,292.73,2.54,D
-29.07128,-59.32105,335.28,0.53,0.5,2026-05-20,1713,N20,VIIRS,n,2.0NRT,291.66,5.49,D
-29.05942,-58.57346,325.07,0.48,0.48,2026-05-20,1713,N20,VIIRS,n,2.0NRT,293.19,3.42,D
-29.05027,-58.04413,333.31,0.45,0.47,2026-05-20,1713,N20,VIIRS,n,2.0NRT,293.86,2.95,D
-28.96756,-57.58682,338.94,0.42,0.45,2026-05-20,1713,N20,VIIRS,n,2.0NRT,293.35,5.01,D
-28.96382,-57.59174,332.58,0.42,0.45,2026-05-20,1713,N20,VIIRS,n,2.0NRT,297.23,33.84,D
-28.96337,-57.58739,339.49,0.42,0.45,2026-05-20,1713,N20,VIIRS,n,2.0NRT,303.33,33.84,D
-28.96008,-57.59667,341.59,0.42,0.45,2026-05-20,1713,N20,VIIRS,n,2.0NRT,299.1,22.89,D
-28.95588,-57.59724,345.77,0.42,0.45,2026-05-20,1713,N20,VIIRS,n,2.0NRT,303.46,46.31,D
-28.74946,-56.47414,325.84,0.55,0.42,2026-05-20,1713,N20,VIIRS,n,2.0NRT,293.46,2.72,D
-28.74904,-57.62359,339.68,0.42,0.45,2026-05-20,1713,N20,VIIRS,n,2.0NRT,293.48,4.13,D
-28.6375,-57.08699,337.34,0.39,0.44,2026-05-20,1713,N20,VIIRS,n,2.0NRT,293.03,2.37,D
-28.62185,-56.26524,328.37,0.53,0.42,2026-05-20,1713,N20,VIIRS,n,2.0NRT,290.63,2.24,D
-28.60476,-61.15873,328.85,0.34,0.56,2026-05-20,1713,N20,VIIRS,n,2.0NRT,289.73,2.03,D
-28.59955,-61.15927,325.4,0.34,0.56,2026-05-20,1713,N20,VIIRS,n,2.0NRT,289.8,2.03,D
-28.59435,-61.15982,354.93,0.34,0.56,2026-05-20,1713,N20,VIIRS,n,2.0NRT,293.41,8.73,D
-28.52223,-56.23207,348.41,0.53,0.42,2026-05-20,1713,N20,VIIRS,n,2.0NRT,294.19,6.36,D
-28.51837,-56.23265,330.37,0.53,0.42,2026-05-20,1713,N20,VIIRS,n,2.0NRT,291.38,6.36,D
-28.51773,-56.22725,330.2,0.53,0.42,2026-05-20,1713,N20,VIIRS,n,2.0NRT,291.87,6.36,D
-28.51119,-51.24589,334.84,0.38,0.36,2026-05-20,1713,N20,VIIRS,n,2.0NRT,292.5,11.77,D
-28.50788,-51.24654,345.43,0.38,0.36,2026-05-20,1713,N20,VIIRS,n,2.0NRT,294.9,11.77,D
-28.50727,-51.24262,342.52,0.38,0.36,2026-05-20,1713,N20,VIIRS,n,2.0NRT,295.28,11.61,D
-28.50678,-56.23439,335.54,0.53,0.42,2026-05-20,1713,N20,VIIRS,n,2.0NRT,291.98,7.14,D
-28.48966,-56.39264,338.73,0.54,0.42,2026-05-20,1713,N20,VIIRS,n,2.0NRT,296.58,26.46,D
-28.48187,-56.39381,332.65,0.54,0.42,2026-05-20,1713,N20,VIIRS,n,2.0NRT,293.96,9.49,D
-28.48116,-56.39019,334.32,0.54,0.42,2026-05-20,1713,N20,VIIRS,n,2.0NRT,291.95,3.74,D
-28.47727,-56.39077,332.18,0.54,0.42,2026-05-20,1713,N20,VIIRS,n,2.0NRT,291.75,3.74,D
-28.47408,-56.39498,333.58,0.54,0.42,2026-05-20,1713,N20,VIIRS,n,2.0NRT,295.17,15.32,D
-28.47338,-56.39135,329.59,0.54,0.42,2026-05-20,1713,N20,VIIRS,n,2.0NRT,292.6,10.68,D
-28.47019,-56.39557,334.52,0.54,0.42,2026-05-20,1713,N20,VIIRS,n,2.0NRT,294.52,9.02,D
-28.47015,-56.39744,332.04,0.54,0.42,2026-05-20,1713,N20,VIIRS,n,2.0NRT,295.93,18.29,D
-28.46629,-56.39615,331.24,0.54,0.42,2026-05-20,1713,N20,VIIRS,n,2.0NRT,292.39,9.02,D
-28.46342,-53.44825,339.31,0.41,0.37,2026-05-20,1713,N20,VIIRS,n,2.0NRT,298.52,5.25,D
-28.44158,-56.52593,335.72,0.55,0.42,2026-05-20,1713,N20,VIIRS,n,2.0NRT,291.69,7.14,D
-28.39446,-57.54633,336.16,0.41,0.45,2026-05-20,1713,N20,VIIRS,n,2.0NRT,294.63,3.52,D
-28.39295,-57.54558,335.53,0.41,0.45,2026-05-20,1713,N20,VIIRS,n,2.0NRT,294.68,4.76,D
-28.3888,-57.54616,341.52,0.41,0.45,2026-05-20,1713,N20,VIIRS,n,2.0NRT,295.88,4.76,D
-28.38832,-57.54193,337.23,0.41,0.45,2026-05-20,1713,N20,VIIRS,n,2.0NRT,291.01,4.32,D
-28.3857,-57.54326,343.17,0.41,0.45,2026-05-20,1713,N20,VIIRS,n,2.0NRT,294.16,8.24,D
-28.29946,-59.48389,331.3,0.53,0.5,2026-05-20,1713,N20,VIIRS,n,2.0NRT,290.35,3.42,D
-28.29488,-58.09988,341.53,0.44,0.46,2026-05-20,1713,N20,VIIRS,n,2.0NRT,294.0,12.94,D
-28.29058,-58.10042,348.74,0.44,0.46,2026-05-20,1713,N20,VIIRS,n,2.0NRT,295.11,12.94,D
-28.29011,-58.09588,336.0,0.44,0.46,2026-05-20,1713,N20,VIIRS,n,2.0NRT,293.11,9.88,D
-28.21039,-58.79704,335.25,0.49,0.48,2026-05-20,1713,N20,VIIRS,n,2.0NRT,293.32,6.39,D
-28.20954,-56.41197,332.21,0.53,0.42,2026-05-20,1713,N20,VIIRS,n,2.0NRT,292.64,4.94,D
-28.20911,-58.8091,337.34,0.49,0.48,2026-05-20,1713,N20,VIIRS,n,2.0NRT,292.73,4.63,D
-28.20688,-58.80759,344.04,0.49,0.48,2026-05-20,1713,N20,VIIRS,n,2.0NRT,293.34,5.34,D
-28.19986,-56.73329,326.69,0.56,0.43,2026-05-20,1713,N20,VIIRS,n,2.0NRT,293.66,4.23,D
-28.19909,-56.73692,336.62,0.56,0.43,2026-05-20,1713,N20,VIIRS,n,2.0NRT,294.34,5.59,D
-28.19845,-56.73123,325.99,0.56,0.43,2026-05-20,1713,N20,VIIRS,n,2.0NRT,292.73,2.78,D
-28.19658,-56.73956,330.22,0.56,0.43,2026-05-20,1713,N20,VIIRS,n,2.0NRT,292.58,4.23,D
-28.18442,-49.89876,343.13,0.4,0.37,2026-05-20,1713,N20,VIIRS,n,2.0NRT,287.81,5.84,D
-28.17331,-56.40627,338.14,0.53,0.42,2026-05-20,1713,N20,VIIRS,n,2.0NRT,291.76,6.23,D
-28.17006,-56.41232,327.24,0.53,0.42,2026-05-20,1713,N20,VIIRS,n,2.0NRT,292.16,2.86,D
-28.16618,-56.4129,326.08,0.53,0.42,2026-05-20,1713,N20,VIIRS,n,2.0NRT,291.08,3.33,D
-28.15741,-64.02552,367.0,0.51,0.66,2026-05-20,1713,N20,VIIRS,h,2.0NRT,291.62,13.18,D
-28.07155,-63.83078,327.3,0.49,0.65,2026-05-20,1713,N20,VIIRS,n,2.0NRT,293.84,2.46,D
-27.99685,-52.71087,330.1,0.39,0.36,2026-05-20,1713,N20,VIIRS,n,2.0NRT,294.68,1.61,D
-27.99566,-56.06298,327.46,0.51,0.41,2026-05-20,1713,N20,VIIRS,n,2.0NRT,295.91,3.27,D
-27.98806,-56.06418,328.65,0.51,0.41,2026-05-20,1713,N20,VIIRS,n,2.0NRT,294.48,4.17,D
-27.98362,-56.05957,330.23,0.51,0.41,2026-05-20,1713,N20,VIIRS,n,2.0NRT,292.63,4.46,D
-27.95675,-50.93842,327.76,0.39,0.36,2026-05-20,1713,N20,VIIRS,n,2.0NRT,286.34,3.23,D
-27.8819,-63.06207,352.29,0.44,0.62,2026-05-20,1713,N20,VIIRS,n,2.0NRT,293.99,7.11,D
-27.86542,-59.39683,339.24,0.52,0.5,2026-05-20,1713,N20,VIIRS,n,2.0NRT,291.68,6.44,D
-27.85309,-55.13846,345.03,0.46,0.39,2026-05-20,1713,N20,VIIRS,n,2.0NRT,294.0,5.28,D
-27.80121,-50.58025,325.1,0.39,0.36,2026-05-20,1713,N20,VIIRS,n,2.0NRT,295.83,5.37,D
-27.80057,-50.5763,332.17,0.39,0.36,2026-05-20,1713,N20,VIIRS,n,2.0NRT,293.37,5.37,D
-27.7809,-50.11457,325.44,0.4,0.37,2026-05-20,1713,N20,VIIRS,n,2.0NRT,290.26,1.98,D
-27.74571,-55.84446,338.1,0.5,0.41,2026-05-20,1713,N20,VIIRS,n,2.0NRT,295.1,8.99,D
-27.68836,-51.63381,331.08,0.38,0.36,2026-05-20,1713,N20,VIIRS,n,2.0NRT,292.95,2.45,D
-27.6694,-56.09795,340.1,0.51,0.41,2026-05-20,1713,N20,VIIRS,n,2.0NRT,295.2,14.19,D
-27.66632,-49.99525,333.67,0.4,0.37,2026-05-20,1713,N20,VIIRS,n,2.0NRT,300.66,10.25,D
-27.66624,-56.10371,328.43,0.51,0.41,2026-05-20,1713,N20,VIIRS,n,2.0NRT,291.95,7.17,D
-27.66561,-56.09853,338.13,0.51,0.41,2026-05-20,1713,N20,VIIRS,n,2.0NRT,290.42,14.19,D
-27.66435,-56.27966,329.85,0.52,0.41,2026-05-20,1713,N20,VIIRS,n,2.0NRT,292.04,6.97,D
-27.66294,-49.99594,334.8,0.4,0.37,2026-05-20,1713,N20,VIIRS,n,2.0NRT,295.85,10.25,D
-27.66245,-56.10428,338.94,0.51,0.41,2026-05-20,1713,N20,VIIRS,n,2.0NRT,296.87,27.02,D
-27.6345,-56.19324,338.38,0.51,0.41,2026-05-20,1713,N20,VIIRS,n,2.0NRT,298.98,16.05,D
-27.63402,-56.06128,335.54,0.51,0.41,2026-05-20,1713,N20,VIIRS,n,2.0NRT,292.96,5.68,D
-27.61073,-56.02806,328.52,0.5,0.41,2026-05-20,1713,N20,VIIRS,n,2.0NRT,291.03,3.78,D
-27.61028,-48.71776,328.98,0.44,0.38,2026-05-20,1713,N20,VIIRS,n,2.0NRT,292.83,3.42,D
-27.61008,-50.57335,336.71,0.39,0.36,2026-05-20,1713,N20,VIIRS,n,2.0NRT,294.79,3.01,D
-27.56547,-50.31951,336.11,0.4,0.37,2026-05-20,1713,N20,VIIRS,n,2.0NRT,291.77,3.65,D
-27.5493,-56.75232,331.18,0.55,0.42,2026-05-20,1713,N20,VIIRS,n,2.0NRT,293.15,3.7,D
-27.54929,-57.64728,350.7,0.41,0.45,2026-05-20,1713,N20,VIIRS,n,2.0NRT,297.28,5.52,D
-27.54916,-56.74809,329.08,0.55,0.42,2026-05-20,1713,N20,VIIRS,n,2.0NRT,291.1,7.28,D
-27.52195,-55.13647,349.17,0.46,0.39,2026-05-20,1713,N20,VIIRS,n,2.0NRT,294.41,5.18,D
-27.52079,-55.98264,328.18,0.5,0.41,2026-05-20,1713,N20,VIIRS,n,2.0NRT,292.12,3.49,D
-27.52054,-61.67252,342.45,0.36,0.57,2026-05-20,1713,N20,VIIRS,n,2.0NRT,297.93,3.39,D
-27.51517,-57.47602,328.63,0.4,0.44,2026-05-20,1713,N20,VIIRS,n,2.0NRT,293.06,2.56,D
-27.5147,-57.47197,334.11,0.4,0.44,2026-05-20,1713,N20,VIIRS,n,2.0NRT,293.15,2.93,D
-27.51424,-57.46791,333.75,0.4,0.44,2026-05-20,1713,N20,VIIRS,n,2.0NRT,293.42,2.93,D
-27.51061,-57.47254,326.43,0.4,0.44,2026-05-20,1713,N20,VIIRS,n,2.0NRT,292.79,2.13,D
-27.51015,-57.46848,332.0,0.4,0.44,2026-05-20,1713,N20,VIIRS,n,2.0NRT,292.59,2.13,D
-27.49108,-57.15321,338.57,0.38,0.43,2026-05-20,1713,N20,VIIRS,n,2.0NRT,292.23,10.97,D
-27.48989,-57.15195,336.09,0.57,0.43,2026-05-20,1713,N20,VIIRS,n,2.0NRT,291.25,5.37,D
-27.48158,-50.85042,329.28,0.39,0.36,2026-05-20,1713,N20,VIIRS,n,2.0NRT,290.76,5.85,D
-27.47867,-50.8754,341.77,0.39,0.36,2026-05-20,1713,N20,VIIRS,n,2.0NRT,297.15,10.8,D
-27.4765,-49.59206,329.75,0.41,0.37,2026-05-20,1713,N20,VIIRS,n,2.0NRT,295.46,3.53,D
-27.46979,-54.49161,330.49,0.43,0.38,2026-05-20,1713,N20,VIIRS,n,2.0NRT,292.89,3.07,D
-27.41853,-57.42822,344.46,0.4,0.44,2026-05-20,1713,N20,VIIRS,n,2.0NRT,290.8,5.08,D
-27.41267,-57.51816,335.93,0.4,0.44,2026-05-20,1713,N20,VIIRS,n,2.0NRT,295.92,7.9,D
-27.4122,-57.5141,330.35,0.4,0.44,2026-05-20,1713,N20,VIIRS,n,2.0NRT,290.66,7.9,D
-27.41127,-49.66605,330.44,0.41,0.37,2026-05-20,1713,N20,VIIRS,n,2.0NRT,296.7,6.17,D
-27.40904,-57.52279,343.5,0.4,0.44,2026-05-20,1713,N20,VIIRS,n,2.0NRT,297.49,13.96,D
-27.40857,-57.51873,367.0,0.4,0.44,2026-05-20,1713,N20,VIIRS,h,2.0NRT,294.7,8.69,D
-27.40811,-57.51467,337.56,0.4,0.44,2026-05-20,1713,N20,VIIRS,n,2.0NRT,291.16,8.69,D
-27.39969,-54.96765,328.56,0.45,0.39,2026-05-20,1713,N20,VIIRS,n,2.0NRT,292.26,2.67,D
-27.38771,-49.02726,326.39,0.43,0.38,2026-05-20,1713,N20,VIIRS,n,2.0NRT,294.51,2.5,D
-27.37125,-50.69799,332.53,0.39,0.36,2026-05-20,1713,N20,VIIRS,n,2.0NRT,293.0,3.05,D
-27.36728,-50.69473,331.24,0.39,0.36,2026-05-20,1713,N20,VIIRS,n,2.0NRT,296.72,3.05,D
-27.34282,-51.46066,334.23,0.38,0.36,2026-05-20,1713,N20,VIIRS,n,2.0NRT,295.49,2.41,D
-27.32948,-54.6536,330.72,0.44,0.38,2026-05-20,1713,N20,VIIRS,n,2.0NRT,292.27,2.57,D
-27.19199,-51.32174,336.9,0.39,0.36,2026-05-20,1713,N20,VIIRS,n,2.0NRT,289.9,4.69,D
-27.19143,-53.33802,329.69,0.4,0.37,2026-05-20,1713,N20,VIIRS,n,2.0NRT,296.96,3.14,D
-27.14805,-57.06919,332.85,0.56,0.43,2026-05-20,1713,N20,VIIRS,n,2.0NRT,293.2,3.65,D
-27.14479,-50.02503,330.8,0.4,0.37,2026-05-20,1713,N20,VIIRS,n,2.0NRT,295.55,2.59,D
-27.11629,-50.75679,325.09,0.39,0.36,2026-05-20,1713,N20,VIIRS,n,2.0NRT,294.23,1.77,D
-27.11333,-56.79703,329.46,0.54,0.42,2026-05-20,1713,N20,VIIRS,n,2.0NRT,292.99,7.48,D
-27.09649,-60.42696,338.12,0.59,0.53,2026-05-20,1713,N20,VIIRS,n,2.0NRT,298.82,12.47,D
-27.09595,-60.42094,338.34,0.59,0.53,2026-05-20,1713,N20,VIIRS,n,2.0NRT,293.56,12.64,D
-27.09393,-60.42793,333.82,0.59,0.53,2026-05-20,1713,N20,VIIRS,n,2.0NRT,297.12,6.8,D
-27.09335,-60.42195,338.02,0.59,0.53,2026-05-20,1713,N20,VIIRS,n,2.0NRT,293.13,6.8,D
-27.08026,-55.0005,325.6,0.45,0.39,2026-05-20,1713,N20,VIIRS,n,2.0NRT,292.95,2.5,D
-27.07649,-50.95903,340.56,0.39,0.36,2026-05-20,1713,N20,VIIRS,n,2.0NRT,295.6,4.44,D
-27.03487,-52.58899,330.36,0.39,0.36,2026-05-20,1713,N20,VIIRS,n,2.0NRT,294.87,2.29,D
-27.00548,-60.82428,338.99,0.63,0.54,2026-05-20,1713,N20,VIIRS,n,2.0NRT,295.24,8.74,D
-27.00532,-60.82044,339.91,0.62,0.54,2026-05-20,1713,N20,VIIRS,n,2.0NRT,295.66,6.23,D
-26.97798,-60.79795,330.04,0.62,0.54,2026-05-20,1713,N20,VIIRS,n,2.0NRT,294.91,2.84,D
-26.91808,-55.82875,333.96,0.48,0.4,2026-05-20,1713,N20,VIIRS,n,2.0NRT,298.68,17.79,D
-26.86856,-57.41336,325.66,0.39,0.44,2026-05-20,1713,N20,VIIRS,n,2.0NRT,292.04,1.68,D
-26.86699,-55.33133,329.66,0.46,0.39,2026-05-20,1713,N20,VIIRS,n,2.0NRT,293.72,2.26,D
-26.86547,-54.54539,330.83,0.43,0.38,2026-05-20,1713,N20,VIIRS,n,2.0NRT,295.79,22.67,D
-26.84538,-54.36814,328.66,0.42,0.38,2026-05-20,1713,N20,VIIRS,n,2.0NRT,290.21,1.19,D
-26.8441,-56.74039,336.44,0.54,0.42,2026-05-20,1713,N20,VIIRS,n,2.0NRT,292.52,4.98,D
-26.82765,-56.09341,329.4,0.5,0.41,2026-05-20,1713,N20,VIIRS,n,2.0NRT,292.87,2.54,D
-26.82735,-56.09547,329.47,0.5,0.41,2026-05-20,1713,N20,VIIRS,n,2.0NRT,293.56,2.28,D
-26.82593,-56.75409,326.98,0.54,0.42,2026-05-20,1713,N20,VIIRS,n,2.0NRT,292.64,3.87,D
-26.82267,-56.76008,329.53,0.54,0.42,2026-05-20,1713,N20,VIIRS,n,2.0NRT,293.11,3.87,D
-26.822,-55.92161,329.32,0.49,0.4,2026-05-20,1713,N20,VIIRS,n,2.0NRT,293.27,2.7,D
-26.81107,-57.41353,339.27,0.39,0.44,2026-05-20,1713,N20,VIIRS,n,2.0NRT,293.27,2.03,D
-26.80702,-57.4141,327.29,0.39,0.44,2026-05-20,1713,N20,VIIRS,n,2.0NRT,290.19,2.03,D
-26.80658,-57.41019,331.52,0.39,0.44,2026-05-20,1713,N20,VIIRS,n,2.0NRT,290.76,2.03,D
-26.80339,-55.92456,328.3,0.49,0.4,2026-05-20,1713,N20,VIIRS,n,2.0NRT,294.44,2.17,D
-26.77723,-54.96325,330.79,0.44,0.39,2026-05-20,1713,N20,VIIRS,n,2.0NRT,295.42,6.78,D
-26.77645,-57.43442,340.59,0.39,0.44,2026-05-20,1713,N20,VIIRS,n,2.0NRT,292.01,4.48,D
-26.77241,-57.435,348.38,0.39,0.44,2026-05-20,1713,N20,VIIRS,n,2.0NRT,296.21,15.73,D
-26.77227,-57.4381,338.09,0.39,0.44,2026-05-20,1713,N20,VIIRS,n,2.0NRT,292.15,4.51,D
-26.77197,-57.43106,355.5,0.39,0.44,2026-05-20,1713,N20,VIIRS,n,2.0NRT,294.53,15.73,D
-26.77181,-57.43417,337.15,0.39,0.44,2026-05-20,1713,N20,VIIRS,n,2.0NRT,299.32,22.85,D
-26.77135,-57.43024,339.88,0.39,0.44,2026-05-20,1713,N20,VIIRS,n,2.0NRT,292.55,22.85,D
-26.76793,-57.43164,338.73,0.39,0.44,2026-05-20,1713,N20,VIIRS,n,2.0NRT,289.81,15.73,D
-26.72997,-54.74469,334.48,0.44,0.38,2026-05-20,1713,N20,VIIRS,n,2.0NRT,298.14,22.06,D
-26.72865,-54.92542,331.15,0.44,0.38,2026-05-20,1713,N20,VIIRS,n,2.0NRT,302.87,11.85,D
-26.72511,-54.92603,330.93,0.44,0.38,2026-05-20,1713,N20,VIIRS,n,2.0NRT,297.21,11.85,D
-26.71478,-54.35938,327.26,0.42,0.38,2026-05-20,1713,N20,VIIRS,n,2.0NRT,292.03,6.08,D
-26.67503,-51.97339,329.85,0.38,0.36,2026-05-20,1713,N20,VIIRS,n,2.0NRT,295.16,2.46,D
-26.66766,-56.62143,330.84,0.53,0.42,2026-05-20,1713,N20,VIIRS,n,2.0NRT,293.88,5.11,D
-26.66656,-55.85555,328.83,0.48,0.4,2026-05-20,1713,N20,VIIRS,n,2.0NRT,292.17,5.15,D
-26.66628,-56.62337,332.24,0.53,0.42,2026-05-20,1713,N20,VIIRS,n,2.0NRT,294.66,6.14,D
-26.66594,-56.03129,327.42,0.49,0.4,2026-05-20,1713,N20,VIIRS,n,2.0NRT,294.6,4.3,D
-26.66243,-56.62394,343.24,0.53,0.42,2026-05-20,1713,N20,VIIRS,n,2.0NRT,295.29,6.14,D
-26.6622,-56.03187,346.11,0.49,0.4,2026-05-20,1713,N20,VIIRS,n,2.0NRT,293.18,7.26,D
-26.66178,-56.61864,326.71,0.53,0.42,2026-05-20,1713,N20,VIIRS,n,2.0NRT,291.27,6.14,D
-26.66159,-56.02691,329.14,0.49,0.4,2026-05-20,1713,N20,VIIRS,n,2.0NRT,292.35,7.26,D
-26.65857,-56.62452,335.64,0.53,0.42,2026-05-20,1713,N20,VIIRS,n,2.0NRT,301.52,54.91,D
-26.65678,-57.54315,325.07,0.39,0.44,2026-05-20,1713,N20,VIIRS,n,2.0NRT,293.85,2.97,D
-26.65632,-57.53919,367.0,0.39,0.44,2026-05-20,1713,N20,VIIRS,h,2.0NRT,296.55,10.54,D
-26.6552,-56.12951,332.79,0.5,0.41,2026-05-20,1713,N20,VIIRS,n,2.0NRT,294.94,3.61,D
-26.64728,-57.53241,326.17,0.39,0.44,2026-05-20,1713,N20,VIIRS,n,2.0NRT,293.84,3.59,D
-26.60228,-56.10915,328.75,0.5,0.41,2026-05-20,1713,N20,VIIRS,n,2.0NRT,292.38,5.56,D
-26.5889,-56.7326,335.94,0.53,0.42,2026-05-20,1713,N20,VIIRS,n,2.0NRT,292.65,6.32,D
-26.58326,-55.6718,329.7,0.47,0.4,2026-05-20,1713,N20,VIIRS,n,2.0NRT,291.72,2.89,D
-26.58226,-56.01104,338.34,0.49,0.4,2026-05-20,1713,N20,VIIRS,n,2.0NRT,291.65,3.44,D
-26.57871,-58.58045,331.47,0.45,0.47,2026-05-20,1713,N20,VIIRS,n,2.0NRT,293.61,2.73,D
-26.57699,-58.57897,330.39,0.45,0.47,2026-05-20,1713,N20,VIIRS,n,2.0NRT,293.55,2.09,D
-26.5745,-55.75175,332.16,0.48,0.4,2026-05-20,1713,N20,VIIRS,n,2.0NRT,293.7,4.3,D
-26.5721,-56.29874,349.73,0.51,0.41,2026-05-20,1713,N20,VIIRS,n,2.0NRT,295.83,6.74,D
-26.56831,-56.29932,329.46,0.51,0.41,2026-05-20,1713,N20,VIIRS,n,2.0NRT,292.68,6.74,D
-26.56542,-57.46402,354.99,0.39,0.44,2026-05-20,1713,N20,VIIRS,n,2.0NRT,296.41,7.97,D
-26.56182,-57.46851,338.11,0.39,0.44,2026-05-20,1713,N20,VIIRS,n,2.0NRT,293.34,3.36,D
-26.56112,-57.46766,337.99,0.39,0.44,2026-05-20,1713,N20,VIIRS,n,2.0NRT,293.5,3.51,D
-26.55561,-58.08038,328.8,0.42,0.45,2026-05-20,1713,N20,VIIRS,n,2.0NRT,292.41,2.24,D
-26.54192,-56.27222,346.4,0.5,0.41,2026-05-20,1713,N20,VIIRS,n,2.0NRT,294.53,6.96,D
-26.42767,-55.90857,333.09,0.48,0.4,2026-05-20,1713,N20,VIIRS,n,2.0NRT,289.48,7.77,D
-26.41698,-58.14132,329.93,0.42,0.45,2026-05-20,1713,N20,VIIRS,n,2.0NRT,292.55,2.85,D
-26.41669,-58.14401,341.94,0.42,0.45,2026-05-20,1713,N20,VIIRS,n,2.0NRT,293.75,8.04,D
-26.41391,-53.96312,333.41,0.41,0.37,2026-05-20,1713,N20,VIIRS,n,2.0NRT,290.68,3.22,D
-26.41368,-57.95403,331.99,0.41,0.45,2026-05-20,1713,N20,VIIRS,n,2.0NRT,290.5,5.34,D
-26.41249,-58.14458,354.97,0.42,0.45,2026-05-20,1713,N20,VIIRS,n,2.0NRT,293.97,8.04,D
-26.39423,-56.47697,325.71,0.51,0.41,2026-05-20,1713,N20,VIIRS,n,2.0NRT,291.44,3.44,D
-26.34669,-53.98312,331.37,0.41,0.37,2026-05-20,1713,N20,VIIRS,n,2.0NRT,292.53,2.88,D
-26.3229,-55.81377,337.32,0.48,0.4,2026-05-20,1713,N20,VIIRS,n,2.0NRT,288.8,7.13,D
-26.32232,-54.49499,326.2,0.42,0.38,2026-05-20,1713,N20,VIIRS,n,2.0NRT,289.09,2.59,D
-26.30817,-54.08165,338.16,0.41,0.37,2026-05-20,1713,N20,VIIRS,n,2.0NRT,294.63,5.29,D
-26.30066,-57.0919,329.97,0.55,0.43,2026-05-20,1713,N20,VIIRS,n,2.0NRT,293.65,4.86,D
-26.2976,-57.09382,344.25,0.55,0.43,2026-05-20,1713,N20,VIIRS,n,2.0NRT,294.19,8.66,D
-26.29735,-57.09805,328.92,0.55,0.43,2026-05-20,1713,N20,VIIRS,n,2.0NRT,294.12,4.26,D
-26.29671,-57.09248,329.92,0.55,0.43,2026-05-20,1713,N20,VIIRS,n,2.0NRT,292.83,4.26,D
-26.29341,-57.09864,334.53,0.55,0.43,2026-05-20,1713,N20,VIIRS,n,2.0NRT,293.31,4.26,D
-26.28921,-57.91114,329.49,0.41,0.45,2026-05-20,1713,N20,VIIRS,n,2.0NRT,293.22,2.08,D
-26.28905,-57.08942,326.52,0.55,0.43,2026-05-20,1713,N20,VIIRS,n,2.0NRT,293.43,4.67,D
-26.28354,-55.42223,329.94,0.46,0.39,2026-05-20,1713,N20,VIIRS,n,2.0NRT,294.99,3.24,D
-26.23938,-56.31036,336.54,0.5,0.41,2026-05-20,1713,N20,VIIRS,n,2.0NRT,292.74,3.31,D
-26.23561,-56.31094,350.62,0.5,0.41,2026-05-20,1713,N20,VIIRS,n,2.0NRT,299.19,36.73,D
-26.19343,-58.94005,338.86,0.47,0.48,2026-05-20,1713,N20,VIIRS,n,2.0NRT,292.55,5.16,D
-26.19331,-58.94212,339.28,0.47,0.48,2026-05-20,1713,N20,VIIRS,n,2.0NRT,293.63,7.14,D
-26.18152,-61.20081,207.93,0.32,0.55,2026-05-20,1713,N20,VIIRS,l,2.0NRT,315.39,49.94,D
-26.18122,-61.19757,367.0,0.32,0.55,2026-05-20,1713,N20,VIIRS,h,2.0NRT,311.17,43.44,D
-26.18116,-59.03276,344.95,0.47,0.48,2026-05-20,1713,N20,VIIRS,n,2.0NRT,294.97,6.09,D
-26.18092,-61.19433,325.17,0.32,0.55,2026-05-20,1713,N20,VIIRS,n,2.0NRT,297.62,43.44,D
-26.18061,-61.19109,325.2,0.32,0.55,2026-05-20,1713,N20,VIIRS,n,2.0NRT,297.69,2.32,D
-26.17645,-61.20135,350.15,0.32,0.55,2026-05-20,1713,N20,VIIRS,n,2.0NRT,296.11,49.94,D
-26.17615,-61.19812,367.0,0.32,0.55,2026-05-20,1713,N20,VIIRS,h,2.0NRT,296.67,43.44,D
-26.15873,-55.87144,328.51,0.48,0.4,2026-05-20,1713,N20,VIIRS,n,2.0NRT,293.9,3.67,D
-26.15582,-55.86935,327.36,0.48,0.4,2026-05-20,1713,N20,VIIRS,n,2.0NRT,293.56,2.92,D
-26.14862,-55.79023,326.94,0.47,0.4,2026-05-20,1713,N20,VIIRS,n,2.0NRT,296.57,1.94,D
-26.13195,-56.3437,328.46,0.5,0.41,2026-05-20,1713,N20,VIIRS,n,2.0NRT,295.04,7.33,D
-26.09494,-55.95251,339.71,0.48,0.4,2026-05-20,1713,N20,VIIRS,n,2.0NRT,295.91,8.65,D
-26.09433,-55.94769,330.01,0.48,0.4,2026-05-20,1713,N20,VIIRS,n,2.0NRT,292.43,5.04,D
-26.09053,-54.5364,338.57,0.42,0.38,2026-05-20,1713,N20,VIIRS,n,2.0NRT,294.09,3.69,D
-26.07397,-57.75106,337.24,0.4,0.44,2026-05-20,1713,N20,VIIRS,n,2.0NRT,293.38,3.23,D
-26.07064,-56.10262,330.64,0.49,0.4,2026-05-20,1713,N20,VIIRS,n,2.0NRT,294.14,10.31,D
-26.06849,-56.10532,344.21,0.49,0.4,2026-05-20,1713,N20,VIIRS,n,2.0NRT,292.52,9.57,D
-26.05846,-54.14437,330.39,0.41,0.37,2026-05-20,1713,N20,VIIRS,n,2.0NRT,293.61,2.09,D
-26.0556,-54.14907,339.0,0.41,0.37,2026-05-20,1713,N20,VIIRS,n,2.0NRT,298.45,5.7,D
-26.05503,-54.14495,352.66,0.41,0.37,2026-05-20,1713,N20,VIIRS,n,2.0NRT,302.51,5.7,D
-26.05446,-54.14081,334.25,0.41,0.37,2026-05-20,1713,N20,VIIRS,n,2.0NRT,296.48,12.26,D
-26.05389,-54.13668,350.05,0.41,0.37,2026-05-20,1713,N20,VIIRS,n,2.0NRT,298.18,12.26,D
-26.05332,-54.1325,367.0,0.41,0.37,2026-05-20,1713,N20,VIIRS,h,2.0NRT,297.05,11.49,D
-26.05327,-56.11525,345.84,0.49,0.4,2026-05-20,1713,N20,VIIRS,n,2.0NRT,293.63,6.77,D
-26.05273,-54.15377,329.54,0.41,0.37,2026-05-20,1713,N20,VIIRS,n,2.0NRT,295.83,4.66,D
-26.05216,-54.14964,336.11,0.41,0.37,2026-05-20,1713,N20,VIIRS,n,2.0NRT,295.07,5.7,D
-26.0516,-54.1455,355.09,0.41,0.37,2026-05-20,1713,N20,VIIRS,n,2.0NRT,297.55,5.7,D
-26.05103,-54.14135,352.69,0.41,0.37,2026-05-20,1713,N20,VIIRS,n,2.0NRT,303.99,12.26,D
-26.05046,-54.13721,346.63,0.41,0.37,2026-05-20,1713,N20,VIIRS,n,2.0NRT,294.62,12.26,D
-26.04987,-54.15851,334.03,0.41,0.37,2026-05-20,1713,N20,VIIRS,n,2.0NRT,290.26,6.12,D
-26.0493,-54.15437,340.24,0.41,0.37,2026-05-20,1713,N20,VIIRS,n,2.0NRT,291.28,6.12,D
-26.04873,-54.15021,355.17,0.41,0.37,2026-05-20,1713,N20,VIIRS,n,2.0NRT,295.49,6.1,D
-26.04816,-54.14603,340.77,0.41,0.37,2026-05-20,1713,N20,VIIRS,n,2.0NRT,287.53,6.1,D
-26.0453,-54.15078,333.48,0.41,0.37,2026-05-20,1713,N20,VIIRS,n,2.0NRT,288.14,6.1,D
-25.99725,-55.85279,330.01,0.48,0.4,2026-05-20,1713,N20,VIIRS,n,2.0NRT,298.08,3.14,D
-25.98227,-53.84792,325.23,0.4,0.37,2026-05-20,1713,N20,VIIRS,n,2.0NRT,294.28,1.58,D
-25.93074,-53.95208,328.99,0.41,0.37,2026-05-20,1713,N20,VIIRS,n,2.0NRT,292.96,2.78,D
-25.92734,-53.95264,327.94,0.41,0.37,2026-05-20,1713,N20,VIIRS,n,2.0NRT,294.87,6.68,D
-25.9064,-56.016,334.85,0.48,0.4,2026-05-20,1713,N20,VIIRS,n,2.0NRT,294.59,5.75,D
-25.90606,-61.66463,345.19,0.34,0.56,2026-05-20,1713,N20,VIIRS,n,2.0NRT,296.64,6.28,D
-25.84837,-57.00037,334.7,0.54,0.42,2026-05-20,1713,N20,VIIRS,n,2.0NRT,292.56,4.15,D
-25.84434,-56.50351,331.02,0.51,0.41,2026-05-20,1713,N20,VIIRS,n,2.0NRT,293.53,5.51,D
-25.8053,-59.64514,328.11,0.51,0.49,2026-05-20,1713,N20,VIIRS,n,2.0NRT,291.63,2.16,D
-25.74418,-55.28371,328.59,0.45,0.39,2026-05-20,1713,N20,VIIRS,n,2.0NRT,293.7,1.28,D
-25.73603,-56.65734,333.93,0.52,0.41,2026-05-20,1713,N20,VIIRS,n,2.0NRT,294.0,9.47,D
-25.63985,-56.02829,332.27,0.48,0.4,2026-05-20,1713,N20,VIIRS,n,2.0NRT,294.65,3.97,D
-25.63412,-57.97212,326.35,0.4,0.45,2026-05-20,1713,N20,VIIRS,n,2.0NRT,294.02,2.94,D
-25.60106,-55.83398,331.73,0.47,0.4,2026-05-20,1713,N20,VIIRS,n,2.0NRT,303.89,34.9,D
-25.60068,-56.36559,332.09,0.5,0.41,2026-05-20,1713,N20,VIIRS,n,2.0NRT,293.63,5.35,D
-25.5957,-56.35622,335.01,0.5,0.41,2026-05-20,1713,N20,VIIRS,n,2.0NRT,293.55,4.63,D
-25.59255,-55.85455,329.8,0.47,0.4,2026-05-20,1713,N20,VIIRS,n,2.0NRT,292.52,2.75,D
-25.5736,-60.1327,340.25,0.54,0.51,2026-05-20,1713,N20,VIIRS,n,2.0NRT,298.45,15.47,D
-25.57155,-57.71882,327.53,0.39,0.44,2026-05-20,1713,N20,VIIRS,n,2.0NRT,292.48,3.67,D
-25.57114,-60.13724,328.05,0.54,0.51,2026-05-20,1713,N20,VIIRS,n,2.0NRT,295.69,23.79,D
-25.57061,-60.13179,339.46,0.54,0.51,2026-05-20,1713,N20,VIIRS,n,2.0NRT,296.35,23.79,D
-25.56889,-60.13326,342.39,0.54,0.51,2026-05-20,1713,N20,VIIRS,n,2.0NRT,293.82,15.47,D
-25.54492,-55.49104,336.44,0.45,0.39,2026-05-20,1713,N20,VIIRS,n,2.0NRT,295.05,4.68,D
-25.4877,-57.67456,328.25,0.39,0.44,2026-05-20,1713,N20,VIIRS,n,2.0NRT,292.2,1.51,D
-25.47937,-56.22567,327.77,0.49,0.4,2026-05-20,1713,N20,VIIRS,n,2.0NRT,293.07,3.02,D
-25.42673,-55.89709,333.0,0.47,0.4,2026-05-20,1713,N20,VIIRS,n,2.0NRT,295.54,2.4,D
-25.39658,-56.182,330.12,0.48,0.4,2026-05-20,1713,N20,VIIRS,n,2.0NRT,293.4,3.2,D
-25.39297,-56.00695,325.33,0.48,0.4,2026-05-20,1713,N20,VIIRS,n,2.0NRT,294.42,2.64,D
-25.38317,-55.93126,330.73,0.47,0.4,2026-05-20,1713,N20,VIIRS,n,2.0NRT,297.92,11.05,D
-25.38256,-55.92657,328.97,0.47,0.4,2026-05-20,1713,N20,VIIRS,n,2.0NRT,293.06,5.84,D
-25.36717,-56.43895,329.28,0.5,0.41,2026-05-20,1713,N20,VIIRS,n,2.0NRT,292.8,6.08,D
-25.36373,-56.43737,329.62,0.5,0.41,2026-05-20,1713,N20,VIIRS,n,2.0NRT,294.18,12.25,D
-25.36342,-56.43953,332.76,0.5,0.41,2026-05-20,1713,N20,VIIRS,n,2.0NRT,293.67,6.08,D
-25.34349,-64.03143,352.91,0.48,0.64,2026-05-20,1713,N20,VIIRS,n,2.0NRT,292.31,6.38,D
-25.28838,-55.8602,325.78,0.47,0.4,2026-05-20,1713,N20,VIIRS,n,2.0NRT,291.68,1.97,D
-25.23458,-56.29337,329.61,0.49,0.4,2026-05-20,1713,N20,VIIRS,n,2.0NRT,292.67,4.49,D
-25.23359,-56.29621,334.37,0.49,0.4,2026-05-20,1713,N20,VIIRS,n,2.0NRT,294.01,4.43,D
-25.21836,-57.90905,332.51,0.4,0.44,2026-05-20,1713,N20,VIIRS,n,2.0NRT,293.66,3.48,D
-25.21789,-57.90511,336.41,0.4,0.44,2026-05-20,1713,N20,VIIRS,n,2.0NRT,292.82,3.48,D
-25.21743,-57.90567,341.76,0.4,0.44,2026-05-20,1713,N20,VIIRS,n,2.0NRT,293.92,6.65,D
-25.17174,-56.50159,325.68,0.5,0.41,2026-05-20,1713,N20,VIIRS,n,2.0NRT,293.44,6.05,D
-25.17113,-56.49663,329.07,0.5,0.41,2026-05-20,1713,N20,VIIRS,n,2.0NRT,290.22,6.92,D
-25.16086,-55.67627,338.38,0.46,0.39,2026-05-20,1713,N20,VIIRS,n,2.0NRT,294.62,2.88,D
-25.16033,-55.67939,327.11,0.46,0.39,2026-05-20,1713,N20,VIIRS,n,2.0NRT,295.55,3.13,D
-25.06995,-54.51,325.55,0.41,0.37,2026-05-20,1713,N20,VIIRS,n,2.0NRT,293.77,3.18,D
-25.05533,-55.6359,336.87,0.46,0.39,2026-05-20,1713,N20,VIIRS,n,2.0NRT,295.32,3.08,D
-24.9389,-58.32801,331.13,0.42,0.45,2026-05-20,1713,N20,VIIRS,n,2.0NRT,291.95,2.84,D
-24.93726,-58.32683,334.32,0.42,0.45,2026-05-20,1713,N20,VIIRS,n,2.0NRT,290.95,3.39,D
-24.93251,-60.78308,330.03,0.59,0.53,2026-05-20,1713,N20,VIIRS,n,2.0NRT,291.13,3.31,D
-24.90736,-55.84575,329.29,0.46,0.39,2026-05-20,1713,N20,VIIRS,n,2.0NRT,293.21,4.84,D
-24.79207,-55.677,328.09,0.45,0.39,2026-05-20,1713,N20,VIIRS,n,2.0NRT,295.92,2.3,D
-24.7807,-55.67421,328.98,0.45,0.39,2026-05-20,1713,N20,VIIRS,n,2.0NRT,293.0,2.66,D
-24.77711,-55.67477,326.59,0.45,0.39,2026-05-20,1713,N20,VIIRS,n,2.0NRT,294.54,3.22,D
-24.77265,-57.22186,331.05,0.54,0.42,2026-05-20,1713,N20,VIIRS,n,2.0NRT,293.67,8.62,D
-24.772,-57.21653,335.3,0.54,0.42,2026-05-20,1713,N20,VIIRS,n,2.0NRT,294.07,8.62,D
-24.77169,-55.68941,325.53,0.45,0.39,2026-05-20,1713,N20,VIIRS,n,2.0NRT,294.43,2.79,D
-24.77109,-55.68489,327.63,0.45,0.39,2026-05-20,1713,N20,VIIRS,n,2.0NRT,294.08,2.66,D
-24.7681,-57.21709,349.71,0.54,0.42,2026-05-20,1713,N20,VIIRS,n,2.0NRT,296.53,8.62,D
-24.76115,-56.75373,335.34,0.51,0.41,2026-05-20,1713,N20,VIIRS,n,2.0NRT,294.17,9.26,D
-24.76051,-56.74868,339.53,0.51,0.41,2026-05-20,1713,N20,VIIRS,n,2.0NRT,294.06,10.01,D
-24.76048,-56.75178,349.6,0.51,0.41,2026-05-20,1713,N20,VIIRS,n,2.0NRT,297.14,16.88,D
-24.71682,-55.67371,326.78,0.45,0.39,2026-05-20,1713,N20,VIIRS,n,2.0NRT,294.6,5.54,D
-24.67148,-56.03481,331.64,0.47,0.4,2026-05-20,1713,N20,VIIRS,n,2.0NRT,299.05,3.58,D
-24.62338,-57.20248,330.38,0.53,0.42,2026-05-20,1713,N20,VIIRS,n,2.0NRT,288.45,4.75,D
-24.5699,-55.79619,329.51,0.46,0.39,2026-05-20,1713,N20,VIIRS,n,2.0NRT,293.59,2.08,D
-24.53827,-56.75541,328.1,0.51,0.41,2026-05-20,1713,N20,VIIRS,n,2.0NRT,296.22,1.76,D
-24.53292,-55.13969,329.63,0.43,0.38,2026-05-20,1713,N20,VIIRS,n,2.0NRT,295.22,2.51,D
-24.53087,-60.63358,331.61,0.57,0.52,2026-05-20,1713,N20,VIIRS,n,2.0NRT,296.92,5.96,D
-24.50982,-55.74007,330.68,0.45,0.39,2026-05-20,1713,N20,VIIRS,n,2.0NRT,295.33,3.75,D
-24.50624,-55.74068,329.27,0.45,0.39,2026-05-20,1713,N20,VIIRS,n,2.0NRT,292.01,3.17,D
-24.5024,-55.96315,331.53,0.46,0.39,2026-05-20,1713,N20,VIIRS,n,2.0NRT,296.46,11.6,D
-24.48527,-65.09917,329.1,0.55,0.68,2026-05-20,1713,N20,VIIRS,n,2.0NRT,291.96,3.58,D
-24.48453,-50.33694,331.87,0.41,0.37,2026-05-20,1713,N20,VIIRS,n,2.0NRT,292.22,0.95,D
-24.46819,-55.87074,326.09,0.46,0.39,2026-05-20,1713,N20,VIIRS,n,2.0NRT,293.5,1.67,D
-24.44462,-55.88815,330.3,0.46,0.39,2026-05-20,1713,N20,VIIRS,n,2.0NRT,294.93,3.78,D
-24.43824,-57.5186,331.87,0.55,0.43,2026-05-20,1713,N20,VIIRS,n,2.0NRT,292.8,3.72,D
-24.34578,-55.7043,329.6,0.45,0.39,2026-05-20,1713,N20,VIIRS,n,2.0NRT,292.81,2.39,D
-24.3303,-56.81522,327.27,0.51,0.41,2026-05-20,1713,N20,VIIRS,n,2.0NRT,295.01,5.39,D
-24.33012,-56.81219,345.19,0.51,0.41,2026-05-20,1713,N20,VIIRS,n,2.0NRT,296.36,5.91,D
-24.18505,-56.60987,342.36,0.49,0.41,2026-05-20,1713,N20,VIIRS,n,2.0NRT,297.3,7.11,D
-24.16024,-56.0484,327.24,0.46,0.39,2026-05-20,1713,N20,VIIRS,n,2.0NRT,296.19,3.97,D
-24.15965,-56.0438,329.78,0.46,0.39,2026-05-20,1713,N20,VIIRS,n,2.0NRT,294.49,3.97,D
-24.1595,-56.67863,331.14,0.5,0.41,2026-05-20,1713,N20,VIIRS,n,2.0NRT,296.32,2.96,D
-24.12587,-56.26931,334.57,0.47,0.4,2026-05-20,1713,N20,VIIRS,n,2.0NRT,296.76,4.49,D
-24.11438,-56.12445,328.18,0.47,0.4,2026-05-20,1713,N20,VIIRS,n,2.0NRT,295.44,4.31,D
-24.05078,-56.23765,330.33,0.47,0.4,2026-05-20,1713,N20,VIIRS,n,2.0NRT,296.95,3.48,D
-24.02642,-56.13534,332.96,0.47,0.39,2026-05-20,1713,N20,VIIRS,n,2.0NRT,297.39,8.65,D
-24.02629,-56.13283,330.44,0.47,0.4,2026-05-20,1713,N20,VIIRS,n,2.0NRT,294.73,3.13,D
-24.02278,-56.1052,326.12,0.47,0.39,2026-05-20,1713,N20,VIIRS,n,2.0NRT,295.79,2.9,D
-23.98501,-48.91861,330.48,0.47,0.4,2026-05-20,1713,N20,VIIRS,n,2.0NRT,295.41,3.12,D
-23.9256,-57.65703,333.91,0.56,0.43,2026-05-20,1713,N20,VIIRS,n,2.0NRT,292.21,8.37,D
-23.91268,-52.61252,330.94,0.38,0.36,2026-05-20,1713,N20,VIIRS,n,2.0NRT,297.4,2.64,D
-23.87857,-56.64162,334.37,0.49,0.4,2026-05-20,1713,N20,VIIRS,n,2.0NRT,295.2,4.92,D
-23.8776,-56.64481,341.14,0.49,0.4,2026-05-20,1713,N20,VIIRS,n,2.0NRT,295.53,6.23,D
-23.82781,-59.94257,339.11,0.5,0.49,2026-05-20,1713,N20,VIIRS,n,2.0NRT,293.53,10.51,D
-23.82653,-59.93953,338.07,0.5,0.49,2026-05-20,1713,N20,VIIRS,n,2.0NRT,291.27,4.11,D
-23.64672,-52.98196,332.26,0.38,0.36,2026-05-20,1713,N20,VIIRS,n,2.0NRT,296.17,1.8,D
-23.64008,-56.65103,330.72,0.49,0.4,2026-05-20,1713,N20,VIIRS,n,2.0NRT,292.35,3.57,D
-23.52017,-63.12706,331.09,0.4,0.6,2026-05-20,1713,N20,VIIRS,n,2.0NRT,290.14,0.21,D
-23.37283,-56.90672,340.08,0.5,0.41,2026-05-20,1713,N20,VIIRS,n,2.0NRT,288.84,4.39,D
-23.37274,-56.90326,325.88,0.5,0.41,2026-05-20,1713,N20,VIIRS,n,2.0NRT,286.71,1.71,D
-23.28564,-60.1305,343.22,0.51,0.49,2026-05-20,1713,N20,VIIRS,n,2.0NRT,293.6,7.53,D
-22.91225,-43.72867,333.87,0.33,0.55,2026-05-20,1713,N20,VIIRS,n,2.0NRT,287.28,3.64,D
-22.44237,-64.3028,334.86,0.46,0.64,2026-05-20,1713,N20,VIIRS,n,2.0NRT,276.88,0.3,D
-20.99993,-48.81745,329.1,0.53,0.42,2026-05-20,1713,N20,VIIRS,n,2.0NRT,290.88,1.84,D
-20.99611,-48.81827,329.69,0.53,0.42,2026-05-20,1713,N20,VIIRS,n,2.0NRT,291.17,6.46,D
-20.76173,-48.0441,332.31,0.39,0.44,2026-05-20,1713,N20,VIIRS,n,2.0NRT,292.04,2.42,D
-21.34001,-61.60563,332.89,0.6,0.53,2026-05-20,1715,N20,VIIRS,n,2.0NRT,289.45,9.81,D
-21.33745,-61.60876,343.05,0.6,0.53,2026-05-20,1715,N20,VIIRS,n,2.0NRT,290.95,7.71,D
-19.54768,-62.90631,335.98,0.35,0.57,2026-05-20,1715,N20,VIIRS,n,2.0NRT,294.99,3.81,D
-19.22649,-66.66659,336.67,0.62,0.71,2026-05-20,1715,N20,VIIRS,n,2.0NRT,297.44,5.45,D
-18.90255,-44.47408,367.0,0.35,0.57,2026-05-20,1715,N20,VIIRS,h,2.0NRT,295.07,7.31,D
-18.89999,-44.28008,329.15,0.36,0.58,2026-05-20,1715,N20,VIIRS,n,2.0NRT,295.35,3.51,D
-18.89737,-44.47527,367.0,0.35,0.57,2026-05-20,1715,N20,VIIRS,h,2.0NRT,297.72,11.01,D
-18.89694,-44.47365,341.16,0.35,0.57,2026-05-20,1715,N20,VIIRS,n,2.0NRT,295.01,6.54,D
-18.65937,-50.21881,333.74,0.48,0.4,2026-05-20,1715,N20,VIIRS,n,2.0NRT,285.25,6.96,D
-18.63017,-45.13108,354.98,0.32,0.55,2026-05-20,1715,N20,VIIRS,n,2.0NRT,299.64,11.19,D
-18.62955,-45.12807,367.0,0.32,0.55,2026-05-20,1715,N20,VIIRS,h,2.0NRT,299.62,13.92,D
-18.62516,-45.13219,339.36,0.32,0.55,2026-05-20,1715,N20,VIIRS,n,2.0NRT,298.93,11.19,D
-18.62455,-45.12922,367.0,0.32,0.55,2026-05-20,1715,N20,VIIRS,h,2.0NRT,297.46,13.92,D
-18.16717,-66.26929,329.44,0.57,0.69,2026-05-20,1715,N20,VIIRS,n,2.0NRT,296.53,3.53,D
-18.04712,-40.53079,341.53,0.65,0.73,2026-05-20,1715,N20,VIIRS,n,2.0NRT,292.73,4.27,D
-18.01305,-43.48008,329.49,0.42,0.61,2026-05-20,1715,N20,VIIRS,n,2.0NRT,291.45,3.11,D
-18.01067,-43.48145,331.25,0.43,0.62,2026-05-20,1715,N20,VIIRS,n,2.0NRT,297.23,4.02,D
-17.93489,-47.01624,337.24,0.51,0.49,2026-05-20,1715,N20,VIIRS,n,2.0NRT,298.3,5.02,D
-17.47201,-65.73965,347.49,0.51,0.66,2026-05-20,1715,N20,VIIRS,n,2.0NRT,295.41,0.82,D
-16.90057,-46.78215,344.2,0.55,0.51,2026-05-20,1715,N20,VIIRS,n,2.0NRT,300.32,13.9,D
-16.89688,-46.7881,340.64,0.55,0.51,2026-05-20,1715,N20,VIIRS,n,2.0NRT,298.53,13.9,D
-16.35417,-67.81858,326.25,0.68,0.74,2026-05-20,1715,N20,VIIRS,n,2.0NRT,289.78,5.34,D
-16.27927,-54.42944,341.29,0.38,0.36,2026-05-20,1715,N20,VIIRS,n,2.0NRT,294.46,5.59,D
-15.8325,-42.00013,367.0,0.59,0.7,2026-05-20,1715,N20,VIIRS,h,2.0NRT,300.46,14.66,D
-15.7861,-42.03263,367.0,0.58,0.7,2026-05-20,1715,N20,VIIRS,h,2.0NRT,295.16,11.46,D
-15.78473,-42.03097,352.2,0.58,0.7,2026-05-20,1715,N20,VIIRS,n,2.0NRT,295.01,11.64,D
-15.72135,-68.29946,337.89,0.73,0.76,2026-05-20,1715,N20,VIIRS,n,2.0NRT,291.79,10.83,D
-15.71484,-68.30499,338.88,0.73,0.76,2026-05-20,1715,N20,VIIRS,n,2.0NRT,293.43,15.67,D
-15.59385,-42.63808,367.0,0.54,0.68,2026-05-20,1715,N20,VIIRS,h,2.0NRT,301.41,200.29,D
-15.59024,-42.64364,343.92,0.54,0.68,2026-05-20,1715,N20,VIIRS,n,2.0NRT,298.34,46.52,D
-15.58916,-42.63852,367.0,0.54,0.68,2026-05-20,1715,N20,VIIRS,h,2.0NRT,298.22,46.52,D
-15.54906,-41.938,328.58,0.6,0.7,2026-05-20,1715,N20,VIIRS,n,2.0NRT,298.6,10.13,D
-15.48643,-40.50039,328.32,0.74,0.76,2026-05-20,1715,N20,VIIRS,n,2.0NRT,292.24,5.08,D
-15.14858,-47.13545,331.75,0.56,0.51,2026-05-20,1715,N20,VIIRS,n,2.0NRT,300.25,2.15,D
-15.02314,-45.11787,339.41,0.38,0.59,2026-05-20,1715,N20,VIIRS,n,2.0NRT,300.64,4.59,D
-14.9331,-47.75269,346.55,0.51,0.5,2026-05-20,1715,N20,VIIRS,n,2.0NRT,304.59,18.49,D
-14.91601,-47.7366,330.64,0.52,0.5,2026-05-20,1715,N20,VIIRS,l,2.0NRT,304.78,7.03,D
-14.88233,-55.71068,330.0,0.39,0.36,2026-05-20,1715,N20,VIIRS,n,2.0NRT,294.03,0.57,D
-14.85768,-48.55198,334.65,0.46,0.47,2026-05-20,1715,N20,VIIRS,n,2.0NRT,300.41,2.61,D
-14.68971,-49.16099,334.58,0.42,0.45,2026-05-20,1715,N20,VIIRS,n,2.0NRT,301.89,2.57,D
-14.68556,-49.16182,332.79,0.42,0.45,2026-05-20,1715,N20,VIIRS,n,2.0NRT,303.0,2.57,D
-14.65687,-40.99526,367.0,0.72,0.75,2026-05-20,1715,N20,VIIRS,h,2.0NRT,293.57,15.28,D
-14.65615,-40.99604,367.0,0.71,0.75,2026-05-20,1715,N20,VIIRS,h,2.0NRT,293.84,17.76,D
-14.61265,-41.18569,346.18,0.7,0.75,2026-05-20,1715,N20,VIIRS,n,2.0NRT,294.46,20.55,D
-14.61238,-41.18647,336.14,0.7,0.75,2026-05-20,1715,N20,VIIRS,n,2.0NRT,293.82,16.49,D
-14.61116,-41.17904,367.0,0.7,0.75,2026-05-20,1715,N20,VIIRS,h,2.0NRT,293.67,22.43,D
-14.61093,-41.17978,367.0,0.7,0.75,2026-05-20,1715,N20,VIIRS,h,2.0NRT,293.59,16.49,D
-14.36928,-41.57864,339.35,0.66,0.73,2026-05-20,1715,N20,VIIRS,n,2.0NRT,294.62,3.47,D
-14.3423,-44.56528,333.51,0.43,0.62,2026-05-20,1715,N20,VIIRS,n,2.0NRT,297.41,2.95,D
-14.33704,-53.19362,340.66,0.41,0.37,2026-05-20,1715,N20,VIIRS,n,2.0NRT,301.87,7.54,D
-14.29921,-48.85146,340.53,0.45,0.47,2026-05-20,1715,N20,VIIRS,n,2.0NRT,305.86,4.04,D
-14.29757,-48.85188,339.26,0.45,0.47,2026-05-20,1715,N20,VIIRS,n,2.0NRT,305.25,3.42,D
-14.29671,-54.60077,341.02,0.39,0.36,2026-05-20,1715,N20,VIIRS,n,2.0NRT,299.43,3.55,D
-14.29616,-54.59721,343.32,0.39,0.36,2026-05-20,1715,N20,VIIRS,n,2.0NRT,295.11,4.02,D
-14.27029,-46.37227,338.69,0.33,0.55,2026-05-20,1715,N20,VIIRS,n,2.0NRT,294.85,3.25,D
-14.24695,-52.01846,337.28,0.45,0.39,2026-05-20,1715,N20,VIIRS,n,2.0NRT,301.18,5.3,D
-14.22808,-50.98387,339.34,0.5,0.41,2026-05-20,1715,N20,VIIRS,n,2.0NRT,303.75,6.37,D
-14.22275,-54.60573,339.81,0.39,0.36,2026-05-20,1715,N20,VIIRS,n,2.0NRT,296.88,6.44,D
-14.22158,-43.48472,351.2,0.5,0.66,2026-05-20,1715,N20,VIIRS,n,2.0NRT,305.11,9.07,D
-14.21996,-43.48304,367.0,0.5,0.66,2026-05-20,1715,N20,VIIRS,h,2.0NRT,305.38,11.89,D
-14.21943,-54.60627,332.76,0.39,0.36,2026-05-20,1715,N20,VIIRS,n,2.0NRT,296.04,4.14,D
-14.21722,-54.61393,342.45,0.39,0.36,2026-05-20,1715,N20,VIIRS,n,2.0NRT,295.69,5.33,D
-14.21667,-54.61037,342.96,0.39,0.36,2026-05-20,1715,N20,VIIRS,n,2.0NRT,295.93,4.14,D
-14.21612,-54.60682,330.82,0.39,0.36,2026-05-20,1715,N20,VIIRS,n,2.0NRT,295.69,4.14,D
-14.21281,-54.60736,355.97,0.39,0.36,2026-05-20,1715,N20,VIIRS,n,2.0NRT,297.62,7.49,D
-14.21226,-54.60381,338.58,0.39,0.36,2026-05-20,1715,N20,VIIRS,n,2.0NRT,298.98,4.33,D
-14.21171,-54.60025,343.25,0.39,0.36,2026-05-20,1715,N20,VIIRS,n,2.0NRT,298.37,4.33,D
-14.1723,-45.32417,333.84,0.38,0.59,2026-05-20,1715,N20,VIIRS,n,2.0NRT,300.45,7.79,D
-14.1716,-45.3206,337.54,0.38,0.59,2026-05-20,1715,N20,VIIRS,n,2.0NRT,300.33,9.97,D
-14.16881,-45.32445,336.25,0.38,0.59,2026-05-20,1715,N20,VIIRS,n,2.0NRT,300.26,6.62,D
-14.16852,-52.86665,332.39,0.42,0.38,2026-05-20,1715,N20,VIIRS,n,2.0NRT,297.58,2.43,D
-14.16809,-45.32088,341.0,0.38,0.59,2026-05-20,1715,N20,VIIRS,n,2.0NRT,300.82,8.78,D
-14.16737,-45.31736,348.06,0.38,0.59,2026-05-20,1715,N20,VIIRS,n,2.0NRT,301.16,8.78,D
-14.16623,-45.32176,348.9,0.38,0.59,2026-05-20,1715,N20,VIIRS,n,2.0NRT,299.88,9.97,D
-14.16553,-45.31821,367.0,0.38,0.59,2026-05-20,1715,N20,VIIRS,h,2.0NRT,303.22,9.97,D
-14.16484,-45.31465,337.17,0.38,0.59,2026-05-20,1715,N20,VIIRS,n,2.0NRT,300.01,10.69,D
-14.16272,-45.32207,352.01,0.38,0.59,2026-05-20,1715,N20,VIIRS,n,2.0NRT,298.54,8.78,D
-14.162,-45.31851,367.0,0.38,0.59,2026-05-20,1715,N20,VIIRS,h,2.0NRT,303.29,8.78,D
-14.16128,-45.31495,337.16,0.38,0.59,2026-05-20,1715,N20,VIIRS,n,2.0NRT,300.7,14.5,D
-14.16086,-45.32296,330.61,0.38,0.59,2026-05-20,1715,N20,VIIRS,n,2.0NRT,296.69,3.49,D
-14.16016,-45.31939,346.56,0.38,0.59,2026-05-20,1715,N20,VIIRS,n,2.0NRT,301.15,3.49,D
-14.15164,-52.89327,338.45,0.42,0.37,2026-05-20,1715,N20,VIIRS,n,2.0NRT,305.73,7.4,D
-14.15101,-52.88941,337.74,0.42,0.37,2026-05-20,1715,N20,VIIRS,l,2.0NRT,307.83,7.44,D
-14.02122,-47.49513,339.63,0.55,0.51,2026-05-20,1715,N20,VIIRS,n,2.0NRT,295.04,9.27,D
-14.01919,-47.48417,335.98,0.56,0.51,2026-05-20,1715,N20,VIIRS,n,2.0NRT,296.66,4.87,D
-14.01101,-47.49247,339.04,0.56,0.51,2026-05-20,1715,N20,VIIRS,n,2.0NRT,297.12,6.24,D
-13.98147,-42.6809,338.95,0.57,0.69,2026-05-20,1715,N20,VIIRS,n,2.0NRT,297.83,5.46,D
-13.98005,-42.68207,343.17,0.58,0.69,2026-05-20,1715,N20,VIIRS,n,2.0NRT,298.28,6.19,D
-13.89784,-42.50895,338.44,0.59,0.7,2026-05-20,1715,N20,VIIRS,n,2.0NRT,294.2,4.77,D
-13.8976,-42.50982,342.26,0.59,0.7,2026-05-20,1715,N20,VIIRS,n,2.0NRT,294.26,5.63,D
-13.8044,-49.51628,342.58,0.41,0.45,2026-05-20,1715,N20,VIIRS,n,2.0NRT,306.41,3.71,D
-13.70097,-55.68041,339.57,0.39,0.36,2026-05-20,1715,N20,VIIRS,n,2.0NRT,303.57,4.54,D
-13.69765,-55.68093,330.66,0.39,0.36,2026-05-20,1715,N20,VIIRS,l,2.0NRT,304.75,7.44,D
-13.68492,-52.58987,333.83,0.43,0.38,2026-05-20,1715,N20,VIIRS,n,2.0NRT,303.07,8.57,D
-13.67453,-52.91018,337.68,0.42,0.38,2026-05-20,1715,N20,VIIRS,l,2.0NRT,308.16,8.35,D
-13.58624,-47.72615,338.91,0.54,0.51,2026-05-20,1715,N20,VIIRS,n,2.0NRT,297.4,6.51,D
-13.50823,-47.68326,333.8,0.55,0.51,2026-05-20,1715,N20,VIIRS,n,2.0NRT,301.99,13.02,D
-13.50641,-47.67343,343.17,0.55,0.51,2026-05-20,1715,N20,VIIRS,n,2.0NRT,302.29,8.4,D
-13.29123,-50.28296,332.36,0.57,0.43,2026-05-20,1715,N20,VIIRS,n,2.0NRT,300.61,19.43,D
-13.29032,-50.27778,337.28,0.57,0.43,2026-05-20,1715,N20,VIIRS,n,2.0NRT,305.64,19.43,D
-13.25927,-43.38434,331.72,0.53,0.67,2026-05-20,1715,N20,VIIRS,l,2.0NRT,303.99,6.03,D
-13.25543,-43.38939,350.88,0.53,0.67,2026-05-20,1715,N20,VIIRS,n,2.0NRT,305.98,9.42,D
-13.1829,-50.51722,339.27,0.55,0.43,2026-05-20,1715,N20,VIIRS,n,2.0NRT,304.39,7.18,D
-13.18261,-50.51449,343.97,0.55,0.43,2026-05-20,1715,N20,VIIRS,n,2.0NRT,303.2,9.49,D
-13.18201,-50.51214,331.37,0.55,0.43,2026-05-20,1715,N20,VIIRS,n,2.0NRT,300.83,2.46,D
-13.10813,-42.95518,367.0,0.57,0.69,2026-05-20,1715,N20,VIIRS,h,2.0NRT,303.31,17.49,D
-13.10183,-42.9567,355.87,0.57,0.69,2026-05-20,1715,N20,VIIRS,n,2.0NRT,299.51,17.49,D
-13.05013,-43.44033,330.69,0.54,0.67,2026-05-20,1715,N20,VIIRS,n,2.0NRT,301.81,1.8,D
-13.03692,-43.25956,338.45,0.55,0.68,2026-05-20,1715,N20,VIIRS,n,2.0NRT,303.6,4.15,D
-12.60918,-44.51402,367.0,0.46,0.64,2026-05-20,1715,N20,VIIRS,h,2.0NRT,304.03,8.68,D
-12.608,-44.51406,367.0,0.46,0.64,2026-05-20,1715,N20,VIIRS,h,2.0NRT,304.23,9.75,D
-12.60419,-44.51946,349.63,0.46,0.64,2026-05-20,1715,N20,VIIRS,n,2.0NRT,305.27,15.77,D
-12.60335,-44.5152,335.85,0.46,0.64,2026-05-20,1715,N20,VIIRS,n,2.0NRT,300.7,8.68,D
-12.60302,-44.51945,346.4,0.46,0.64,2026-05-20,1715,N20,VIIRS,n,2.0NRT,304.83,14.44,D
-12.60216,-44.51519,331.48,0.46,0.64,2026-05-20,1715,N20,VIIRS,n,2.0NRT,301.09,9.75,D
-12.55183,-47.20406,336.98,0.62,0.54,2026-05-20,1715,N20,VIIRS,n,2.0NRT,303.91,7.91,D
-12.55122,-48.36245,337.9,0.52,0.5,2026-05-20,1715,N20,VIIRS,n,2.0NRT,303.5,4.23,D
-12.23405,-44.25082,332.75,0.49,0.65,2026-05-20,1715,N20,VIIRS,n,2.0NRT,302.31,6.86,D
-12.23319,-44.24642,335.34,0.49,0.65,2026-05-20,1715,N20,VIIRS,n,2.0NRT,303.71,6.86,D
-12.23137,-44.25533,336.1,0.49,0.65,2026-05-20,1715,N20,VIIRS,n,2.0NRT,302.51,8.59,D
-12.23068,-44.26522,343.41,0.49,0.65,2026-05-20,1715,N20,VIIRS,n,2.0NRT,301.09,6.9,D
-12.23048,-44.25095,341.55,0.49,0.65,2026-05-20,1715,N20,VIIRS,n,2.0NRT,302.56,6.52,D
-12.22959,-44.24655,341.98,0.49,0.65,2026-05-20,1715,N20,VIIRS,n,2.0NRT,303.75,6.52,D
-12.22852,-46.60303,367.0,0.34,0.56,2026-05-20,1715,N20,VIIRS,h,2.0NRT,301.38,40.92,D
-12.22718,-44.26523,334.71,0.49,0.65,2026-05-20,1715,N20,VIIRS,n,2.0NRT,301.06,6.57,D
-11.95057,-41.26906,331.97,0.78,0.78,2026-05-20,1715,N20,VIIRS,n,2.0NRT,289.2,5.72,D
-11.94817,-41.27208,334.66,0.78,0.78,2026-05-20,1715,N20,VIIRS,n,2.0NRT,293.22,7.11,D
-14.07418,-64.72414,352.33,0.39,0.6,2026-05-20,1717,N20,VIIRS,n,2.0NRT,290.45,4.64,D
-14.07376,-64.7205,333.86,0.39,0.59,2026-05-20,1717,N20,VIIRS,n,2.0NRT,288.55,4.64,D
-13.42589,-56.2422,328.28,0.39,0.36,2026-05-20,1717,N20,VIIRS,n,2.0NRT,296.32,2.1,D
-12.55489,-54.62052,339.81,0.39,0.36,2026-05-20,1717,N20,VIIRS,n,2.0NRT,308.47,10.29,D
-12.55296,-57.22001,342.85,0.41,0.37,2026-05-20,1717,N20,VIIRS,n,2.0NRT,301.19,5.21,D
-12.55242,-57.21626,336.34,0.41,0.37,2026-05-20,1717,N20,VIIRS,n,2.0NRT,301.21,5.21,D
-12.54955,-57.22053,329.62,0.41,0.37,2026-05-20,1717,N20,VIIRS,l,2.0NRT,301.82,4.93,D
-12.54109,-57.2103,334.58,0.41,0.37,2026-05-20,1717,N20,VIIRS,n,2.0NRT,300.87,4.35,D
-12.54055,-57.20655,336.55,0.41,0.37,2026-05-20,1717,N20,VIIRS,n,2.0NRT,300.75,3.44,D
-12.3743,-53.17848,333.5,0.42,0.38,2026-05-20,1717,N20,VIIRS,n,2.0NRT,302.81,2.85,D
-12.37085,-53.17905,338.86,0.42,0.38,2026-05-20,1717,N20,VIIRS,n,2.0NRT,302.82,7.22,D
-12.15813,-53.27414,345.51,0.42,0.38,2026-05-20,1717,N20,VIIRS,n,2.0NRT,300.15,6.82,D
-12.1427,-53.33191,330.2,0.42,0.38,2026-05-20,1717,N20,VIIRS,n,2.0NRT,301.52,6.29,D
-12.13925,-53.33249,349.63,0.42,0.38,2026-05-20,1717,N20,VIIRS,n,2.0NRT,305.81,6.29,D
-12.13863,-53.32865,346.49,0.42,0.38,2026-05-20,1717,N20,VIIRS,n,2.0NRT,305.02,11.97,D
-12.13801,-53.32481,342.55,0.42,0.38,2026-05-20,1717,N20,VIIRS,n,2.0NRT,303.97,11.97,D
-12.13581,-53.33305,343.13,0.42,0.38,2026-05-20,1717,N20,VIIRS,n,2.0NRT,301.52,23.97,D
-12.13519,-53.32922,334.05,0.42,0.38,2026-05-20,1717,N20,VIIRS,l,2.0NRT,307.95,41.13,D
-12.13394,-53.32155,340.75,0.42,0.38,2026-05-20,1717,N20,VIIRS,n,2.0NRT,301.02,5.83,D
-12.13174,-53.32978,341.72,0.42,0.38,2026-05-20,1717,N20,VIIRS,n,2.0NRT,311.7,41.13,D
-12.13112,-53.32595,336.17,0.42,0.38,2026-05-20,1717,N20,VIIRS,n,2.0NRT,299.93,41.13,D
-12.1283,-53.33035,345.02,0.42,0.38,2026-05-20,1717,N20,VIIRS,n,2.0NRT,301.15,10.04,D
-12.12767,-53.32652,342.8,0.42,0.38,2026-05-20,1717,N20,VIIRS,n,2.0NRT,298.69,10.04,D
-12.12564,-53.33051,349.01,0.42,0.38,2026-05-20,1717,N20,VIIRS,n,2.0NRT,298.76,7.97,D
-12.12503,-53.32667,331.36,0.42,0.38,2026-05-20,1717,N20,VIIRS,n,2.0NRT,299.11,7.97,D
-12.12423,-53.32709,333.83,0.42,0.38,2026-05-20,1717,N20,VIIRS,n,2.0NRT,299.88,10.04,D
-12.05858,-53.35339,335.2,0.42,0.38,2026-05-20,1717,N20,VIIRS,l,2.0NRT,306.63,80.38,D
-12.05797,-53.34956,344.48,0.42,0.38,2026-05-20,1717,N20,VIIRS,n,2.0NRT,302.86,61.89,D
-12.0252,-47.7984,346.11,0.57,0.52,2026-05-20,1717,N20,VIIRS,n,2.0NRT,303.38,11.03,D
-11.98719,-47.41011,351.0,0.61,0.53,2026-05-20,1717,N20,VIIRS,n,2.0NRT,302.09,24.97,D
-11.98544,-47.41229,352.34,0.61,0.53,2026-05-20,1717,N20,VIIRS,n,2.0NRT,303.04,37.46,D
-11.98229,-47.411,345.45,0.61,0.53,2026-05-20,1717,N20,VIIRS,n,2.0NRT,298.95,8.15,D
-11.97948,-57.79678,336.42,0.42,0.38,2026-05-20,1717,N20,VIIRS,n,2.0NRT,296.9,2.02,D
-11.9788,-47.36553,332.74,0.61,0.54,2026-05-20,1717,N20,VIIRS,n,2.0NRT,302.98,7.12,D
-11.97738,-47.36759,337.45,0.61,0.54,2026-05-20,1717,N20,VIIRS,n,2.0NRT,303.23,11.85,D
-11.97389,-47.36641,367.0,0.61,0.54,2026-05-20,1717,N20,VIIRS,h,2.0NRT,303.71,19.79,D
-11.97247,-47.36849,355.38,0.61,0.54,2026-05-20,1717,N20,VIIRS,n,2.0NRT,302.61,11.85,D
-11.95898,-61.31115,333.68,0.43,0.46,2026-05-20,1717,N20,VIIRS,n,2.0NRT,293.67,3.89,D
-11.95369,-46.92783,332.2,0.33,0.55,2026-05-20,1717,N20,VIIRS,n,2.0NRT,301.52,3.34,D
-11.81742,-52.51832,346.25,0.45,0.39,2026-05-20,1717,N20,VIIRS,n,2.0NRT,303.8,7.15,D
-11.81385,-52.51892,335.08,0.45,0.39,2026-05-20,1717,N20,VIIRS,n,2.0NRT,308.67,17.16,D
-11.81316,-52.51474,334.46,0.45,0.39,2026-05-20,1717,N20,VIIRS,n,2.0NRT,304.1,11.75,D
-11.80958,-52.51534,345.97,0.45,0.39,2026-05-20,1717,N20,VIIRS,n,2.0NRT,306.7,11.75,D
-11.79702,-49.40616,342.51,0.45,0.47,2026-05-20,1717,N20,VIIRS,n,2.0NRT,305.96,5.46,D
-11.73702,-54.79626,348.27,0.39,0.36,2026-05-20,1717,N20,VIIRS,n,2.0NRT,305.32,11.17,D
-11.73425,-54.80034,334.05,0.39,0.36,2026-05-20,1717,N20,VIIRS,n,2.0NRT,297.65,3.78,D
-11.71221,-47.81026,345.37,0.58,0.52,2026-05-20,1717,N20,VIIRS,n,2.0NRT,307.0,10.62,D
-11.71103,-47.80727,342.86,0.58,0.52,2026-05-20,1717,N20,VIIRS,n,2.0NRT,305.74,13.93,D
-11.65143,-48.01605,349.16,0.56,0.52,2026-05-20,1717,N20,VIIRS,n,2.0NRT,302.97,29.47,D
-11.65087,-48.01856,334.44,0.56,0.52,2026-05-20,1717,N20,VIIRS,n,2.0NRT,301.68,14.96,D
-11.64996,-48.01344,340.1,0.56,0.52,2026-05-20,1717,N20,VIIRS,n,2.0NRT,300.69,18.44,D
-11.6399,-58.2479,342.67,0.44,0.38,2026-05-20,1717,N20,VIIRS,n,2.0NRT,293.01,6.77,D
-11.56186,-48.26236,340.8,0.54,0.51,2026-05-20,1717,N20,VIIRS,n,2.0NRT,302.91,5.83,D
-11.56096,-48.25735,338.17,0.55,0.51,2026-05-20,1717,N20,VIIRS,n,2.0NRT,301.95,6.11,D
-11.5563,-48.25821,337.07,0.55,0.51,2026-05-20,1717,N20,VIIRS,n,2.0NRT,304.6,6.17,D
-11.48466,-52.92058,338.1,0.44,0.38,2026-05-20,1717,N20,VIIRS,n,2.0NRT,307.61,9.53,D
-11.48113,-52.92117,336.92,0.44,0.38,2026-05-20,1717,N20,VIIRS,l,2.0NRT,308.67,10.47,D
-11.48048,-52.91715,347.91,0.44,0.38,2026-05-20,1717,N20,VIIRS,n,2.0NRT,311.52,10.47,D
-11.47983,-52.91312,333.66,0.44,0.38,2026-05-20,1717,N20,VIIRS,n,2.0NRT,303.0,4.26,D
-11.47278,-52.9143,332.93,0.44,0.38,2026-05-20,1717,N20,VIIRS,l,2.0NRT,303.07,5.67,D
-11.46991,-52.91891,332.57,0.44,0.38,2026-05-20,1717,N20,VIIRS,l,2.0NRT,306.48,16.88,D
-11.46926,-52.91488,331.26,0.44,0.38,2026-05-20,1717,N20,VIIRS,n,2.0NRT,300.6,5.67,D
-11.46573,-52.91547,332.12,0.44,0.38,2026-05-20,1717,N20,VIIRS,n,2.0NRT,301.21,4.05,D
-11.46221,-52.91605,332.02,0.44,0.38,2026-05-20,1717,N20,VIIRS,n,2.0NRT,299.79,4.05,D
-11.44876,-52.92242,338.31,0.44,0.38,2026-05-20,1717,N20,VIIRS,l,2.0NRT,309.81,10.69,D
-11.44524,-52.923,339.11,0.44,0.38,2026-05-20,1717,N20,VIIRS,n,2.0NRT,310.42,6.24,D
-11.44171,-52.92359,336.87,0.44,0.38,2026-05-20,1717,N20,VIIRS,n,2.0NRT,303.35,6.24,D
-11.41497,-46.94292,340.04,0.34,0.56,2026-05-20,1717,N20,VIIRS,n,2.0NRT,300.99,2.71,D
-11.39045,-47.19943,336.55,0.32,0.55,2026-05-20,1717,N20,VIIRS,n,2.0NRT,303.97,3.8,D
-11.34331,-48.00487,349.57,0.57,0.52,2026-05-20,1717,N20,VIIRS,n,2.0NRT,307.28,10.36,D
-11.33879,-53.94036,335.59,0.41,0.37,2026-05-20,1717,N20,VIIRS,n,2.0NRT,299.68,3.41,D
-11.33854,-48.00573,340.69,0.57,0.52,2026-05-20,1717,N20,VIIRS,n,2.0NRT,305.43,10.36,D
-11.33811,-51.41324,343.52,0.52,0.42,2026-05-20,1717,N20,VIIRS,n,2.0NRT,304.73,6.0,D
-11.33539,-53.94092,331.97,0.41,0.37,2026-05-20,1717,N20,VIIRS,n,2.0NRT,300.0,3.41,D
-11.3348,-53.93721,331.46,0.41,0.37,2026-05-20,1717,N20,VIIRS,n,2.0NRT,297.74,3.41,D
-11.33429,-51.41389,338.6,0.52,0.42,2026-05-20,1717,N20,VIIRS,n,2.0NRT,302.63,4.25,D
-11.332,-53.94149,340.85,0.41,0.37,2026-05-20,1717,N20,VIIRS,n,2.0NRT,300.54,12.4,D
-11.3117,-54.72422,350.38,0.39,0.36,2026-05-20,1717,N20,VIIRS,n,2.0NRT,306.63,10.57,D
-11.31114,-54.72066,347.23,0.39,0.36,2026-05-20,1717,N20,VIIRS,n,2.0NRT,307.47,11.69,D
-11.31059,-54.71709,355.52,0.39,0.36,2026-05-20,1717,N20,VIIRS,n,2.0NRT,310.07,11.69,D
-11.31003,-54.71352,367.0,0.39,0.36,2026-05-20,1717,N20,VIIRS,h,2.0NRT,311.7,19.72,D
-11.30947,-54.70994,356.34,0.39,0.36,2026-05-20,1717,N20,VIIRS,n,2.0NRT,313.11,19.72,D
-11.3093,-54.04007,330.86,0.4,0.37,2026-05-20,1717,N20,VIIRS,l,2.0NRT,301.28,3.33,D
-11.30891,-54.70636,333.48,0.39,0.36,2026-05-20,1717,N20,VIIRS,n,2.0NRT,297.93,7.26,D
-11.30776,-48.24334,332.53,0.55,0.51,2026-05-20,1717,N20,VIIRS,l,2.0NRT,304.05,7.3,D
-11.30725,-54.71762,346.95,0.39,0.36,2026-05-20,1717,N20,VIIRS,n,2.0NRT,310.3,11.69,D
-11.30669,-54.71405,355.67,0.39,0.36,2026-05-20,1717,N20,VIIRS,n,2.0NRT,311.13,19.72,D
-11.30614,-54.71047,355.85,0.39,0.36,2026-05-20,1717,N20,VIIRS,n,2.0NRT,310.26,19.72,D
-11.30558,-54.70689,346.01,0.39,0.36,2026-05-20,1717,N20,VIIRS,n,2.0NRT,300.04,7.26,D
-11.30392,-54.71815,351.91,0.39,0.36,2026-05-20,1717,N20,VIIRS,n,2.0NRT,311.31,15.83,D
-11.30336,-54.71458,352.5,0.39,0.36,2026-05-20,1717,N20,VIIRS,n,2.0NRT,310.44,21.13,D
-11.3028,-54.711,348.4,0.39,0.36,2026-05-20,1717,N20,VIIRS,n,2.0NRT,311.02,21.13,D
-11.30224,-54.70742,342.6,0.39,0.36,2026-05-20,1717,N20,VIIRS,n,2.0NRT,304.28,20.41,D
-11.30058,-54.71868,333.08,0.39,0.36,2026-05-20,1717,N20,VIIRS,n,2.0NRT,299.2,15.83,D
-11.30002,-54.71511,333.17,0.39,0.36,2026-05-20,1717,N20,VIIRS,n,2.0NRT,296.91,21.13,D
-11.29946,-54.71154,334.77,0.39,0.36,2026-05-20,1717,N20,VIIRS,n,2.0NRT,295.63,21.13,D
-11.29392,-54.76356,333.82,0.39,0.36,2026-05-20,1717,N20,VIIRS,n,2.0NRT,302.84,2.86,D
-11.2834,-53.96461,330.0,0.41,0.37,2026-05-20,1717,N20,VIIRS,l,2.0NRT,301.91,3.03,D
-11.27649,-49.45829,342.61,0.46,0.47,2026-05-20,1717,N20,VIIRS,n,2.0NRT,301.34,13.82,D
-11.27574,-49.45411,351.68,0.46,0.47,2026-05-20,1717,N20,VIIRS,n,2.0NRT,306.1,15.05,D
-11.21345,-49.78938,335.32,0.44,0.46,2026-05-20,1717,N20,VIIRS,n,2.0NRT,300.64,5.23,D
-11.20987,-49.79013,348.2,0.44,0.46,2026-05-20,1717,N20,VIIRS,n,2.0NRT,300.88,6.78,D
-11.20922,-49.79013,353.9,0.44,0.46,2026-05-20,1717,N20,VIIRS,n,2.0NRT,300.59,5.23,D
-11.20564,-49.79087,352.66,0.44,0.46,2026-05-20,1717,N20,VIIRS,n,2.0NRT,299.38,6.78,D
-11.20498,-49.79087,345.54,0.44,0.46,2026-05-20,1717,N20,VIIRS,n,2.0NRT,299.64,5.08,D
-11.20432,-51.09398,338.83,0.55,0.43,2026-05-20,1717,N20,VIIRS,n,2.0NRT,304.25,10.27,D
-11.20376,-51.09196,351.59,0.55,0.43,2026-05-20,1717,N20,VIIRS,n,2.0NRT,304.12,18.19,D
-11.20345,-51.08898,336.88,0.55,0.43,2026-05-20,1717,N20,VIIRS,n,2.0NRT,302.68,10.27,D
-11.14596,-48.11162,332.09,0.57,0.52,2026-05-20,1717,N20,VIIRS,l,2.0NRT,303.48,3.44,D
-11.10356,-46.51931,336.04,0.36,0.58,2026-05-20,1717,N20,VIIRS,n,2.0NRT,300.96,5.62,D
-11.09894,-46.52379,343.53,0.36,0.58,2026-05-20,1717,N20,VIIRS,n,2.0NRT,301.85,4.3,D
-11.09484,-46.53096,331.1,0.36,0.58,2026-05-20,1717,N20,VIIRS,l,2.0NRT,301.54,4.31,D
-11.09426,-46.52789,338.72,0.36,0.58,2026-05-20,1717,N20,VIIRS,n,2.0NRT,302.27,4.3,D
-11.09371,-46.52498,331.02,0.36,0.58,2026-05-20,1717,N20,VIIRS,n,2.0NRT,297.99,4.3,D
-11.08899,-46.52887,331.08,0.36,0.58,2026-05-20,1717,N20,VIIRS,n,2.0NRT,298.95,2.94,D
-11.07681,-46.55103,367.0,0.36,0.57,2026-05-20,1717,N20,VIIRS,h,2.0NRT,298.64,16.13,D
-11.07215,-46.55524,334.24,0.36,0.57,2026-05-20,1717,N20,VIIRS,n,2.0NRT,295.27,5.06,D
-11.07122,-49.60052,350.62,0.45,0.47,2026-05-20,1717,N20,VIIRS,n,2.0NRT,304.54,8.26,D
-11.06907,-49.60119,367.0,0.45,0.47,2026-05-20,1717,N20,VIIRS,h,2.0NRT,306.42,15.81,D
-11.06693,-49.60129,351.23,0.45,0.47,2026-05-20,1717,N20,VIIRS,n,2.0NRT,303.93,8.26,D
-11.05064,-48.91782,332.09,0.5,0.49,2026-05-20,1717,N20,VIIRS,n,2.0NRT,300.42,9.23,D
-11.04788,-48.91937,350.9,0.5,0.49,2026-05-20,1717,N20,VIIRS,n,2.0NRT,302.81,16.11,D
-11.04616,-48.91871,341.89,0.5,0.49,2026-05-20,1717,N20,VIIRS,n,2.0NRT,302.74,9.23,D
-11.02267,-42.85439,341.27,0.64,0.72,2026-05-20,1717,N20,VIIRS,n,2.0NRT,299.78,10.13,D
-10.96944,-49.8823,331.57,0.44,0.46,2026-05-20,1717,N20,VIIRS,l,2.0NRT,303.19,7.48,D
-10.9659,-49.88703,340.9,0.44,0.46,2026-05-20,1717,N20,VIIRS,n,2.0NRT,302.62,8.6,D
-10.96168,-49.88777,350.73,0.44,0.46,2026-05-20,1717,N20,VIIRS,n,2.0NRT,301.67,8.6,D
-10.95745,-49.8885,348.02,0.44,0.46,2026-05-20,1717,N20,VIIRS,n,2.0NRT,300.67,6.93,D
-10.95676,-49.88453,340.76,0.44,0.46,2026-05-20,1717,N20,VIIRS,n,2.0NRT,299.46,6.93,D
-10.95253,-49.88526,342.24,0.44,0.46,2026-05-20,1717,N20,VIIRS,n,2.0NRT,300.14,6.93,D
-10.92716,-49.88969,340.28,0.44,0.46,2026-05-20,1717,N20,VIIRS,n,2.0NRT,299.71,3.12,D
-10.92293,-49.89043,337.21,0.44,0.46,2026-05-20,1717,N20,VIIRS,n,2.0NRT,302.5,6.46,D
-10.91518,-49.77164,332.99,0.44,0.46,2026-05-20,1717,N20,VIIRS,n,2.0NRT,301.85,5.06,D
-10.91092,-49.7724,346.79,0.44,0.46,2026-05-20,1717,N20,VIIRS,n,2.0NRT,301.95,4.45,D
-10.91021,-49.76833,330.46,0.45,0.47,2026-05-20,1717,N20,VIIRS,l,2.0NRT,301.91,4.45,D
-10.89993,-49.88155,341.62,0.44,0.46,2026-05-20,1717,N20,VIIRS,n,2.0NRT,301.54,7.89,D
-10.89985,-51.10299,333.69,0.55,0.43,2026-05-20,1717,N20,VIIRS,n,2.0NRT,300.8,4.08,D
-10.89966,-49.88214,346.51,0.44,0.46,2026-05-20,1717,N20,VIIRS,n,2.0NRT,302.03,9.0,D
-10.89366,-49.87028,334.77,0.44,0.46,2026-05-20,1717,N20,VIIRS,n,2.0NRT,301.87,4.66,D
-10.88365,-53.76555,339.1,0.41,0.37,2026-05-20,1717,N20,VIIRS,n,2.0NRT,306.56,7.17,D
-10.87098,-53.75215,330.85,0.42,0.37,2026-05-20,1717,N20,VIIRS,l,2.0NRT,302.71,3.42,D
-10.86451,-44.94347,329.85,0.47,0.64,2026-05-20,1717,N20,VIIRS,n,2.0NRT,296.43,6.55,D
-10.86265,-49.62434,342.57,0.46,0.47,2026-05-20,1717,N20,VIIRS,l,2.0NRT,312.77,78.58,D
-10.8626,-44.94064,367.0,0.47,0.64,2026-05-20,1717,N20,VIIRS,h,2.0NRT,297.52,24.33,D
-10.86191,-49.62019,332.75,0.46,0.47,2026-05-20,1717,N20,VIIRS,n,2.0NRT,302.7,17.96,D
-10.85864,-44.94451,354.75,0.47,0.64,2026-05-20,1717,N20,VIIRS,n,2.0NRT,297.04,9.22,D
-10.85834,-49.6251,345.54,0.46,0.47,2026-05-20,1717,N20,VIIRS,n,2.0NRT,302.52,10.86,D
-10.85784,-44.94029,351.81,0.47,0.64,2026-05-20,1717,N20,VIIRS,n,2.0NRT,295.66,9.22,D
-10.8576,-49.62095,343.08,0.46,0.47,2026-05-20,1717,N20,VIIRS,n,2.0NRT,303.06,8.78,D
-10.80952,-49.63714,342.78,0.46,0.47,2026-05-20,1717,N20,VIIRS,n,2.0NRT,304.54,6.25,D
-10.79722,-49.94065,340.04,0.44,0.46,2026-05-20,1717,N20,VIIRS,n,2.0NRT,301.72,12.06,D
-10.79692,-49.94057,339.1,0.44,0.46,2026-05-20,1717,N20,VIIRS,n,2.0NRT,301.44,7.78,D
-10.79621,-49.9366,331.26,0.44,0.46,2026-05-20,1717,N20,VIIRS,n,2.0NRT,300.93,7.78,D
-10.793,-49.9414,337.07,0.44,0.46,2026-05-20,1717,N20,VIIRS,n,2.0NRT,302.9,10.53,D
-10.7927,-49.94131,338.81,0.44,0.46,2026-05-20,1717,N20,VIIRS,n,2.0NRT,302.48,7.78,D
-10.79232,-49.93741,340.73,0.44,0.46,2026-05-20,1717,N20,VIIRS,n,2.0NRT,301.55,10.53,D
-10.79199,-49.93733,341.26,0.44,0.46,2026-05-20,1717,N20,VIIRS,n,2.0NRT,301.73,7.78,D
-10.78606,-49.9262,345.29,0.44,0.46,2026-05-20,1717,N20,VIIRS,n,2.0NRT,302.14,7.52,D
-10.78251,-49.93092,340.78,0.44,0.46,2026-05-20,1717,N20,VIIRS,n,2.0NRT,300.18,7.17,D
-10.78183,-49.92693,353.27,0.44,0.46,2026-05-20,1717,N20,VIIRS,n,2.0NRT,301.21,7.13,D
-10.78115,-49.92294,340.4,0.44,0.46,2026-05-20,1717,N20,VIIRS,n,2.0NRT,300.56,7.13,D
-10.71573,-49.74689,345.03,0.45,0.47,2026-05-20,1717,N20,VIIRS,n,2.0NRT,299.99,5.85,D
-10.67213,-48.24455,330.65,0.57,0.52,2026-05-20,1717,N20,VIIRS,n,2.0NRT,299.19,5.46,D
-10.66926,-48.25584,353.47,0.57,0.52,2026-05-20,1717,N20,VIIRS,n,2.0NRT,306.13,35.28,D
-10.66738,-48.24538,340.48,0.57,0.52,2026-05-20,1717,N20,VIIRS,n,2.0NRT,297.15,4.72,D
-10.65999,-42.30256,330.73,0.71,0.75,2026-05-20,1717,N20,VIIRS,n,2.0NRT,299.16,5.71,D
-10.6592,-42.29959,339.28,0.7,0.75,2026-05-20,1717,N20,VIIRS,n,2.0NRT,299.2,24.06,D
-10.65869,-42.29608,345.8,0.71,0.75,2026-05-20,1717,N20,VIIRS,n,2.0NRT,299.35,8.13,D
-10.65786,-42.29314,334.29,0.71,0.75,2026-05-20,1717,N20,VIIRS,n,2.0NRT,298.67,24.06,D
-10.65312,-42.30394,353.42,0.71,0.75,2026-05-20,1717,N20,VIIRS,n,2.0NRT,305.42,40.66,D
-10.65232,-42.30094,352.65,0.7,0.75,2026-05-20,1717,N20,VIIRS,n,2.0NRT,306.29,24.06,D
-10.65182,-42.29745,355.48,0.71,0.75,2026-05-20,1717,N20,VIIRS,n,2.0NRT,305.98,41.92,D
-10.65098,-42.29448,367.0,0.71,0.75,2026-05-20,1717,N20,VIIRS,h,2.0NRT,302.62,24.06,D
-10.64625,-42.3053,367.0,0.71,0.75,2026-05-20,1717,N20,VIIRS,h,2.0NRT,302.24,40.66,D
-10.64545,-42.30227,367.0,0.7,0.75,2026-05-20,1717,N20,VIIRS,h,2.0NRT,303.61,29.22,D
-10.64495,-42.29881,367.0,0.71,0.75,2026-05-20,1717,N20,VIIRS,h,2.0NRT,303.92,41.92,D
-10.6441,-42.2958,367.0,0.71,0.75,2026-05-20,1717,N20,VIIRS,h,2.0NRT,303.36,29.22,D
-10.64364,-42.29232,337.96,0.71,0.75,2026-05-20,1717,N20,VIIRS,n,2.0NRT,302.5,41.92,D
-10.60181,-53.46994,348.44,0.43,0.38,2026-05-20,1717,N20,VIIRS,n,2.0NRT,302.86,6.47,D
-10.60157,-49.89174,338.97,0.44,0.46,2026-05-20,1717,N20,VIIRS,n,2.0NRT,300.83,8.02,D
-10.60086,-49.88771,348.75,0.44,0.46,2026-05-20,1717,N20,VIIRS,n,2.0NRT,303.27,8.02,D
-10.59731,-49.89248,336.0,0.44,0.46,2026-05-20,1717,N20,VIIRS,n,2.0NRT,298.04,5.23,D
-10.59661,-49.88846,341.54,0.44,0.46,2026-05-20,1717,N20,VIIRS,n,2.0NRT,301.08,5.23,D
-10.58957,-46.66249,353.35,0.36,0.58,2026-05-20,1717,N20,VIIRS,n,2.0NRT,302.27,5.87,D
-10.58834,-46.65585,344.8,0.36,0.58,2026-05-20,1717,N20,VIIRS,n,2.0NRT,299.17,7.22,D
-10.58773,-46.65256,367.0,0.36,0.58,2026-05-20,1717,N20,VIIRS,h,2.0NRT,297.72,7.22,D
-10.58712,-46.6493,341.71,0.36,0.58,2026-05-20,1717,N20,VIIRS,n,2.0NRT,294.9,5.23,D
-10.58181,-46.65009,341.31,0.36,0.58,2026-05-20,1717,N20,VIIRS,n,2.0NRT,298.03,3.17,D
-10.57145,-51.82024,332.44,0.51,0.41,2026-05-20,1717,N20,VIIRS,n,2.0NRT,302.33,3.8,D
-10.57121,-46.65182,330.56,0.36,0.58,2026-05-20,1717,N20,VIIRS,l,2.0NRT,301.44,3.41,D
-10.53827,-49.89968,333.26,0.44,0.46,2026-05-20,1717,N20,VIIRS,n,2.0NRT,301.43,3.89,D
-10.50135,-42.40134,354.05,0.7,0.75,2026-05-20,1717,N20,VIIRS,n,2.0NRT,300.68,11.8,D
-10.49221,-42.49573,330.51,0.69,0.74,2026-05-20,1717,N20,VIIRS,n,2.0NRT,299.3,6.51,D
-10.49092,-42.48944,336.73,0.69,0.74,2026-05-20,1717,N20,VIIRS,n,2.0NRT,297.89,6.51,D
-10.49078,-42.49234,352.78,0.69,0.74,2026-05-20,1717,N20,VIIRS,n,2.0NRT,299.35,16.59,D
-10.49002,-49.36253,339.7,0.48,0.48,2026-05-20,1717,N20,VIIRS,n,2.0NRT,308.88,9.79,D
-10.48537,-42.49696,352.8,0.69,0.74,2026-05-20,1717,N20,VIIRS,n,2.0NRT,299.56,10.75,D
-10.4852,-42.4999,340.2,0.69,0.74,2026-05-20,1717,N20,VIIRS,n,2.0NRT,298.79,14.96,D
-10.45545,-47.94871,341.06,0.6,0.53,2026-05-20,1717,N20,VIIRS,n,2.0NRT,301.47,13.06,D
-10.45445,-47.94324,341.47,0.6,0.53,2026-05-20,1717,N20,VIIRS,n,2.0NRT,300.34,26.74,D
-10.45343,-47.93769,333.27,0.6,0.53,2026-05-20,1717,N20,VIIRS,n,2.0NRT,301.6,26.74,D
-10.4521,-47.94658,352.77,0.6,0.53,2026-05-20,1717,N20,VIIRS,n,2.0NRT,304.12,61.32,D
-10.45113,-47.94106,341.59,0.6,0.53,2026-05-20,1717,N20,VIIRS,n,2.0NRT,304.97,61.9,D
-10.45059,-47.94952,334.39,0.6,0.53,2026-05-20,1717,N20,VIIRS,n,2.0NRT,302.23,13.06,D
-10.44959,-47.94409,351.48,0.6,0.53,2026-05-20,1717,N20,VIIRS,n,2.0NRT,305.58,26.74,D
-10.44856,-47.93854,335.53,0.6,0.53,2026-05-20,1717,N20,VIIRS,n,2.0NRT,297.8,26.74,D
-10.44724,-47.94741,353.74,0.6,0.53,2026-05-20,1717,N20,VIIRS,n,2.0NRT,301.64,16.58,D
-10.44572,-47.95031,350.52,0.6,0.53,2026-05-20,1717,N20,VIIRS,n,2.0NRT,303.02,14.04,D
-10.44331,-47.95356,340.81,0.6,0.53,2026-05-20,1717,N20,VIIRS,n,2.0NRT,303.21,16.58,D
-10.44235,-47.94813,333.04,0.6,0.53,2026-05-20,1717,N20,VIIRS,n,2.0NRT,297.71,16.58,D
-10.44083,-47.951,343.46,0.6,0.53,2026-05-20,1717,N20,VIIRS,n,2.0NRT,302.42,14.04,D
-10.40013,-49.44143,346.89,0.48,0.48,2026-05-20,1717,N20,VIIRS,n,2.0NRT,307.75,10.18,D
-10.31874,-46.45829,345.84,0.38,0.59,2026-05-20,1717,N20,VIIRS,n,2.0NRT,299.0,4.76,D
-10.29251,-55.20028,335.77,0.39,0.36,2026-05-20,1717,N20,VIIRS,n,2.0NRT,300.98,2.96,D
-10.26524,-46.75131,367.0,0.36,0.58,2026-05-20,1717,N20,VIIRS,h,2.0NRT,303.72,24.55,D
-10.26461,-46.74796,334.69,0.36,0.58,2026-05-20,1717,N20,VIIRS,n,2.0NRT,297.88,10.05,D
-10.26345,-46.77097,331.34,0.36,0.57,2026-05-20,1717,N20,VIIRS,n,2.0NRT,296.96,2.83,D
-10.24617,-50.87933,338.43,0.39,0.44,2026-05-20,1717,N20,VIIRS,n,2.0NRT,306.83,6.48,D
-10.21022,-48.43965,332.13,0.56,0.51,2026-05-20,1717,N20,VIIRS,l,2.0NRT,302.93,3.62,D
-10.2084,-48.43719,335.45,0.56,0.51,2026-05-20,1717,N20,VIIRS,n,2.0NRT,299.19,3.28,D
-10.19118,-48.58706,350.56,0.55,0.51,2026-05-20,1717,N20,VIIRS,n,2.0NRT,301.0,26.97,D
-10.14619,-46.83835,367.0,0.36,0.57,2026-05-20,1717,N20,VIIRS,h,2.0NRT,302.1,9.62,D
-10.14149,-46.84014,335.46,0.36,0.57,2026-05-20,1717,N20,VIIRS,n,2.0NRT,300.03,2.59,D
-10.11367,-52.41405,332.25,0.48,0.4,2026-05-20,1717,N20,VIIRS,l,2.0NRT,303.95,23.77,D
-10.10929,-52.41027,330.05,0.48,0.4,2026-05-20,1717,N20,VIIRS,n,2.0NRT,299.72,3.75,D
-10.1006,-47.96598,335.48,0.6,0.53,2026-05-20,1717,N20,VIIRS,n,2.0NRT,301.21,4.98,D
-10.09501,-52.17189,342.73,0.49,0.41,2026-05-20,1717,N20,VIIRS,n,2.0NRT,300.62,5.8,D
-10.09333,-52.17107,335.31,0.5,0.41,2026-05-20,1717,N20,VIIRS,n,2.0NRT,299.54,10.83,D
-10.09129,-52.1725,331.82,0.49,0.41,2026-05-20,1717,N20,VIIRS,n,2.0NRT,300.08,5.8,D
-10.08832,-52.17761,330.48,0.49,0.41,2026-05-20,1717,N20,VIIRS,n,2.0NRT,299.51,5.2,D
-10.08662,-52.17679,332.45,0.5,0.41,2026-05-20,1717,N20,VIIRS,n,2.0NRT,298.16,3.33,D
-10.03719,-51.66628,337.6,0.53,0.42,2026-05-20,1717,N20,VIIRS,l,2.0NRT,310.33,12.7,D
-10.03382,-48.52908,330.78,0.56,0.51,2026-05-20,1717,N20,VIIRS,l,2.0NRT,301.58,2.77,D
-10.0075,-46.8163,342.87,0.36,0.58,2026-05-20,1717,N20,VIIRS,n,2.0NRT,299.31,3.48,D
-9.96635,-52.45483,332.53,0.48,0.4,2026-05-20,1717,N20,VIIRS,n,2.0NRT,301.43,3.63,D
-9.96563,-52.45047,350.2,0.48,0.4,2026-05-20,1717,N20,VIIRS,n,2.0NRT,301.76,6.68,D
-9.96492,-52.44612,331.31,0.48,0.4,2026-05-20,1717,N20,VIIRS,n,2.0NRT,297.75,6.68,D
-9.96482,-52.46846,337.74,0.48,0.4,2026-05-20,1717,N20,VIIRS,n,2.0NRT,305.74,6.12,D
-9.96196,-52.45108,342.62,0.48,0.4,2026-05-20,1717,N20,VIIRS,n,2.0NRT,303.72,17.78,D
-9.96124,-52.44671,332.09,0.48,0.4,2026-05-20,1717,N20,VIIRS,n,2.0NRT,298.22,17.78,D
-9.96116,-52.46907,338.32,0.48,0.4,2026-05-20,1717,N20,VIIRS,n,2.0NRT,303.51,6.12,D
-9.96044,-52.46473,343.7,0.48,0.4,2026-05-20,1717,N20,VIIRS,n,2.0NRT,303.11,6.12,D
-9.95829,-52.45168,345.34,0.48,0.4,2026-05-20,1717,N20,VIIRS,n,2.0NRT,299.83,17.78,D
-9.95677,-52.46534,332.98,0.48,0.4,2026-05-20,1717,N20,VIIRS,n,2.0NRT,301.95,6.51,D
-9.95606,-52.461,339.12,0.48,0.4,2026-05-20,1717,N20,VIIRS,n,2.0NRT,300.5,17.64,D
-9.95462,-52.45228,340.18,0.48,0.4,2026-05-20,1717,N20,VIIRS,n,2.0NRT,300.72,23.3,D
-9.95094,-52.45287,344.28,0.48,0.4,2026-05-20,1717,N20,VIIRS,n,2.0NRT,300.27,23.3,D
-9.93572,-48.01481,336.48,0.6,0.53,2026-05-20,1717,N20,VIIRS,n,2.0NRT,296.24,18.44,D
-9.9347,-48.0092,353.03,0.6,0.53,2026-05-20,1717,N20,VIIRS,n,2.0NRT,298.47,66.66,D
-9.74177,-47.02016,354.47,0.36,0.57,2026-05-20,1717,N20,VIIRS,n,2.0NRT,298.0,6.71,D
-9.74173,-47.01919,367.0,0.36,0.57,2026-05-20,1717,N20,VIIRS,h,2.0NRT,298.86,11.65,D
-9.74119,-47.01697,348.53,0.36,0.57,2026-05-20,1717,N20,VIIRS,n,2.0NRT,296.14,6.71,D
-9.69866,-51.02361,341.26,0.39,0.44,2026-05-20,1717,N20,VIIRS,n,2.0NRT,301.29,5.59,D
-9.6526,-47.27446,333.0,0.34,0.56,2026-05-20,1717,N20,VIIRS,n,2.0NRT,299.85,1.63,D
-9.64544,-48.56361,339.1,0.56,0.52,2026-05-20,1717,N20,VIIRS,n,2.0NRT,297.25,17.63,D
-9.61586,-47.50773,355.71,0.33,0.55,2026-05-20,1717,N20,VIIRS,n,2.0NRT,297.31,7.64,D
-9.6153,-47.50469,355.49,0.33,0.55,2026-05-20,1717,N20,VIIRS,n,2.0NRT,296.04,7.64,D
-9.52055,-46.26527,341.52,0.4,0.6,2026-05-20,1717,N20,VIIRS,n,2.0NRT,303.35,7.05,D
-9.51985,-46.2615,367.0,0.4,0.6,2026-05-20,1717,N20,VIIRS,h,2.0NRT,302.33,7.05,D
-9.38964,-45.47364,335.08,0.46,0.63,2026-05-20,1717,N20,VIIRS,n,2.0NRT,295.48,3.27,D
-9.14703,-51.27523,332.43,0.57,0.43,2026-05-20,1717,N20,VIIRS,n,2.0NRT,299.83,6.15,D
-9.1019,-47.76507,367.0,0.32,0.55,2026-05-20,1717,N20,VIIRS,h,2.0NRT,299.37,11.52,D
-9.10139,-47.76217,343.04,0.32,0.55,2026-05-20,1717,N20,VIIRS,n,2.0NRT,297.57,8.41,D
-9.01818,-51.42144,331.25,0.56,0.43,2026-05-20,1717,N20,VIIRS,n,2.0NRT,297.5,8.45,D
-8.97196,-47.45052,345.86,0.34,0.56,2026-05-20,1717,N20,VIIRS,n,2.0NRT,298.79,6.99,D
-8.93066,-47.64545,344.09,0.33,0.56,2026-05-20,1717,N20,VIIRS,n,2.0NRT,297.31,4.7,D
-8.69926,-49.21201,335.75,0.53,0.5,2026-05-20,1717,N20,VIIRS,n,2.0NRT,299.6,5.03,D
-8.69466,-49.21277,336.0,0.53,0.5,2026-05-20,1717,N20,VIIRS,n,2.0NRT,300.83,5.03,D
-8.69005,-49.21352,348.52,0.53,0.5,2026-05-20,1717,N20,VIIRS,n,2.0NRT,301.19,11.28,D
-8.67481,-49.04163,337.29,0.54,0.51,2026-05-20,1717,N20,VIIRS,n,2.0NRT,298.46,3.91,D
-8.56688,-47.6017,334.97,0.34,0.56,2026-05-20,1717,N20,VIIRS,n,2.0NRT,297.92,3.18,D
-8.5566,-45.98515,343.94,0.44,0.62,2026-05-20,1717,N20,VIIRS,n,2.0NRT,300.5,6.9,D
-8.54787,-51.56564,333.55,0.56,0.43,2026-05-20,1717,N20,VIIRS,n,2.0NRT,297.39,5.54,D
-8.54702,-51.56052,336.95,0.56,0.43,2026-05-20,1717,N20,VIIRS,n,2.0NRT,296.88,5.54,D
-8.54338,-50.15624,336.03,0.46,0.47,2026-05-20,1717,N20,VIIRS,n,2.0NRT,299.37,5.64,D
-8.54308,-51.56118,347.63,0.56,0.43,2026-05-20,1717,N20,VIIRS,n,2.0NRT,300.92,66.6,D
-8.48344,-47.65094,330.57,0.34,0.56,2026-05-20,1717,N20,VIIRS,n,2.0NRT,298.2,2.26,D
-8.46993,-49.59819,341.23,0.5,0.49,2026-05-20,1717,N20,VIIRS,n,2.0NRT,299.21,11.69,D
-8.46844,-49.60142,341.41,0.5,0.49,2026-05-20,1717,N20,VIIRS,n,2.0NRT,300.96,14.03,D
-8.39892,-49.19532,330.3,0.53,0.5,2026-05-20,1717,N20,VIIRS,n,2.0NRT,295.83,6.14,D
-8.39003,-42.26317,347.78,0.78,0.78,2026-05-20,1717,N20,VIIRS,n,2.0NRT,296.82,11.33,D
-8.38699,-42.26362,348.49,0.78,0.78,2026-05-20,1717,N20,VIIRS,n,2.0NRT,296.17,7.97,D
-8.30183,-51.9537,328.69,0.54,0.42,2026-05-20,1717,N20,VIIRS,n,2.0NRT,296.03,1.46,D
-8.29876,-51.95925,340.16,0.54,0.42,2026-05-20,1717,N20,VIIRS,n,2.0NRT,297.75,17.36,D
-8.29796,-51.9543,350.96,0.54,0.42,2026-05-20,1717,N20,VIIRS,n,2.0NRT,301.23,17.36,D
-8.29715,-51.94934,340.58,0.54,0.42,2026-05-20,1717,N20,VIIRS,n,2.0NRT,298.22,8.21,D
-8.29328,-51.94996,343.96,0.54,0.42,2026-05-20,1717,N20,VIIRS,n,2.0NRT,299.96,8.21,D
-8.28941,-51.95058,332.92,0.54,0.42,2026-05-20,1717,N20,VIIRS,n,2.0NRT,297.19,8.86,D
-8.25001,-52.09527,329.89,0.53,0.42,2026-05-20,1717,N20,VIIRS,n,2.0NRT,296.83,8.13,D
-8.20938,-47.98981,339.96,0.32,0.55,2026-05-20,1717,N20,VIIRS,n,2.0NRT,298.14,4.72,D
-8.20381,-47.98767,337.37,0.32,0.55,2026-05-20,1717,N20,VIIRS,n,2.0NRT,296.68,4.72,D
-8.14927,-52.11959,337.08,0.53,0.42,2026-05-20,1717,N20,VIIRS,n,2.0NRT,298.13,5.04,D
-8.14848,-52.11486,332.8,0.53,0.42,2026-05-20,1717,N20,VIIRS,n,2.0NRT,298.22,5.04,D
-8.14464,-52.11548,345.55,0.53,0.42,2026-05-20,1717,N20,VIIRS,n,2.0NRT,298.21,10.37,D
-8.11697,-47.41505,334.3,0.36,0.57,2026-05-20,1717,N20,VIIRS,n,2.0NRT,294.82,1.4,D
-8.10211,-47.69883,335.43,0.34,0.56,2026-05-20,1717,N20,VIIRS,n,2.0NRT,297.39,4.35,D
-8.01964,-50.68017,340.91,0.43,0.46,2026-05-20,1717,N20,VIIRS,n,2.0NRT,300.4,4.99,D
-8.01897,-50.67624,338.16,0.43,0.46,2026-05-20,1717,N20,VIIRS,n,2.0NRT,300.88,7.41,D
-7.92673,-48.28291,351.33,0.63,0.54,2026-05-20,1717,N20,VIIRS,n,2.0NRT,298.43,10.52,D
-7.72068,-51.74094,347.18,0.56,0.43,2026-05-20,1717,N20,VIIRS,n,2.0NRT,299.04,14.52,D
-7.71674,-51.74166,347.05,0.56,0.43,2026-05-20,1717,N20,VIIRS,n,2.0NRT,299.46,14.52,D
-7.71447,-51.75257,345.91,0.56,0.43,2026-05-20,1717,N20,VIIRS,n,2.0NRT,297.74,7.41,D
-7.63199,-48.30547,340.36,0.63,0.54,2026-05-20,1717,N20,VIIRS,n,2.0NRT,295.91,4.22,D
-7.59067,-50.39676,339.25,0.46,0.47,2026-05-20,1717,N20,VIIRS,n,2.0NRT,295.82,11.73,D
-7.3528,-46.63812,367.0,0.42,0.61,2026-05-20,1717,N20,VIIRS,h,2.0NRT,295.95,7.7,D
-7.3468,-46.8912,336.39,0.4,0.6,2026-05-20,1717,N20,VIIRS,n,2.0NRT,298.57,5.39,D
-7.34662,-46.88931,349.58,0.4,0.6,2026-05-20,1717,N20,VIIRS,n,2.0NRT,299.01,4.47,D
-7.34617,-46.88761,347.72,0.4,0.6,2026-05-20,1717,N20,VIIRS,n,2.0NRT,298.93,5.39,D
-7.34597,-46.8857,334.17,0.4,0.6,2026-05-20,1717,N20,VIIRS,n,2.0NRT,298.17,4.47,D
-7.34467,-46.9408,348.02,0.4,0.6,2026-05-20,1717,N20,VIIRS,n,2.0NRT,296.4,4.07,D
-7.34062,-46.88828,347.78,0.4,0.6,2026-05-20,1717,N20,VIIRS,n,2.0NRT,296.76,5.39,D
-7.34041,-46.88636,367.0,0.4,0.6,2026-05-20,1717,N20,VIIRS,h,2.0NRT,297.21,7.69,D
-7.33999,-46.88465,333.97,0.4,0.6,2026-05-20,1717,N20,VIIRS,n,2.0NRT,296.07,10.13,D
-7.18173,-47.20105,355.82,0.38,0.59,2026-05-20,1717,N20,VIIRS,n,2.0NRT,295.3,10.71,D
-7.18111,-47.1976,356.75,0.38,0.59,2026-05-20,1717,N20,VIIRS,l,2.0NRT,295.23,10.91,D
-7.17973,-47.20194,354.3,0.38,0.59,2026-05-20,1717,N20,VIIRS,n,2.0NRT,295.89,15.92,D
-7.17913,-47.19849,367.0,0.38,0.59,2026-05-20,1717,N20,VIIRS,h,2.0NRT,298.9,12.06,D
-7.17854,-47.19508,345.67,0.38,0.59,2026-05-20,1717,N20,VIIRS,n,2.0NRT,296.5,12.06,D
-7.17635,-47.20211,350.35,0.38,0.59,2026-05-20,1717,N20,VIIRS,n,2.0NRT,297.13,10.71,D
-7.17574,-47.19872,367.0,0.38,0.59,2026-05-20,1717,N20,VIIRS,h,2.0NRT,300.13,10.91,D
-7.17512,-47.19533,340.04,0.38,0.59,2026-05-20,1717,N20,VIIRS,n,2.0NRT,296.29,10.91,D
-7.17436,-47.20306,355.29,0.38,0.59,2026-05-20,1717,N20,VIIRS,n,2.0NRT,297.64,18.11,D
-7.17377,-47.19968,367.0,0.38,0.59,2026-05-20,1717,N20,VIIRS,h,2.0NRT,300.44,13.62,D
-7.17318,-47.1963,341.29,0.38,0.59,2026-05-20,1717,N20,VIIRS,n,2.0NRT,295.55,13.62,D
-7.17098,-47.20323,355.59,0.38,0.59,2026-05-20,1717,N20,VIIRS,n,2.0NRT,294.47,14.53,D
-7.17037,-47.19986,367.0,0.38,0.59,2026-05-20,1717,N20,VIIRS,h,2.0NRT,292.55,17.55,D
-7.08391,-47.07073,354.76,0.39,0.59,2026-05-20,1717,N20,VIIRS,n,2.0NRT,295.56,5.74,D
-7.01224,-44.99235,329.63,0.54,0.68,2026-05-20,1717,N20,VIIRS,n,2.0NRT,295.86,5.53,D
-6.99791,-50.46595,346.09,0.46,0.47,2026-05-20,1717,N20,VIIRS,n,2.0NRT,292.63,7.75,D
-6.99405,-52.7381,332.41,0.51,0.41,2026-05-20,1717,N20,VIIRS,n,2.0NRT,298.19,6.27,D
-6.99332,-52.73351,333.18,0.51,0.41,2026-05-20,1717,N20,VIIRS,n,2.0NRT,296.75,6.27,D
-6.91493,-45.67346,341.07,0.49,0.65,2026-05-20,1717,N20,VIIRS,n,2.0NRT,295.02,3.8,D
-6.91218,-45.67232,330.96,0.49,0.65,2026-05-20,1717,N20,VIIRS,n,2.0NRT,294.41,6.11,D
-6.87833,-46.35931,352.84,0.44,0.63,2026-05-20,1717,N20,VIIRS,n,2.0NRT,296.39,7.23,D
-6.8726,-46.36036,336.78,0.44,0.63,2026-05-20,1717,N20,VIIRS,n,2.0NRT,296.59,5.4,D
-6.87186,-46.35619,331.15,0.44,0.63,2026-05-20,1717,N20,VIIRS,n,2.0NRT,295.41,5.17,D
-6.82134,-43.83529,367.0,0.66,0.73,2026-05-20,1717,N20,VIIRS,h,2.0NRT,295.61,25.19,D
-6.82021,-43.82928,367.0,0.66,0.73,2026-05-20,1717,N20,VIIRS,h,2.0NRT,295.67,28.96,D
-6.81462,-43.83637,337.73,0.66,0.73,2026-05-20,1717,N20,VIIRS,n,2.0NRT,294.43,10.09,D
-6.80423,-48.27739,341.15,0.33,0.55,2026-05-20,1717,N20,VIIRS,n,2.0NRT,292.3,4.48,D
-6.77009,-44.20777,336.05,0.62,0.71,2026-05-20,1717,N20,VIIRS,n,2.0NRT,293.59,3.88,D
-6.70759,-45.44094,329.01,0.51,0.66,2026-05-20,1717,N20,VIIRS,n,2.0NRT,295.58,4.11,D
-6.63547,-42.90693,328.47,0.76,0.77,2026-05-20,1717,N20,VIIRS,n,2.0NRT,294.58,3.77,D
-6.57614,-51.1001,352.18,0.43,0.46,2026-05-20,1717,N20,VIIRS,n,2.0NRT,302.49,23.02,D
-6.27715,-47.22422,367.0,0.4,0.6,2026-05-20,1717,N20,VIIRS,h,2.0NRT,293.85,12.11,D
-6.19759,-45.9332,335.02,0.49,0.65,2026-05-20,1717,N20,VIIRS,n,2.0NRT,293.47,4.82,D
-6.19484,-45.93366,333.67,0.49,0.65,2026-05-20,1717,N20,VIIRS,n,2.0NRT,291.78,4.98,D
-6.11334,-44.7445,327.99,0.59,0.7,2026-05-20,1717,N20,VIIRS,n,2.0NRT,294.01,8.3,D
-6.11166,-44.74137,343.89,0.59,0.7,2026-05-20,1717,N20,VIIRS,n,2.0NRT,294.54,6.58,D
-6.02111,-46.57722,329.81,0.44,0.63,2026-05-20,1717,N20,VIIRS,n,2.0NRT,295.06,5.2,D
-5.9598,-43.48671,332.8,0.72,0.75,2026-05-20,1717,N20,VIIRS,n,2.0NRT,293.63,5.51,D
-5.95292,-43.48819,367.0,0.72,0.75,2026-05-20,1717,N20,VIIRS,h,2.0NRT,295.67,30.34,D
-5.95281,-43.4919,354.81,0.71,0.75,2026-05-20,1717,N20,VIIRS,n,2.0NRT,295.67,23.33,D
-5.95161,-43.48551,352.92,0.72,0.75,2026-05-20,1717,N20,VIIRS,n,2.0NRT,293.58,23.33,D
-5.82943,-47.12602,331.17,0.41,0.61,2026-05-20,1720,N20,VIIRS,n,2.0NRT,293.59,6.07,D
-5.82879,-47.12234,367.0,0.41,0.61,2026-05-20,1720,N20,VIIRS,h,2.0NRT,294.56,8.79,D
-5.58913,-47.43651,344.25,0.39,0.6,2026-05-20,1720,N20,VIIRS,n,2.0NRT,292.77,7.83,D
-5.58865,-47.43807,347.81,0.39,0.6,2026-05-20,1720,N20,VIIRS,n,2.0NRT,293.72,5.9,D
-4.66003,-43.14621,333.9,0.8,0.78,2026-05-20,1720,N20,VIIRS,n,2.0NRT,291.21,10.31,D
-3.93077,-48.08072,326.99,0.38,0.59,2026-05-20,1720,N20,VIIRS,n,2.0NRT,291.54,1.72,D
-3.22306,-45.47963,330.78,0.58,0.7,2026-05-20,1720,N20,VIIRS,n,2.0NRT,288.42,4.07,D
-3.22216,-45.48182,327.08,0.59,0.7,2026-05-20,1720,N20,VIIRS,n,2.0NRT,288.63,3.56,D
-3.03735,-46.94938,341.08,0.47,0.64,2026-05-20,1720,N20,VIIRS,n,2.0NRT,289.1,5.18,D
-3.03627,-46.95073,328.34,0.47,0.64,2026-05-20,1720,N20,VIIRS,n,2.0NRT,289.21,4.75,D
-1.55095,-55.35915,333.95,0.44,0.38,2026-05-20,1720,N20,VIIRS,n,2.0NRT,290.31,3.56,D
3.62506,-61.43991,335.26,0.43,0.38,2026-05-20,1722,N20,VIIRS,n,2.0NRT,290.0,10.23,D
3.62853,-61.44045,345.8,0.43,0.38,2026-05-20,1722,N20,VIIRS,n,2.0NRT,293.46,10.23,D
4.7963,-70.33927,333.99,0.51,0.66,2026-05-20,1722,N20,VIIRS,n,2.0NRT,286.19,5.59,D
4.79851,-70.33825,339.06,0.5,0.66,2026-05-20,1722,N20,VIIRS,n,2.0NRT,286.05,5.81,D
4.80231,-70.34027,330.88,0.51,0.66,2026-05-20,1722,N20,VIIRS,n,2.0NRT,286.25,6.03,D
4.80307,-70.3358,332.1,0.51,0.66,2026-05-20,1722,N20,VIIRS,n,2.0NRT,286.53,5.95,D
4.80452,-70.33923,331.01,0.5,0.66,2026-05-20,1722,N20,VIIRS,n,2.0NRT,286.72,5.81,D
4.89391,-72.33595,331.32,0.69,0.74,2026-05-20,1722,N20,VIIRS,n,2.0NRT,284.05,6.05,D
5.19419,-67.95439,350.3,0.34,0.56,2026-05-20,1722,N20,VIIRS,n,2.0NRT,281.77,3.65,D
5.19471,-67.95132,335.6,0.34,0.56,2026-05-20,1722,N20,VIIRS,n,2.0NRT,281.31,3.65,D
5.19929,-67.95528,325.78,0.34,0.56,2026-05-20,1722,N20,VIIRS,n,2.0NRT,286.98,3.65,D
5.1998,-67.95223,336.62,0.34,0.56,2026-05-20,1722,N20,VIIRS,n,2.0NRT,285.97,3.65,D
5.93901,-68.49464,353.71,0.36,0.57,2026-05-20,1722,N20,VIIRS,n,2.0NRT,289.85,6.93,D
5.94313,-68.50195,344.36,0.36,0.57,2026-05-20,1722,N20,VIIRS,n,2.0NRT,292.31,8.76,D
5.94368,-68.49877,341.19,0.36,0.57,2026-05-20,1722,N20,VIIRS,n,2.0NRT,291.85,8.76,D
5.94423,-68.49557,367.0,0.36,0.57,2026-05-20,1722,N20,VIIRS,h,2.0NRT,290.29,11.3,D
5.9489,-68.49969,355.98,0.36,0.57,2026-05-20,1722,N20,VIIRS,l,2.0NRT,289.6,8.76,D
5.94945,-68.49648,336.12,0.36,0.57,2026-05-20,1722,N20,VIIRS,n,2.0NRT,286.82,11.3,D
7.35047,-73.40648,355.49,0.74,0.76,2026-05-20,1724,N20,VIIRS,n,2.0NRT,288.29,15.83,D
7.60045,-63.6366,330.42,0.49,0.4,2026-05-20,1724,N20,VIIRS,n,2.0NRT,299.62,3.5,D
7.7272,-63.15108,342.26,0.46,0.39,2026-05-20,1724,N20,VIIRS,n,2.0NRT,299.99,4.29,D
7.75704,-66.94603,339.75,0.52,0.5,2026-05-20,1724,N20,VIIRS,n,2.0NRT,293.58,8.84,D
7.7616,-66.94682,343.38,0.52,0.5,2026-05-20,1724,N20,VIIRS,n,2.0NRT,293.73,9.61,D
7.82511,-72.65535,329.0,0.65,0.73,2026-05-20,1724,N20,VIIRS,n,2.0NRT,289.55,4.27,D
7.82896,-62.46291,330.44,0.43,0.38,2026-05-20,1724,N20,VIIRS,n,2.0NRT,297.19,4.43,D
7.87535,-62.56219,339.16,0.44,0.38,2026-05-20,1724,N20,VIIRS,n,2.0NRT,295.73,6.61,D
7.99926,-63.12046,333.48,0.46,0.39,2026-05-20,1724,N20,VIIRS,n,2.0NRT,299.82,2.76,D
8.03679,-63.3232,332.64,0.47,0.4,2026-05-20,1724,N20,VIIRS,n,2.0NRT,298.76,4.03,D
8.13445,-62.2354,331.49,0.42,0.38,2026-05-20,1724,N20,VIIRS,n,2.0NRT,294.92,4.02,D
8.1903,-63.35166,340.38,0.47,0.4,2026-05-20,1724,N20,VIIRS,n,2.0NRT,298.52,4.94,D
8.19098,-63.34747,333.94,0.47,0.4,2026-05-20,1724,N20,VIIRS,n,2.0NRT,296.27,4.94,D
8.23849,-66.21336,344.46,0.46,0.47,2026-05-20,1724,N20,VIIRS,n,2.0NRT,295.93,9.04,D
8.26504,-62.63601,330.62,0.43,0.38,2026-05-20,1724,N20,VIIRS,n,2.0NRT,298.2,3.73,D
8.26566,-62.6321,330.97,0.43,0.38,2026-05-20,1724,N20,VIIRS,n,2.0NRT,298.69,3.79,D
8.26853,-62.63656,339.35,0.43,0.38,2026-05-20,1724,N20,VIIRS,n,2.0NRT,303.45,9.1,D
8.26896,-62.6567,333.91,0.44,0.38,2026-05-20,1724,N20,VIIRS,n,2.0NRT,297.9,3.59,D
8.26914,-62.63266,335.82,0.43,0.38,2026-05-20,1724,N20,VIIRS,n,2.0NRT,300.68,5.9,D
8.27003,-62.65729,330.77,0.44,0.38,2026-05-20,1724,N20,VIIRS,n,2.0NRT,298.5,2.75,D
8.32962,-63.23171,332.39,0.46,0.39,2026-05-20,1724,N20,VIIRS,n,2.0NRT,295.74,3.14,D
8.61098,-63.39404,336.56,0.47,0.39,2026-05-20,1724,N20,VIIRS,n,2.0NRT,296.77,5.48,D
8.61632,-62.55629,346.14,0.43,0.38,2026-05-20,1724,N20,VIIRS,n,2.0NRT,297.51,13.81,D
8.61979,-62.55685,350.08,0.43,0.38,2026-05-20,1724,N20,VIIRS,n,2.0NRT,300.58,13.81,D
8.70919,-64.91817,340.34,0.56,0.43,2026-05-20,1724,N20,VIIRS,n,2.0NRT,290.25,11.99,D
8.71311,-64.91886,351.38,0.56,0.43,2026-05-20,1724,N20,VIIRS,n,2.0NRT,290.84,11.99,D
8.83517,-63.10945,334.2,0.45,0.39,2026-05-20,1724,N20,VIIRS,l,2.0NRT,305.92,9.37,D
8.94555,-73.99514,331.14,0.76,0.77,2026-05-20,1724,N20,VIIRS,n,2.0NRT,289.66,6.46,D
8.94619,-73.99947,328.31,0.76,0.77,2026-05-20,1724,N20,VIIRS,n,2.0NRT,289.41,9.03,D
9.03311,-74.09097,345.69,0.77,0.77,2026-05-20,1724,N20,VIIRS,n,2.0NRT,289.59,10.34,D
9.04011,-74.09234,344.91,0.77,0.77,2026-05-20,1724,N20,VIIRS,n,2.0NRT,289.7,10.34,D
9.23101,-64.3001,346.15,0.51,0.41,2026-05-20,1724,N20,VIIRS,n,2.0NRT,300.96,9.82,D
9.26391,-64.07821,331.95,0.5,0.41,2026-05-20,1724,N20,VIIRS,n,2.0NRT,297.47,4.97,D
9.5126,-65.53339,345.23,0.4,0.44,2026-05-20,1724,N20,VIIRS,n,2.0NRT,296.17,9.03,D
9.51319,-65.52984,355.87,0.4,0.44,2026-05-20,1724,N20,VIIRS,n,2.0NRT,292.72,9.03,D
9.51379,-65.52627,355.84,0.4,0.44,2026-05-20,1724,N20,VIIRS,n,2.0NRT,292.33,8.82,D
9.51438,-65.52271,333.87,0.4,0.44,2026-05-20,1724,N20,VIIRS,n,2.0NRT,291.73,8.82,D
9.52236,-65.69861,340.17,0.41,0.45,2026-05-20,1724,N20,VIIRS,n,2.0NRT,295.22,2.8,D
9.54696,-65.06,337.67,0.56,0.43,2026-05-20,1724,N20,VIIRS,n,2.0NRT,295.31,13.26,D
9.61807,-63.67587,330.86,0.47,0.4,2026-05-20,1724,N20,VIIRS,n,2.0NRT,296.84,4.72,D
9.62986,-73.53536,336.6,0.69,0.74,2026-05-20,1724,N20,VIIRS,n,2.0NRT,291.09,6.27,D
9.6315,-65.81921,350.69,0.41,0.45,2026-05-20,1724,N20,VIIRS,n,2.0NRT,294.67,8.72,D
9.67026,-61.68238,334.43,0.4,0.37,2026-05-20,1724,N20,VIIRS,n,2.0NRT,299.08,3.21,D
9.67082,-61.67879,338.92,0.4,0.37,2026-05-20,1724,N20,VIIRS,n,2.0NRT,298.84,3.21,D
9.67138,-61.67522,337.21,0.4,0.37,2026-05-20,1724,N20,VIIRS,n,2.0NRT,298.26,5.98,D
9.69028,-65.23531,340.61,0.57,0.43,2026-05-20,1724,N20,VIIRS,n,2.0NRT,297.97,12.81,D
9.69121,-65.2334,350.63,0.57,0.43,2026-05-20,1724,N20,VIIRS,n,2.0NRT,300.23,83.86,D
9.69204,-65.2251,340.18,0.57,0.43,2026-05-20,1724,N20,VIIRS,n,2.0NRT,301.13,46.07,D
9.6929,-65.22316,347.19,0.57,0.43,2026-05-20,1724,N20,VIIRS,n,2.0NRT,302.84,50.99,D
9.69291,-65.21999,335.88,0.57,0.43,2026-05-20,1724,N20,VIIRS,n,2.0NRT,299.2,17.01,D
9.6951,-65.23088,334.27,0.57,0.43,2026-05-20,1724,N20,VIIRS,n,2.0NRT,295.16,27.12,D
9.69515,-65.23409,334.42,0.57,0.43,2026-05-20,1724,N20,VIIRS,n,2.0NRT,303.28,83.86,D
9.79327,-74.04191,332.35,0.74,0.76,2026-05-20,1724,N20,VIIRS,n,2.0NRT,290.58,3.45,D
9.7934,-74.04257,332.12,0.74,0.76,2026-05-20,1724,N20,VIIRS,n,2.0NRT,290.65,3.48,D
9.86775,-74.06384,330.26,0.74,0.76,2026-05-20,1724,N20,VIIRS,n,2.0NRT,290.11,5.99,D
9.96208,-72.29183,355.91,0.56,0.69,2026-05-20,1724,N20,VIIRS,l,2.0NRT,287.9,13.5,D
9.9683,-72.29301,334.91,0.56,0.69,2026-05-20,1724,N20,VIIRS,n,2.0NRT,288.6,9.04,D
10.00605,-74.01541,340.05,0.73,0.76,2026-05-20,1724,N20,VIIRS,n,2.0NRT,290.98,8.19,D
10.00636,-74.01226,333.35,0.73,0.76,2026-05-20,1724,N20,VIIRS,n,2.0NRT,290.43,5.99,D
10.02058,-74.40618,348.97,0.77,0.78,2026-05-20,1724,N20,VIIRS,n,2.0NRT,290.09,11.49,D
10.06576,-61.86858,331.22,0.4,0.37,2026-05-20,1724,N20,VIIRS,n,2.0NRT,297.51,5.59,D
10.11436,-72.22673,344.17,0.55,0.68,2026-05-20,1724,N20,VIIRS,n,2.0NRT,288.73,7.76,D
10.29552,-72.01276,331.35,0.53,0.67,2026-05-20,1724,N20,VIIRS,n,2.0NRT,289.26,5.62,D
10.33349,-74.23219,343.24,0.74,0.76,2026-05-20,1724,N20,VIIRS,n,2.0NRT,291.59,9.18,D
10.33455,-74.23147,343.34,0.74,0.76,2026-05-20,1724,N20,VIIRS,n,2.0NRT,291.57,8.35,D
10.44389,-73.89682,340.19,0.7,0.75,2026-05-20,1724,N20,VIIRS,n,2.0NRT,288.65,7.07,D
10.59809,-66.34308,326.81,0.43,0.46,2026-05-20,1724,N20,VIIRS,n,2.0NRT,281.57,2.9,D
10.61438,-66.39747,330.96,0.43,0.46,2026-05-20,1724,N20,VIIRS,n,2.0NRT,288.15,3.57,D
10.62338,-71.69579,334.68,0.49,0.65,2026-05-20,1724,N20,VIIRS,n,2.0NRT,290.81,4.4,D
10.73114,-74.24563,331.02,0.73,0.76,2026-05-20,1724,N20,VIIRS,n,2.0NRT,289.78,5.53,D
10.77544,-68.34795,335.2,0.58,0.52,2026-05-20,1724,N20,VIIRS,n,2.0NRT,277.94,6.51,D
10.77553,-68.34557,336.55,0.58,0.52,2026-05-20,1724,N20,VIIRS,n,2.0NRT,278.03,4.14,D
10.80237,-72.10955,367.0,0.52,0.67,2026-05-20,1724,N20,VIIRS,h,2.0NRT,290.13,11.26,D
11.05282,-71.96161,350.63,0.51,0.66,2026-05-20,1724,N20,VIIRS,n,2.0NRT,291.1,8.27,D
11.28589,-73.9795,330.45,0.68,0.74,2026-05-20,1724,N20,VIIRS,n,2.0NRT,291.4,4.04,D
12.42887,-69.90125,354.63,0.35,0.56,2026-05-20,1726,N20,VIIRS,n,2.0NRT,293.93,7.88,D
-46.36831,-71.27836,327.9,0.38,0.36,2026-05-20,1849,N20,VIIRS,n,2.0NRT,287.61,5.98,D
-41.60162,-70.98939,335.25,0.4,0.37,2026-05-20,1849,N20,VIIRS,n,2.0NRT,284.16,3.13,D
-40.7436,-73.03654,345.05,0.38,0.36,2026-05-20,1849,N20,VIIRS,n,2.0NRT,294.39,4.43,D
-40.72017,-72.68716,339.38,0.38,0.36,2026-05-20,1849,N20,VIIRS,n,2.0NRT,291.32,5.44,D
-40.51962,-73.10766,329.0,0.38,0.36,2026-05-20,1849,N20,VIIRS,n,2.0NRT,292.6,3.44,D
-40.517,-73.11308,342.8,0.38,0.36,2026-05-20,1849,N20,VIIRS,n,2.0NRT,295.43,5.3,D
-40.5163,-73.10854,345.36,0.38,0.36,2026-05-20,1849,N20,VIIRS,n,2.0NRT,292.67,3.44,D
-39.41302,-65.72952,337.9,0.44,0.46,2026-05-20,1849,N20,VIIRS,n,2.0NRT,288.32,3.5,D
-39.4063,-72.13358,339.09,0.39,0.36,2026-05-20,1851,N20,VIIRS,n,2.0NRT,292.81,3.56,D
-39.32877,-72.45165,341.95,0.39,0.36,2026-05-20,1851,N20,VIIRS,n,2.0NRT,294.84,5.01,D
-39.23247,-72.70123,329.28,0.39,0.36,2026-05-20,1851,N20,VIIRS,n,2.0NRT,294.32,2.2,D
-39.17571,-72.57426,328.91,0.39,0.36,2026-05-20,1851,N20,VIIRS,n,2.0NRT,293.81,1.78,D
-39.14553,-73.06601,331.18,0.39,0.36,2026-05-20,1851,N20,VIIRS,n,2.0NRT,296.18,2.24,D
-39.14347,-67.11139,330.56,0.39,0.44,2026-05-20,1851,N20,VIIRS,n,2.0NRT,289.92,2.4,D
-39.06858,-67.38263,331.89,0.57,0.43,2026-05-20,1851,N20,VIIRS,n,2.0NRT,290.76,10.22,D
-39.06684,-72.2929,331.34,0.39,0.36,2026-05-20,1851,N20,VIIRS,n,2.0NRT,294.21,3.59,D
-38.94312,-72.74172,336.37,0.39,0.36,2026-05-20,1851,N20,VIIRS,n,2.0NRT,295.91,3.68,D
-38.94239,-72.73724,341.39,0.39,0.36,2026-05-20,1851,N20,VIIRS,n,2.0NRT,295.77,3.56,D
-38.93395,-72.25606,340.64,0.39,0.36,2026-05-20,1851,N20,VIIRS,n,2.0NRT,298.5,9.48,D
-38.93061,-72.25696,330.02,0.39,0.36,2026-05-20,1851,N20,VIIRS,n,2.0NRT,295.5,2.23,D
-38.9002,-72.4156,325.34,0.39,0.36,2026-05-20,1851,N20,VIIRS,n,2.0NRT,294.94,2.09,D
-38.88954,-73.1307,329.13,0.39,0.36,2026-05-20,1851,N20,VIIRS,n,2.0NRT,293.34,2.3,D
-38.88301,-71.91255,354.28,0.4,0.37,2026-05-20,1851,N20,VIIRS,n,2.0NRT,293.34,8.27,D
-38.87889,-71.90901,331.62,0.4,0.37,2026-05-20,1851,N20,VIIRS,n,2.0NRT,297.31,12.76,D
-38.87807,-71.90426,335.15,0.4,0.37,2026-05-20,1851,N20,VIIRS,n,2.0NRT,293.17,8.86,D
-38.83938,-72.42723,331.03,0.39,0.36,2026-05-20,1851,N20,VIIRS,n,2.0NRT,295.32,2.39,D
-38.7802,-68.08536,325.35,0.53,0.42,2026-05-20,1851,N20,VIIRS,n,2.0NRT,289.61,3.94,D
-38.77762,-68.0927,338.07,0.53,0.42,2026-05-20,1851,N20,VIIRS,n,2.0NRT,290.65,3.94,D
-38.73133,-72.20449,331.14,0.4,0.37,2026-05-20,1851,N20,VIIRS,n,2.0NRT,295.73,8.47,D
-38.66743,-72.28662,332.21,0.39,0.37,2026-05-20,1851,N20,VIIRS,n,2.0NRT,295.17,2.48,D
-38.62889,-72.34895,327.27,0.39,0.36,2026-05-20,1851,N20,VIIRS,n,2.0NRT,295.15,2.1,D
-38.61463,-72.09716,329.44,0.4,0.37,2026-05-20,1851,N20,VIIRS,n,2.0NRT,293.93,4.94,D
-38.61386,-72.09261,335.49,0.4,0.37,2026-05-20,1851,N20,VIIRS,n,2.0NRT,297.39,4.94,D
-38.61051,-72.09355,325.77,0.4,0.37,2026-05-20,1851,N20,VIIRS,n,2.0NRT,294.45,2.53,D
-38.60685,-72.11349,351.55,0.4,0.37,2026-05-20,1851,N20,VIIRS,n,2.0NRT,300.85,11.13,D
-38.60349,-72.11436,335.71,0.4,0.37,2026-05-20,1851,N20,VIIRS,n,2.0NRT,296.82,11.13,D
-38.60089,-72.11977,337.04,0.4,0.37,2026-05-20,1851,N20,VIIRS,n,2.0NRT,299.17,3.39,D
-38.59414,-73.1109,329.37,0.39,0.36,2026-05-20,1851,N20,VIIRS,n,2.0NRT,291.31,4.14,D
-38.55242,-72.27335,330.18,0.4,0.37,2026-05-20,1851,N20,VIIRS,n,2.0NRT,295.73,4.84,D
-38.53827,-72.27247,338.44,0.4,0.37,2026-05-20,1851,N20,VIIRS,n,2.0NRT,294.26,4.15,D
-38.50075,-68.31969,329.57,0.53,0.42,2026-05-20,1851,N20,VIIRS,n,2.0NRT,293.08,1.93,D
-38.45803,-73.13624,330.26,0.39,0.36,2026-05-20,1851,N20,VIIRS,n,2.0NRT,293.0,6.34,D
-38.43923,-72.50036,326.58,0.39,0.36,2026-05-20,1851,N20,VIIRS,n,2.0NRT,295.99,1.88,D
-38.41603,-72.89711,327.01,0.39,0.36,2026-05-20,1851,N20,VIIRS,n,2.0NRT,291.91,3.73,D
-38.41467,-72.29049,348.51,0.4,0.37,2026-05-20,1851,N20,VIIRS,n,2.0NRT,296.35,5.37,D
-38.41233,-73.49095,328.86,0.38,0.36,2026-05-20,1851,N20,VIIRS,n,2.0NRT,294.73,2.58,D
-38.41132,-72.2914,339.13,0.4,0.37,2026-05-20,1851,N20,VIIRS,n,2.0NRT,295.14,3.31,D
-38.41056,-72.28688,325.19,0.4,0.37,2026-05-20,1851,N20,VIIRS,n,2.0NRT,293.16,3.31,D
-38.39939,-72.47714,329.59,0.39,0.36,2026-05-20,1851,N20,VIIRS,n,2.0NRT,293.49,1.69,D
-38.36745,-68.67517,329.84,0.51,0.41,2026-05-20,1851,N20,VIIRS,n,2.0NRT,291.73,1.86,D
-38.32114,-68.78214,331.02,0.51,0.41,2026-05-20,1851,N20,VIIRS,n,2.0NRT,293.53,4.33,D
-38.31765,-72.4474,327.67,0.39,0.36,2026-05-20,1851,N20,VIIRS,n,2.0NRT,291.79,1.51,D
-38.31431,-72.4483,331.91,0.39,0.36,2026-05-20,1851,N20,VIIRS,n,2.0NRT,295.63,5.57,D
-38.30837,-72.45458,330.42,0.39,0.36,2026-05-20,1851,N20,VIIRS,n,2.0NRT,293.47,2.49,D
-38.28803,-73.4155,328.52,0.39,0.36,2026-05-20,1851,N20,VIIRS,n,2.0NRT,294.36,2.23,D
-38.28271,-72.98174,331.07,0.39,0.36,2026-05-20,1851,N20,VIIRS,n,2.0NRT,294.47,2.99,D
-38.26839,-68.61954,328.56,0.52,0.41,2026-05-20,1851,N20,VIIRS,n,2.0NRT,291.53,1.42,D
-38.26732,-73.09049,339.98,0.39,0.36,2026-05-20,1851,N20,VIIRS,n,2.0NRT,306.96,64.09,D
-38.26589,-73.08163,328.46,0.39,0.36,2026-05-20,1851,N20,VIIRS,n,2.0NRT,289.63,5.45,D
-38.264,-73.09133,340.73,0.39,0.36,2026-05-20,1851,N20,VIIRS,n,2.0NRT,294.94,14.53,D
-38.24811,-73.10004,329.09,0.39,0.36,2026-05-20,1851,N20,VIIRS,n,2.0NRT,292.34,30.91,D
-38.22319,-73.07417,328.3,0.39,0.36,2026-05-20,1851,N20,VIIRS,n,2.0NRT,292.41,3.53,D
-38.21853,-72.95974,335.67,0.39,0.36,2026-05-20,1851,N20,VIIRS,n,2.0NRT,291.11,7.1,D
-38.18232,-72.27044,335.24,0.4,0.37,2026-05-20,1851,N20,VIIRS,n,2.0NRT,296.49,7.13,D
-38.18156,-72.26592,326.02,0.4,0.37,2026-05-20,1851,N20,VIIRS,n,2.0NRT,293.72,3.14,D
-38.0628,-72.71624,345.99,0.39,0.36,2026-05-20,1851,N20,VIIRS,n,2.0NRT,293.18,4.96,D
-38.05946,-72.71711,336.21,0.39,0.36,2026-05-20,1851,N20,VIIRS,n,2.0NRT,291.1,3.23,D
-38.05301,-71.19593,330.58,0.42,0.38,2026-05-20,1851,N20,VIIRS,n,2.0NRT,290.88,4.12,D
-38.05125,-71.20633,332.66,0.42,0.38,2026-05-20,1851,N20,VIIRS,n,2.0NRT,287.79,5.51,D
-38.04516,-71.98301,333.03,0.4,0.37,2026-05-20,1851,N20,VIIRS,n,2.0NRT,297.98,34.08,D
-38.04438,-71.97849,332.18,0.4,0.37,2026-05-20,1851,N20,VIIRS,n,2.0NRT,297.61,6.53,D
-38.04412,-71.99754,328.31,0.4,0.37,2026-05-20,1851,N20,VIIRS,n,2.0NRT,299.45,28.97,D
-38.04333,-71.99297,367.0,0.4,0.37,2026-05-20,1851,N20,VIIRS,h,2.0NRT,327.31,28.97,D
-38.04256,-71.98845,367.0,0.4,0.37,2026-05-20,1851,N20,VIIRS,l,2.0NRT,329.01,34.08,D
-38.04178,-71.98392,367.0,0.4,0.37,2026-05-20,1851,N20,VIIRS,h,2.0NRT,301.71,34.08,D
-38.041,-71.97938,350.09,0.4,0.37,2026-05-20,1851,N20,VIIRS,n,2.0NRT,298.02,6.53,D
-38.04073,-71.99837,329.99,0.4,0.37,2026-05-20,1851,N20,VIIRS,n,2.0NRT,300.75,23.84,D
-38.03995,-71.99386,356.2,0.4,0.37,2026-05-20,1851,N20,VIIRS,n,2.0NRT,311.36,23.84,D
-38.03918,-71.98936,345.31,0.4,0.37,2026-05-20,1851,N20,VIIRS,n,2.0NRT,317.85,29.99,D
-38.0384,-71.98484,333.95,0.4,0.37,2026-05-20,1851,N20,VIIRS,n,2.0NRT,306.0,29.99,D
-38.03734,-71.99924,349.76,0.4,0.37,2026-05-20,1851,N20,VIIRS,n,2.0NRT,315.57,23.84,D
-38.03657,-71.99476,346.28,0.4,0.37,2026-05-20,1851,N20,VIIRS,n,2.0NRT,318.92,23.84,D
-38.03581,-71.99028,351.82,0.4,0.37,2026-05-20,1851,N20,VIIRS,n,2.0NRT,296.36,29.99,D
-38.03474,-72.00465,338.3,0.4,0.37,2026-05-20,1851,N20,VIIRS,n,2.0NRT,308.97,23.45,D
-38.03397,-72.00017,347.65,0.4,0.37,2026-05-20,1851,N20,VIIRS,n,2.0NRT,314.26,24.38,D
-38.0332,-71.9957,332.34,0.4,0.37,2026-05-20,1851,N20,VIIRS,n,2.0NRT,293.08,24.38,D
-38.03136,-72.00557,351.02,0.4,0.37,2026-05-20,1851,N20,VIIRS,n,2.0NRT,299.79,23.45,D
-38.0261,-72.1814,332.45,0.4,0.37,2026-05-20,1851,N20,VIIRS,n,2.0NRT,298.15,3.5,D
-38.02565,-72.17815,347.45,0.4,0.37,2026-05-20,1851,N20,VIIRS,n,2.0NRT,299.92,6.33,D
-38.02533,-72.17686,331.12,0.4,0.37,2026-05-20,1851,N20,VIIRS,n,2.0NRT,295.77,3.5,D
-37.95134,-72.07301,338.03,0.4,0.37,2026-05-20,1851,N20,VIIRS,n,2.0NRT,299.54,8.55,D
-37.94796,-72.07393,342.38,0.4,0.37,2026-05-20,1851,N20,VIIRS,n,2.0NRT,297.33,8.55,D
-37.93428,-72.32712,337.03,0.4,0.37,2026-05-20,1851,N20,VIIRS,n,2.0NRT,298.97,15.34,D
-37.93352,-72.32261,333.23,0.4,0.37,2026-05-20,1851,N20,VIIRS,n,2.0NRT,302.4,15.34,D
-37.93092,-72.32802,343.2,0.4,0.37,2026-05-20,1851,N20,VIIRS,n,2.0NRT,300.61,15.34,D
-37.9301,-71.88744,339.63,0.41,0.37,2026-05-20,1851,N20,VIIRS,n,2.0NRT,297.9,3.8,D
-37.92283,-72.13317,331.07,0.4,0.37,2026-05-20,1851,N20,VIIRS,n,2.0NRT,297.63,2.1,D
-37.91884,-71.54365,327.39,0.41,0.37,2026-05-20,1851,N20,VIIRS,n,2.0NRT,289.11,2.37,D
-37.91759,-72.08205,330.93,0.4,0.37,2026-05-20,1851,N20,VIIRS,n,2.0NRT,293.99,2.73,D
-37.91679,-72.22309,331.79,0.4,0.37,2026-05-20,1851,N20,VIIRS,n,2.0NRT,294.37,2.67,D
-37.82801,-67.64722,338.42,0.39,0.44,2026-05-20,1851,N20,VIIRS,n,2.0NRT,291.26,5.23,D
-37.81738,-72.1357,342.82,0.4,0.37,2026-05-20,1851,N20,VIIRS,n,2.0NRT,303.93,7.03,D
-37.81401,-72.1366,333.36,0.4,0.37,2026-05-20,1851,N20,VIIRS,n,2.0NRT,297.6,7.03,D
-37.81063,-72.1375,367.0,0.4,0.37,2026-05-20,1851,N20,VIIRS,h,2.0NRT,339.55,84.08,D
-37.80985,-72.13295,332.17,0.4,0.37,2026-05-20,1851,N20,VIIRS,n,2.0NRT,296.88,24.11,D
-37.79369,-71.35446,339.89,0.42,0.38,2026-05-20,1851,N20,VIIRS,n,2.0NRT,289.75,5.76,D
-37.78915,-72.2802,328.76,0.4,0.37,2026-05-20,1851,N20,VIIRS,n,2.0NRT,293.12,1.89,D
-37.72151,-71.86368,328.81,0.41,0.37,2026-05-20,1851,N20,VIIRS,l,2.0NRT,299.55,2.63,D
-37.71811,-71.86459,344.29,0.41,0.37,2026-05-20,1851,N20,VIIRS,n,2.0NRT,306.07,40.81,D
-37.67938,-72.13213,329.87,0.4,0.37,2026-05-20,1851,N20,VIIRS,n,2.0NRT,295.42,13.68,D
-37.67678,-72.1376,345.14,0.4,0.37,2026-05-20,1851,N20,VIIRS,n,2.0NRT,308.9,27.1,D
-37.65822,-71.84738,325.37,0.41,0.37,2026-05-20,1851,N20,VIIRS,n,2.0NRT,294.55,4.7,D
-37.65742,-71.84278,331.41,0.41,0.37,2026-05-20,1851,N20,VIIRS,n,2.0NRT,297.69,4.7,D
-37.65483,-71.84838,336.51,0.41,0.37,2026-05-20,1851,N20,VIIRS,n,2.0NRT,298.4,4.7,D
-37.65403,-71.84378,325.99,0.41,0.37,2026-05-20,1851,N20,VIIRS,n,2.0NRT,295.84,4.7,D
-37.64794,-71.60529,337.72,0.41,0.37,2026-05-20,1851,N20,VIIRS,n,2.0NRT,289.36,5.68,D
-37.64447,-71.6059,329.78,0.41,0.37,2026-05-20,1851,N20,VIIRS,n,2.0NRT,297.97,4.69,D
-37.64424,-71.62498,334.5,0.41,0.37,2026-05-20,1851,N20,VIIRS,n,2.0NRT,294.49,4.38,D
-37.64355,-71.60072,349.19,0.41,0.37,2026-05-20,1851,N20,VIIRS,n,2.0NRT,297.42,8.84,D
-37.64343,-71.62038,345.95,0.41,0.37,2026-05-20,1851,N20,VIIRS,n,2.0NRT,296.66,8.92,D
-37.64093,-71.60616,328.3,0.41,0.37,2026-05-20,1851,N20,VIIRS,n,2.0NRT,293.56,4.69,D
-37.63874,-73.48538,356.19,0.39,0.36,2026-05-20,1851,N20,VIIRS,n,2.0NRT,298.68,9.47,D
-37.63366,-72.44561,341.06,0.4,0.37,2026-05-20,1851,N20,VIIRS,n,2.0NRT,293.96,5.23,D
-37.63031,-72.4465,342.68,0.4,0.37,2026-05-20,1851,N20,VIIRS,n,2.0NRT,294.19,5.23,D
-37.60592,-73.4527,343.38,0.39,0.36,2026-05-20,1851,N20,VIIRS,n,2.0NRT,298.14,15.94,D
-37.6026,-73.45353,333.68,0.39,0.36,2026-05-20,1851,N20,VIIRS,n,2.0NRT,292.53,15.94,D
-37.58539,-72.61752,333.32,0.4,0.37,2026-05-20,1851,N20,VIIRS,n,2.0NRT,296.49,3.15,D
-37.56647,-72.08957,331.6,0.4,0.37,2026-05-20,1851,N20,VIIRS,n,2.0NRT,295.83,5.95,D
-37.53698,-71.95872,331.33,0.41,0.37,2026-05-20,1851,N20,VIIRS,n,2.0NRT,297.48,2.89,D
-37.53619,-71.95413,326.63,0.41,0.37,2026-05-20,1851,N20,VIIRS,n,2.0NRT,298.7,2.5,D
-37.47938,-72.42843,347.04,0.4,0.37,2026-05-20,1851,N20,VIIRS,n,2.0NRT,301.37,10.11,D
-37.43579,-72.48222,336.68,0.4,0.37,2026-05-20,1851,N20,VIIRS,n,2.0NRT,296.49,2.39,D
-37.42723,-69.17137,330.14,0.51,0.41,2026-05-20,1851,N20,VIIRS,n,2.0NRT,291.2,4.62,D
-37.38979,-72.87937,330.28,0.39,0.36,2026-05-20,1851,N20,VIIRS,n,2.0NRT,297.4,6.67,D
-37.37587,-71.64045,334.38,0.42,0.37,2026-05-20,1851,N20,VIIRS,n,2.0NRT,290.78,11.22,D
-37.23746,-71.96428,331.74,0.41,0.37,2026-05-20,1851,N20,VIIRS,n,2.0NRT,293.95,2.24,D
-37.10062,-72.35559,331.31,0.4,0.37,2026-05-20,1851,N20,VIIRS,n,2.0NRT,296.71,3.58,D
-37.09724,-72.35647,332.34,0.4,0.37,2026-05-20,1851,N20,VIIRS,n,2.0NRT,299.57,4.97,D
-37.02506,-72.062,344.44,0.41,0.37,2026-05-20,1851,N20,VIIRS,n,2.0NRT,296.53,5.67,D
-36.90538,-71.75973,341.54,0.42,0.37,2026-05-20,1851,N20,VIIRS,n,2.0NRT,309.54,33.89,D
-36.88694,-71.91921,330.85,0.41,0.37,2026-05-20,1851,N20,VIIRS,n,2.0NRT,296.05,5.04,D
-36.88474,-71.91827,335.77,0.41,0.37,2026-05-20,1851,N20,VIIRS,n,2.0NRT,297.73,6.95,D
-36.85276,-72.18574,329.37,0.41,0.37,2026-05-20,1851,N20,VIIRS,n,2.0NRT,293.23,2.41,D
-36.83257,-72.31265,352.25,0.4,0.37,2026-05-20,1851,N20,VIIRS,n,2.0NRT,295.4,7.21,D
-36.82566,-72.2101,327.3,0.41,0.37,2026-05-20,1851,N20,VIIRS,n,2.0NRT,293.49,1.73,D
-36.80531,-72.21551,334.39,0.41,0.37,2026-05-20,1851,N20,VIIRS,n,2.0NRT,293.35,4.37,D
-36.80328,-67.08609,336.47,0.43,0.46,2026-05-20,1851,N20,VIIRS,n,2.0NRT,291.07,3.17,D
-36.80139,-72.19275,329.82,0.41,0.37,2026-05-20,1851,N20,VIIRS,n,2.0NRT,292.68,2.56,D
-36.79581,-72.346,367.0,0.4,0.37,2026-05-20,1851,N20,VIIRS,h,2.0NRT,301.27,12.91,D
-36.79229,-72.57299,334.03,0.4,0.37,2026-05-20,1851,N20,VIIRS,n,2.0NRT,299.03,6.28,D
-36.79216,-72.05663,334.21,0.41,0.37,2026-05-20,1851,N20,VIIRS,n,2.0NRT,294.56,3.09,D
-36.79136,-72.05203,330.37,0.41,0.37,2026-05-20,1851,N20,VIIRS,n,2.0NRT,298.91,3.09,D
-36.78415,-72.21636,334.67,0.41,0.37,2026-05-20,1851,N20,VIIRS,n,2.0NRT,296.59,4.72,D
-36.75152,-71.88438,331.12,0.42,0.37,2026-05-20,1851,N20,VIIRS,n,2.0NRT,296.68,2.02,D
-36.66481,-72.50719,326.89,0.4,0.37,2026-05-20,1851,N20,VIIRS,n,2.0NRT,295.65,7.37,D
-36.63073,-71.81866,328.05,0.42,0.38,2026-05-20,1851,N20,VIIRS,l,2.0NRT,298.91,6.44,D
-36.62433,-72.39346,341.45,0.4,0.37,2026-05-20,1851,N20,VIIRS,n,2.0NRT,292.84,4.22,D
-36.60616,-72.36997,330.53,0.41,0.37,2026-05-20,1851,N20,VIIRS,n,2.0NRT,294.21,5.45,D
-36.58811,-71.90297,339.6,0.42,0.37,2026-05-20,1851,N20,VIIRS,n,2.0NRT,297.01,10.27,D
-36.56003,-72.69975,331.01,0.4,0.37,2026-05-20,1851,N20,VIIRS,n,2.0NRT,290.89,2.58,D
-36.53083,-72.69322,329.57,0.4,0.37,2026-05-20,1851,N20,VIIRS,n,2.0NRT,294.82,3.43,D
-36.51193,-72.80984,328.52,0.4,0.37,2026-05-20,1851,N20,VIIRS,n,2.0NRT,291.14,18.31,D
-36.50857,-72.81069,341.08,0.4,0.37,2026-05-20,1851,N20,VIIRS,n,2.0NRT,300.6,18.31,D
-36.50211,-72.17901,341.39,0.41,0.37,2026-05-20,1851,N20,VIIRS,n,2.0NRT,294.56,6.89,D
-36.48455,-72.75177,327.51,0.4,0.37,2026-05-20,1851,N20,VIIRS,n,2.0NRT,292.95,3.63,D
-36.48383,-72.75027,332.43,0.4,0.37,2026-05-20,1851,N20,VIIRS,n,2.0NRT,291.87,3.96,D
-36.45658,-71.09183,326.79,0.44,0.38,2026-05-20,1851,N20,VIIRS,n,2.0NRT,300.12,3.28,D
-36.41306,-71.25281,333.93,0.44,0.38,2026-05-20,1851,N20,VIIRS,n,2.0NRT,290.51,7.14,D
-36.40607,-71.25472,328.16,0.44,0.38,2026-05-20,1851,N20,VIIRS,n,2.0NRT,292.06,1.98,D
-36.38097,-71.74527,335.18,0.42,0.38,2026-05-20,1851,N20,VIIRS,n,2.0NRT,295.97,10.73,D
-36.37753,-71.74619,346.47,0.42,0.38,2026-05-20,1851,N20,VIIRS,n,2.0NRT,297.67,6.46,D
-36.3767,-71.74152,328.75,0.42,0.38,2026-05-20,1851,N20,VIIRS,n,2.0NRT,290.46,6.46,D
-36.29528,-71.61057,326.32,0.43,0.38,2026-05-20,1851,N20,VIIRS,n,2.0NRT,292.29,4.52,D
-36.29276,-72.3913,367.0,0.41,0.37,2026-05-20,1851,N20,VIIRS,h,2.0NRT,302.44,5.78,D
-36.29198,-72.38676,333.3,0.41,0.37,2026-05-20,1851,N20,VIIRS,n,2.0NRT,293.98,5.78,D
-36.28858,-72.38763,339.98,0.41,0.37,2026-05-20,1851,N20,VIIRS,n,2.0NRT,293.37,5.78,D
-36.18511,-70.89062,332.31,0.45,0.39,2026-05-20,1851,N20,VIIRS,l,2.0NRT,303.16,4.17,D
-36.15496,-71.66438,326.3,0.43,0.38,2026-05-20,1851,N20,VIIRS,n,2.0NRT,292.81,2.86,D
-36.15412,-71.65967,328.77,0.43,0.38,2026-05-20,1851,N20,VIIRS,n,2.0NRT,291.54,2.86,D
-36.008,-72.37823,328.7,0.41,0.37,2026-05-20,1851,N20,VIIRS,n,2.0NRT,293.84,3.02,D
-35.97777,-72.61101,327.15,0.4,0.37,2026-05-20,1851,N20,VIIRS,n,2.0NRT,293.42,55.18,D
-35.97694,-72.11893,325.47,0.42,0.37,2026-05-20,1851,N20,VIIRS,n,2.0NRT,295.26,1.98,D
-35.96946,-72.60374,349.12,0.4,0.37,2026-05-20,1851,N20,VIIRS,n,2.0NRT,303.39,14.78,D
-35.87284,-71.69743,332.77,0.43,0.38,2026-05-20,1851,N20,VIIRS,n,2.0NRT,291.51,3.52,D
-35.805,-71.5037,327.87,0.44,0.38,2026-05-20,1851,N20,VIIRS,n,2.0NRT,289.69,1.35,D
-35.77688,-71.61155,333.74,0.43,0.38,2026-05-20,1851,N20,VIIRS,n,2.0NRT,292.84,4.5,D
-35.74367,-71.79234,325.24,0.43,0.38,2026-05-20,1851,N20,VIIRS,n,2.0NRT,291.41,1.83,D
-35.69704,-71.47083,335.39,0.44,0.38,2026-05-20,1851,N20,VIIRS,n,2.0NRT,294.63,3.74,D
-35.6608,-71.69579,367.0,0.43,0.38,2026-05-20,1851,N20,VIIRS,h,2.0NRT,295.21,12.22,D
-35.65732,-71.69672,355.55,0.43,0.38,2026-05-20,1851,N20,VIIRS,n,2.0NRT,297.18,12.22,D
-35.61554,-71.58603,336.44,0.44,0.38,2026-05-20,1851,N20,VIIRS,n,2.0NRT,293.43,3.97,D
-35.46286,-71.13499,330.71,0.45,0.39,2026-05-20,1851,N20,VIIRS,n,2.0NRT,294.03,14.81,D
-35.46024,-71.141,328.13,0.45,0.39,2026-05-20,1851,N20,VIIRS,n,2.0NRT,298.38,7.8,D
-35.45929,-71.13593,342.84,0.45,0.39,2026-05-20,1851,N20,VIIRS,n,2.0NRT,301.29,14.81,D
-35.45611,-71.87565,326.39,0.43,0.38,2026-05-20,1851,N20,VIIRS,n,2.0NRT,291.71,1.9,D
-35.33834,-71.13516,327.16,0.45,0.39,2026-05-20,1851,N20,VIIRS,n,2.0NRT,287.92,4.49,D
-35.25451,-71.38432,332.84,0.45,0.39,2026-05-20,1851,N20,VIIRS,n,2.0NRT,290.14,7.91,D
-35.25363,-71.42031,340.77,0.44,0.39,2026-05-20,1851,N20,VIIRS,n,2.0NRT,290.53,3.84,D
-35.24965,-71.76362,344.56,0.43,0.38,2026-05-20,1851,N20,VIIRS,n,2.0NRT,292.51,7.7,D
-35.24655,-71.1311,330.23,0.46,0.39,2026-05-20,1851,N20,VIIRS,n,2.0NRT,291.72,5.19,D
-35.07904,-70.88335,334.6,0.47,0.4,2026-05-20,1851,N20,VIIRS,n,2.0NRT,298.86,5.65,D
-34.96302,-67.76776,335.17,0.44,0.46,2026-05-20,1851,N20,VIIRS,n,2.0NRT,292.88,3.57,D
-34.9482,-71.05233,331.4,0.46,0.39,2026-05-20,1851,N20,VIIRS,n,2.0NRT,291.97,3.37,D
-34.70826,-68.39316,332.62,0.41,0.45,2026-05-20,1851,N20,VIIRS,n,2.0NRT,290.14,3.3,D
-34.63291,-71.26702,335.65,0.46,0.39,2026-05-20,1851,N20,VIIRS,n,2.0NRT,290.36,5.76,D
-33.9968,-68.97886,353.04,0.4,0.44,2026-05-20,1851,N20,VIIRS,n,2.0NRT,301.69,22.66,D
-33.24756,-59.35656,328.51,0.68,0.74,2026-05-20,1851,N20,VIIRS,n,2.0NRT,285.3,4.66,D
-33.20919,-59.67047,344.3,0.65,0.73,2026-05-20,1851,N20,VIIRS,n,2.0NRT,294.22,25.49,D
-33.20714,-59.66362,356.52,0.65,0.73,2026-05-20,1851,N20,VIIRS,l,2.0NRT,285.62,25.49,D
-33.20599,-59.66828,367.0,0.65,0.73,2026-05-20,1851,N20,VIIRS,h,2.0NRT,293.86,47.54,D
-32.84389,-68.66214,340.92,0.43,0.46,2026-05-20,1851,N20,VIIRS,n,2.0NRT,290.17,4.3,D
-32.80322,-70.95115,331.58,0.5,0.41,2026-05-20,1851,N20,VIIRS,n,2.0NRT,289.4,7.72,D
-32.31646,-61.16866,332.46,0.57,0.69,2026-05-20,1851,N20,VIIRS,n,2.0NRT,289.09,3.34,D
-32.31559,-61.17017,331.53,0.57,0.69,2026-05-20,1851,N20,VIIRS,n,2.0NRT,289.44,2.86,D
-32.20045,-61.67691,336.68,0.54,0.68,2026-05-20,1851,N20,VIIRS,n,2.0NRT,290.86,3.76,D
-32.12385,-60.85793,352.13,0.6,0.71,2026-05-20,1851,N20,VIIRS,n,2.0NRT,285.95,6.67,D
-31.89176,-58.80934,339.5,0.78,0.78,2026-05-20,1851,N20,VIIRS,n,2.0NRT,287.58,7.91,D
-31.446,-64.10449,343.43,0.42,0.61,2026-05-20,1851,N20,VIIRS,n,2.0NRT,291.07,3.72,D
-31.44336,-64.1054,336.62,0.42,0.61,2026-05-20,1851,N20,VIIRS,n,2.0NRT,290.8,3.54,D
-30.78467,-60.02982,327.23,0.72,0.76,2026-05-20,1851,N20,VIIRS,n,2.0NRT,289.68,3.49,D
-30.68443,-60.17476,354.18,0.71,0.75,2026-05-20,1851,N20,VIIRS,n,2.0NRT,293.8,20.58,D
-30.67887,-60.17688,353.36,0.71,0.75,2026-05-20,1851,N20,VIIRS,n,2.0NRT,296.12,37.5,D
-30.08385,-62.44715,351.17,0.55,0.68,2026-05-20,1851,N20,VIIRS,n,2.0NRT,292.36,9.94,D
-30.0823,-62.44145,329.69,0.56,0.68,2026-05-20,1851,N20,VIIRS,n,2.0NRT,287.58,7.43,D
-29.91927,-61.33364,353.74,0.64,0.72,2026-05-20,1851,N20,VIIRS,n,2.0NRT,290.55,10.57,D
-29.91844,-61.34193,338.87,0.64,0.72,2026-05-20,1851,N20,VIIRS,n,2.0NRT,291.79,13.68,D
-29.91659,-61.33529,367.0,0.65,0.73,2026-05-20,1851,N20,VIIRS,h,2.0NRT,292.34,13.68,D
-29.91474,-61.32866,356.17,0.65,0.73,2026-05-20,1851,N20,VIIRS,l,2.0NRT,289.06,17.65,D
-29.91463,-61.34256,330.62,0.64,0.72,2026-05-20,1851,N20,VIIRS,n,2.0NRT,290.42,11.23,D
-29.91274,-61.33595,338.95,0.64,0.72,2026-05-20,1851,N20,VIIRS,n,2.0NRT,291.16,10.57,D
-29.91086,-61.32935,346.24,0.65,0.73,2026-05-20,1851,N20,VIIRS,n,2.0NRT,288.53,10.57,D
-29.89051,-61.34464,325.65,0.65,0.73,2026-05-20,1851,N20,VIIRS,n,2.0NRT,291.28,2.81,D
-29.87443,-61.07539,331.7,0.67,0.73,2026-05-20,1851,N20,VIIRS,n,2.0NRT,290.51,11.99,D
-29.87304,-61.07608,331.38,0.67,0.74,2026-05-20,1851,N20,VIIRS,n,2.0NRT,289.77,9.75,D
-29.87247,-61.06854,356.44,0.67,0.74,2026-05-20,1851,N20,VIIRS,l,2.0NRT,288.27,14.89,D
-29.87112,-61.06921,356.25,0.67,0.74,2026-05-20,1851,N20,VIIRS,l,2.0NRT,288.53,9.75,D
-29.64254,-61.35202,340.69,0.65,0.73,2026-05-20,1853,N20,VIIRS,n,2.0NRT,288.96,7.81,D
-29.64111,-61.35508,349.47,0.65,0.73,2026-05-20,1853,N20,VIIRS,n,2.0NRT,290.28,7.49,D
-29.63698,-61.38337,342.19,0.65,0.73,2026-05-20,1853,N20,VIIRS,n,2.0NRT,289.71,8.87,D
-29.6359,-61.64592,339.0,0.63,0.72,2026-05-20,1853,N20,VIIRS,n,2.0NRT,289.97,4.21,D
-29.63542,-61.38656,341.69,0.65,0.73,2026-05-20,1853,N20,VIIRS,n,2.0NRT,291.37,5.4,D
-29.58838,-61.23755,335.25,0.67,0.73,2026-05-20,1853,N20,VIIRS,n,2.0NRT,289.71,6.68,D
-29.58766,-61.2404,344.45,0.67,0.73,2026-05-20,1853,N20,VIIRS,n,2.0NRT,290.69,5.31,D
-29.02209,-61.26822,338.87,0.68,0.74,2026-05-20,1853,N20,VIIRS,n,2.0NRT,293.33,6.52,D
-29.02168,-61.26865,338.56,0.69,0.74,2026-05-20,1853,N20,VIIRS,n,2.0NRT,293.55,6.4,D
-28.60094,-61.15932,333.31,0.71,0.75,2026-05-20,1853,N20,VIIRS,n,2.0NRT,289.42,8.28,D
-27.51842,-61.67081,325.54,0.71,0.75,2026-05-20,1853,N20,VIIRS,n,2.0NRT,291.23,3.5,D
-26.70357,-61.1522,340.98,0.79,0.78,2026-05-20,1853,N20,VIIRS,n,2.0NRT,293.55,13.43,D
-26.70132,-61.14426,348.84,0.79,0.78,2026-05-20,1853,N20,VIIRS,n,2.0NRT,289.84,13.9,D
-26.70041,-61.14636,367.0,0.8,0.78,2026-05-20,1853,N20,VIIRS,h,2.0NRT,290.67,20.96,D
-22.3185,-68.87867,347.06,0.35,0.57,2026-05-20,1856,N20,VIIRS,n,2.0NRT,301.54,3.63,D
-19.29319,-67.76087,339.93,0.47,0.64,2026-05-20,1856,N20,VIIRS,n,2.0NRT,301.82,0.32,D
-18.23885,-67.5703,338.16,0.51,0.66,2026-05-20,1856,N20,VIIRS,n,2.0NRT,302.68,3.63,D
-13.4431,-72.36959,327.94,0.62,0.54,2026-05-20,1858,N20,VIIRS,n,2.0NRT,294.95,5.66,D
-13.04912,-66.97345,334.87,0.7,0.75,2026-05-20,1858,N20,VIIRS,n,2.0NRT,287.19,6.23,D
-13.04858,-66.97111,327.72,0.7,0.75,2026-05-20,1858,N20,VIIRS,n,2.0NRT,286.33,4.67,D
-12.3572,-73.92943,330.75,0.51,0.49,2026-05-20,1858,N20,VIIRS,n,2.0NRT,296.06,3.0,D
-12.26194,-74.51112,329.42,0.47,0.47,2026-05-20,1858,N20,VIIRS,n,2.0NRT,298.2,2.9,D
-12.26064,-74.51077,329.55,0.47,0.48,2026-05-20,1858,N20,VIIRS,n,2.0NRT,298.55,4.87,D
-12.17609,-74.53831,332.51,0.47,0.47,2026-05-20,1858,N20,VIIRS,n,2.0NRT,294.53,3.44,D
-11.36467,-74.45354,338.94,0.49,0.48,2026-05-20,1858,N20,VIIRS,n,2.0NRT,295.48,15.03,D
-9.33882,-75.81876,327.46,0.43,0.46,2026-05-20,1900,N20,VIIRS,n,2.0NRT,293.24,2.42,D
-9.3379,-75.81946,328.39,0.43,0.46,2026-05-20,1900,N20,VIIRS,n,2.0NRT,292.97,3.12,D
-8.43857,-78.72882,333.54,0.45,0.39,2026-05-20,1900,N20,VIIRS,n,2.0NRT,299.8,12.0,D
-8.41051,-76.39115,328.14,0.41,0.45,2026-05-20,1900,N20,VIIRS,n,2.0NRT,294.26,2.04,D
-7.42595,-79.53259,336.42,0.43,0.38,2026-05-20,1900,N20,VIIRS,n,2.0NRT,300.04,2.03,D
-7.35496,-79.4683,342.05,0.43,0.38,2026-05-20,1900,N20,VIIRS,n,2.0NRT,303.04,4.99,D
-7.34848,-79.40529,334.82,0.43,0.38,2026-05-20,1900,N20,VIIRS,n,2.0NRT,302.31,5.25,D
-7.34523,-79.42986,333.44,0.43,0.38,2026-05-20,1900,N20,VIIRS,n,2.0NRT,299.92,3.6,D
-7.33463,-79.57507,335.23,0.43,0.38,2026-05-20,1900,N20,VIIRS,n,2.0NRT,299.48,3.32,D
-7.33446,-79.40749,340.51,0.43,0.38,2026-05-20,1900,N20,VIIRS,n,2.0NRT,301.84,6.92,D
-7.32331,-79.40523,337.97,0.44,0.38,2026-05-20,1900,N20,VIIRS,n,2.0NRT,299.42,31.74,D
-7.3225,-79.33302,339.99,0.44,0.38,2026-05-20,1900,N20,VIIRS,n,2.0NRT,304.97,5.37,D
-7.32246,-79.4056,338.37,0.44,0.38,2026-05-20,1900,N20,VIIRS,n,2.0NRT,299.37,70.6,D
-7.32044,-79.40968,343.45,0.43,0.38,2026-05-20,1900,N20,VIIRS,n,2.0NRT,300.64,31.74,D
-7.26557,-79.45471,343.04,0.43,0.38,2026-05-20,1900,N20,VIIRS,n,2.0NRT,303.06,8.47,D
-7.23845,-79.48698,347.03,0.43,0.38,2026-05-20,1900,N20,VIIRS,n,2.0NRT,301.26,5.68,D
-7.1379,-79.51476,331.84,0.43,0.38,2026-05-20,1900,N20,VIIRS,n,2.0NRT,297.78,2.23,D
-6.52239,-79.83308,336.04,0.43,0.38,2026-05-20,1900,N20,VIIRS,n,2.0NRT,298.64,2.87,D
-6.13293,-79.71208,330.32,0.43,0.38,2026-05-20,1900,N20,VIIRS,n,2.0NRT,298.25,1.73,D
-6.07053,-79.93929,336.23,0.43,0.38,2026-05-20,1900,N20,VIIRS,n,2.0NRT,303.88,2.21,D
-5.92545,-77.25906,330.52,0.39,0.44,2026-05-20,1900,N20,VIIRS,n,2.0NRT,292.54,2.25,D
-5.54996,-78.81851,340.95,0.48,0.4,2026-05-20,1900,N20,VIIRS,n,2.0NRT,300.64,7.08,D
-5.54557,-78.81465,331.46,0.48,0.4,2026-05-20,1900,N20,VIIRS,n,2.0NRT,298.73,4.05,D
-5.44195,-80.65142,340.85,0.41,0.37,2026-05-20,1902,N20,VIIRS,n,2.0NRT,302.98,2.92,D
-5.38931,-80.71574,344.0,0.41,0.37,2026-05-20,1902,N20,VIIRS,n,2.0NRT,300.09,6.02,D
-5.32911,-80.66958,330.2,0.41,0.37,2026-05-20,1902,N20,VIIRS,l,2.0NRT,301.58,2.14,D
-4.90086,-80.93422,336.68,0.4,0.37,2026-05-20,1902,N20,VIIRS,n,2.0NRT,302.25,9.82,D
-4.86521,-80.72689,355.67,0.41,0.37,2026-05-20,1902,N20,VIIRS,n,2.0NRT,302.98,9.03,D
-4.86238,-80.73109,351.75,0.41,0.37,2026-05-20,1902,N20,VIIRS,n,2.0NRT,304.2,7.49,D
-4.85384,-80.35889,330.22,0.42,0.38,2026-05-20,1902,N20,VIIRS,l,2.0NRT,301.61,1.56,D
-4.82054,-80.21227,342.18,0.43,0.38,2026-05-20,1902,N20,VIIRS,n,2.0NRT,303.03,4.22,D
-4.81843,-80.26733,335.38,0.42,0.38,2026-05-20,1902,N20,VIIRS,n,2.0NRT,301.63,2.54,D
-4.76432,-80.55025,333.92,0.42,0.37,2026-05-20,1902,N20,VIIRS,n,2.0NRT,302.53,2.08,D
-4.5809,-81.28302,330.6,0.4,0.37,2026-05-20,1902,N20,VIIRS,l,2.0NRT,301.83,3.07,D
-4.46066,-80.33485,340.02,0.42,0.38,2026-05-20,1902,N20,VIIRS,n,2.0NRT,302.52,9.53,D
-4.44101,-79.45142,336.71,0.46,0.39,2026-05-20,1902,N20,VIIRS,n,2.0NRT,298.48,3.71,D
-3.54591,-80.46361,343.79,0.43,0.38,2026-05-20,1902,N20,VIIRS,n,2.0NRT,297.57,13.04,D
-2.3728,-79.58144,334.98,0.48,0.4,2026-05-20,1902,N20,VIIRS,n,2.0NRT,294.41,5.46,D
-2.31168,-79.71674,333.57,0.48,0.4,2026-05-20,1902,N20,VIIRS,n,2.0NRT,295.72,4.36,D
-2.00401,-78.34173,340.73,0.38,0.43,2026-05-20,1902,N20,VIIRS,n,2.0NRT,285.09,5.5,D
-1.86333,-78.59769,334.45,0.56,0.43,2026-05-20,1902,N20,VIIRS,n,2.0NRT,300.05,3.76,D
-1.7894,-78.79673,330.53,0.54,0.42,2026-05-20,1902,N20,VIIRS,n,2.0NRT,296.2,5.4,D
-1.61713,-80.81309,336.97,0.43,0.38,2026-05-20,1902,N20,VIIRS,n,2.0NRT,296.04,3.58,D
-1.36583,-79.54475,344.0,0.5,0.41,2026-05-20,1902,N20,VIIRS,n,2.0NRT,295.91,8.6,D
-1.36513,-80.70355,342.59,0.44,0.38,2026-05-20,1902,N20,VIIRS,n,2.0NRT,297.7,7.27,D
-0.94845,-79.37154,343.97,0.52,0.41,2026-05-20,1902,N20,VIIRS,n,2.0NRT,294.87,8.73,D
-0.08286,-77.64999,342.79,0.45,0.47,2026-05-20,1902,N20,VIIRS,n,2.0NRT,292.84,20.21,D
-0.0796,-77.65736,330.76,0.45,0.47,2026-05-20,1902,N20,VIIRS,n,2.0NRT,291.77,14.74,D
0.45054,-78.11888,332.16,0.43,0.46,2026-05-20,1902,N20,VIIRS,l,2.0NRT,305.03,2.45,D
1.33214,-74.20714,331.24,0.41,0.61,2026-05-20,1902,N20,VIIRS,n,2.0NRT,289.48,3.36,D
3.46804,-71.8544,330.08,0.64,0.72,2026-05-20,1902,N20,VIIRS,n,2.0NRT,286.13,9.17,D
3.46892,-71.84855,325.03,0.64,0.72,2026-05-20,1902,N20,VIIRS,n,2.0NRT,286.32,9.52,D
3.47113,-71.8611,356.05,0.64,0.72,2026-05-20,1902,N20,VIIRS,n,2.0NRT,286.3,12.18,D
3.47197,-71.85524,349.9,0.64,0.72,2026-05-20,1902,N20,VIIRS,n,2.0NRT,286.17,12.18,D
3.47281,-71.84938,328.61,0.64,0.72,2026-05-20,1902,N20,VIIRS,n,2.0NRT,285.81,8.1,D
3.47384,-71.86105,356.66,0.64,0.72,2026-05-20,1902,N20,VIIRS,l,2.0NRT,287.08,9.17,D
3.47472,-71.8552,338.74,0.64,0.72,2026-05-20,1902,N20,VIIRS,n,2.0NRT,285.96,9.17,D
3.59447,-72.29783,327.31,0.6,0.7,2026-05-20,1904,N20,VIIRS,n,2.0NRT,286.52,9.42,D
3.59486,-72.29439,351.33,0.6,0.7,2026-05-20,1904,N20,VIIRS,n,2.0NRT,286.67,9.55,D
3.59524,-72.29234,336.77,0.6,0.71,2026-05-20,1904,N20,VIIRS,n,2.0NRT,286.0,8.06,D
5.59266,-75.35168,336.32,0.4,0.6,2026-05-20,1904,N20,VIIRS,n,2.0NRT,291.62,4.43,D
6.19524,-74.05586,339.68,0.49,0.65,2026-05-20,1904,N20,VIIRS,n,2.0NRT,290.12,6.09,D
6.38424,-75.69071,335.79,0.39,0.59,2026-05-20,1904,N20,VIIRS,n,2.0NRT,290.23,3.01,D
7.07318,-73.90269,330.0,0.52,0.67,2026-05-20,1904,N20,VIIRS,n,2.0NRT,292.36,2.98,D
7.1013,-73.55209,328.99,0.55,0.68,2026-05-20,1904,N20,VIIRS,n,2.0NRT,291.76,1.98,D
7.44543,-74.73492,330.85,0.46,0.64,2026-05-20,1904,N20,VIIRS,n,2.0NRT,291.2,3.3,D
7.45131,-74.7356,342.61,0.46,0.64,2026-05-20,1904,N20,VIIRS,n,2.0NRT,290.65,6.67,D
7.58571,-74.65934,332.49,0.47,0.64,2026-05-20,1904,N20,VIIRS,n,2.0NRT,292.38,3.53,D
7.61305,-72.45708,327.89,0.67,0.74,2026-05-20,1904,N20,VIIRS,n,2.0NRT,287.61,7.5,D
7.61772,-72.45647,336.2,0.67,0.74,2026-05-20,1904,N20,VIIRS,n,2.0NRT,287.66,6.86,D
7.65468,-75.86475,332.81,0.39,0.59,2026-05-20,1904,N20,VIIRS,n,2.0NRT,291.43,3.22,D
7.91271,-76.28827,329.96,0.37,0.58,2026-05-20,1904,N20,VIIRS,n,2.0NRT,291.42,5.26,D
8.24041,-72.10383,352.47,0.72,0.75,2026-05-20,1904,N20,VIIRS,n,2.0NRT,287.7,16.03,D
8.24111,-72.09827,349.17,0.72,0.76,2026-05-20,1904,N20,VIIRS,n,2.0NRT,287.61,15.18,D
8.24689,-72.10085,353.16,0.72,0.76,2026-05-20,1904,N20,VIIRS,n,2.0NRT,287.97,21.37,D
8.24739,-72.10457,335.08,0.72,0.75,2026-05-20,1904,N20,VIIRS,n,2.0NRT,287.37,16.03,D
8.24808,-72.09914,331.71,0.72,0.76,2026-05-20,1904,N20,VIIRS,n,2.0NRT,287.51,15.18,D
8.29452,-73.66409,332.09,0.56,0.69,2026-05-20,1904,N20,VIIRS,n,2.0NRT,291.18,3.99,D
8.37203,-80.55771,337.51,0.39,0.44,2026-05-20,1904,N20,VIIRS,n,2.0NRT,286.41,4.69,D
8.48992,-73.46943,347.54,0.59,0.7,2026-05-20,1904,N20,VIIRS,n,2.0NRT,287.63,7.85,D
8.68911,-73.87019,339.54,0.55,0.68,2026-05-20,1904,N20,VIIRS,n,2.0NRT,292.91,12.62,D
8.68976,-73.86515,330.43,0.55,0.68,2026-05-20,1904,N20,VIIRS,n,2.0NRT,291.66,7.81,D
8.69267,-73.86929,355.6,0.55,0.68,2026-05-20,1904,N20,VIIRS,n,2.0NRT,292.16,10.66,D
8.76324,-73.40051,350.6,0.6,0.71,2026-05-20,1904,N20,VIIRS,n,2.0NRT,288.86,14.59,D
8.7634,-73.39727,350.32,0.6,0.7,2026-05-20,1904,N20,VIIRS,n,2.0NRT,288.76,13.15,D
8.79028,-74.09162,330.38,0.54,0.68,2026-05-20,1904,N20,VIIRS,n,2.0NRT,292.03,5.13,D
9.03379,-74.09276,340.13,0.54,0.68,2026-05-20,1904,N20,VIIRS,n,2.0NRT,293.0,13.4,D
9.17195,-75.51529,336.48,0.43,0.62,2026-05-20,1904,N20,VIIRS,n,2.0NRT,290.34,2.49,D
9.19368,-74.70213,332.29,0.49,0.65,2026-05-20,1904,N20,VIIRS,n,2.0NRT,293.73,4.99,D
9.19912,-74.70739,334.74,0.49,0.65,2026-05-20,1904,N20,VIIRS,n,2.0NRT,293.45,5.75,D
9.38808,-74.74824,353.51,0.49,0.65,2026-05-20,1904,N20,VIIRS,n,2.0NRT,293.38,11.12,D
9.5294,-74.75992,332.76,0.49,0.65,2026-05-20,1904,N20,VIIRS,n,2.0NRT,294.6,4.94,D
9.52999,-74.75538,348.63,0.49,0.65,2026-05-20,1904,N20,VIIRS,n,2.0NRT,294.82,4.94,D
9.53192,-74.75845,346.16,0.49,0.65,2026-05-20,1904,N20,VIIRS,n,2.0NRT,294.53,9.18,D
9.56738,-74.51218,331.59,0.51,0.66,2026-05-20,1904,N20,VIIRS,n,2.0NRT,293.49,3.85,D
9.56763,-74.51482,330.97,0.51,0.66,2026-05-20,1904,N20,VIIRS,n,2.0NRT,293.51,4.57,D
9.56877,-75.18005,367.0,0.46,0.64,2026-05-20,1904,N20,VIIRS,h,2.0NRT,291.6,12.48,D
9.56975,-75.18018,367.0,0.46,0.64,2026-05-20,1904,N20,VIIRS,h,2.0NRT,291.82,10.93,D
9.81476,-73.12175,349.27,0.65,0.73,2026-05-20,1904,N20,VIIRS,n,2.0NRT,291.47,11.12,D
9.99802,-75.4858,333.63,0.45,0.63,2026-05-20,1904,N20,VIIRS,n,2.0NRT,293.05,2.91,D
10.55302,-74.45767,338.92,0.53,0.67,2026-05-20,1904,N20,VIIRS,n,2.0NRT,292.63,4.37,D
10.6297,-73.19103,332.66,0.65,0.73,2026-05-20,1904,N20,VIIRS,n,2.0NRT,291.01,6.97,D
10.65291,-74.05022,333.36,0.57,0.69,2026-05-20,1904,N20,VIIRS,n,2.0NRT,290.44,5.09,D
10.67144,-74.07762,330.72,0.57,0.69,2026-05-20,1904,N20,VIIRS,n,2.0NRT,290.74,3.78,D
10.72879,-74.24622,346.65,0.55,0.68,2026-05-20,1904,N20,VIIRS,n,2.0NRT,293.01,11.07,D
10.73511,-74.2469,333.9,0.55,0.68,2026-05-20,1904,N20,VIIRS,n,2.0NRT,292.12,3.64,D
10.77425,-74.99555,342.19,0.49,0.65,2026-05-20,1904,N20,VIIRS,n,2.0NRT,290.65,10.92,D
10.77613,-74.99857,355.21,0.49,0.65,2026-05-20,1904,N20,VIIRS,n,2.0NRT,292.38,9.79,D
-8.38802,-42.2625,308.54,0.45,0.39,2026-05-21,421,N20,VIIRS,n,2.0NRT,292.24,0.96,N
-8.38742,-42.26652,307.37,0.45,0.39,2026-05-21,421,N20,VIIRS,n,2.0NRT,291.71,0.96,N
-8.118,-44.17207,304.59,0.39,0.36,2026-05-21,421,N20,VIIRS,n,2.0NRT,286.78,0.61,N
-8.11522,-44.16802,302.48,0.39,0.36,2026-05-21,421,N20,VIIRS,n,2.0NRT,291.45,1.14,N
-8.11467,-44.17154,307.16,0.39,0.36,2026-05-21,421,N20,VIIRS,n,2.0NRT,290.64,0.61,N
-8.1113,-44.14938,299.98,0.39,0.36,2026-05-21,421,N20,VIIRS,n,2.0NRT,289.1,1.19,N
-8.11075,-44.1529,317.87,0.39,0.36,2026-05-21,421,N20,VIIRS,n,2.0NRT,292.61,1.19,N
-8.11021,-44.15642,301.22,0.39,0.36,2026-05-21,421,N20,VIIRS,n,2.0NRT,290.9,0.82,N
-8.10907,-44.14181,309.14,0.39,0.36,2026-05-21,421,N20,VIIRS,n,2.0NRT,291.36,0.97,N
-8.10628,-44.13777,310.45,0.39,0.36,2026-05-21,421,N20,VIIRS,n,2.0NRT,293.04,1.73,N
-8.10574,-44.14129,301.73,0.39,0.36,2026-05-21,421,N20,VIIRS,n,2.0NRT,290.9,0.97,N
-8.10405,-44.13019,303.18,0.39,0.36,2026-05-21,421,N20,VIIRS,n,2.0NRT,289.77,1.09,N
-7.95016,-46.08891,308.6,0.39,0.36,2026-05-21,421,N20,VIIRS,n,2.0NRT,292.37,1.12,N
-7.94959,-46.09244,302.57,0.39,0.36,2026-05-21,421,N20,VIIRS,n,2.0NRT,290.91,0.5,N
-7.92869,-48.28621,305.61,0.47,0.4,2026-05-21,421,N20,VIIRS,n,2.0NRT,292.35,0.75,N
-7.92505,-48.28563,303.42,0.47,0.4,2026-05-21,421,N20,VIIRS,n,2.0NRT,292.77,0.59,N
-7.82634,-42.06003,305.17,0.45,0.39,2026-05-21,421,N20,VIIRS,n,2.0NRT,293.15,1.38,N
-7.82278,-42.05949,315.7,0.45,0.39,2026-05-21,421,N20,VIIRS,n,2.0NRT,292.9,1.38,N
-7.73417,-47.24532,304.21,0.43,0.38,2026-05-21,421,N20,VIIRS,n,2.0NRT,291.78,0.42,N
-7.73133,-47.2409,306.8,0.43,0.38,2026-05-21,421,N20,VIIRS,n,2.0NRT,292.34,0.95,N
-7.05428,-45.06135,324.76,0.38,0.36,2026-05-21,421,N20,VIIRS,n,2.0NRT,292.0,1.88,N
-7.05097,-45.06082,319.13,0.38,0.36,2026-05-21,421,N20,VIIRS,n,2.0NRT,293.05,1.88,N
-7.05042,-45.06429,317.19,0.38,0.36,2026-05-21,421,N20,VIIRS,n,2.0NRT,292.54,1.47,N
-7.01894,-45.4122,308.42,0.39,0.36,2026-05-21,421,N20,VIIRS,n,2.0NRT,292.25,0.75,N
-7.01839,-45.4157,302.22,0.39,0.36,2026-05-21,421,N20,VIIRS,n,2.0NRT,292.03,0.57,N
-7.01067,-44.99399,303.04,0.38,0.36,2026-05-21,421,N20,VIIRS,n,2.0NRT,292.86,0.48,N
-6.99563,-50.46596,302.57,0.43,0.46,2026-05-21,421,N20,VIIRS,n,2.0NRT,291.07,0.76,N
-6.75889,-45.01802,320.94,0.38,0.36,2026-05-21,421,N20,VIIRS,n,2.0NRT,293.02,1.81,N
-6.7527,-45.01313,322.33,0.38,0.36,2026-05-21,421,N20,VIIRS,n,2.0NRT,292.42,2.27,N
-6.57549,-51.09926,311.29,0.48,0.48,2026-05-21,421,N20,VIIRS,n,2.0NRT,294.23,20.02,N
-6.57477,-51.10348,330.12,0.48,0.48,2026-05-21,421,N20,VIIRS,n,2.0NRT,290.7,20.02,N
-6.5718,-51.0942,306.27,0.48,0.48,2026-05-21,421,N20,VIIRS,n,2.0NRT,291.03,1.58,N
-6.57109,-51.09838,307.35,0.48,0.48,2026-05-21,421,N20,VIIRS,n,2.0NRT,290.49,20.02,N
-6.39426,-44.16547,330.47,0.39,0.36,2026-05-21,421,N20,VIIRS,n,2.0NRT,294.77,5.43,N
-6.39372,-44.16894,344.92,0.39,0.36,2026-05-21,421,N20,VIIRS,n,2.0NRT,294.08,5.43,N
-6.39041,-44.16842,340.62,0.39,0.36,2026-05-21,421,N20,VIIRS,n,2.0NRT,294.6,5.43,N
-6.38986,-44.17189,325.27,0.39,0.36,2026-05-21,421,N20,VIIRS,n,2.0NRT,293.05,2.34,N
-6.30103,-43.63563,336.97,0.39,0.36,2026-05-21,421,N20,VIIRS,n,2.0NRT,294.1,2.74,N
-6.29769,-43.63511,334.66,0.39,0.36,2026-05-21,421,N20,VIIRS,n,2.0NRT,295.47,2.74,N
-6.29714,-43.63863,303.28,0.39,0.36,2026-05-21,421,N20,VIIRS,n,2.0NRT,292.38,2.74,N
-6.11314,-44.74078,303.55,0.38,0.36,2026-05-21,421,N20,VIIRS,n,2.0NRT,291.97,0.56,N
-6.10929,-44.74371,307.76,0.38,0.36,2026-05-21,421,N20,VIIRS,n,2.0NRT,292.72,0.78,N
-5.9533,-43.49141,331.8,0.39,0.36,2026-05-21,421,N20,VIIRS,n,2.0NRT,293.73,3.98,N
-5.94996,-43.49088,335.22,0.39,0.36,2026-05-21,421,N20,VIIRS,n,2.0NRT,294.43,7.21,N
-5.75282,-43.40577,332.94,0.39,0.36,2026-05-21,421,N20,VIIRS,n,2.0NRT,293.47,3.21,N
-5.41617,-47.5676,307.08,0.46,0.39,2026-05-21,421,N20,VIIRS,n,2.0NRT,295.19,1.42,N
-5.3455,-42.68966,315.21,0.41,0.37,2026-05-21,421,N20,VIIRS,n,2.0NRT,293.37,1.14,N
-5.30537,-43.05673,327.89,0.4,0.37,2026-05-21,421,N20,VIIRS,n,2.0NRT,293.08,2.43,N
-4.82221,-44.35571,319.78,0.38,0.36,2026-05-21,421,N20,VIIRS,n,2.0NRT,294.19,1.28,N
-4.65865,-42.42145,316.71,0.41,0.37,2026-05-21,421,N20,VIIRS,n,2.0NRT,294.38,1.58,N
-4.4775,-37.81068,310.69,0.48,0.48,2026-05-21,421,N20,VIIRS,n,2.0NRT,294.0,1.69,N
-4.47684,-37.81499,307.89,0.48,0.48,2026-05-21,421,N20,VIIRS,n,2.0NRT,293.95,1.69,N
-4.47619,-37.81931,315.57,0.48,0.48,2026-05-21,421,N20,VIIRS,n,2.0NRT,294.22,2.43,N
-4.36538,-37.89642,340.79,0.47,0.48,2026-05-21,421,N20,VIIRS,n,2.0NRT,295.14,6.5,N
-3.61466,-41.81527,303.0,0.42,0.38,2026-05-21,421,N20,VIIRS,n,2.0NRT,292.89,0.56,N
-3.61408,-41.81903,303.42,0.42,0.38,2026-05-21,421,N20,VIIRS,n,2.0NRT,292.73,0.56,N
-3.59429,-38.85746,312.07,0.4,0.44,2026-05-21,421,N20,VIIRS,n,2.0NRT,293.94,2.12,N
-3.59375,-38.86102,311.47,0.4,0.44,2026-05-21,421,N20,VIIRS,n,2.0NRT,293.55,1.95,N
-3.59023,-38.85683,309.64,0.4,0.44,2026-05-21,421,N20,VIIRS,n,2.0NRT,292.79,1.85,N
-3.58511,-38.86335,308.94,0.4,0.44,2026-05-21,421,N20,VIIRS,n,2.0NRT,293.3,2.07,N
-1.50331,-47.46833,305.5,0.51,0.41,2026-05-21,421,N20,VIIRS,n,2.0NRT,289.7,0.62,N
-15.09024,-41.15399,302.02,0.41,0.45,2026-05-21,423,N20,VIIRS,n,2.0NRT,287.81,1.11,N
-15.06943,-42.3747,306.43,0.52,0.41,2026-05-21,423,N20,VIIRS,n,2.0NRT,287.62,1.32,N
-15.06798,-42.37656,303.09,0.52,0.42,2026-05-21,423,N20,VIIRS,n,2.0NRT,286.99,1.5,N
-14.22684,-43.65407,312.41,0.44,0.38,2026-05-21,423,N20,VIIRS,n,2.0NRT,293.3,0.98,N
-14.16377,-45.32182,306.4,0.39,0.36,2026-05-21,423,N20,VIIRS,n,2.0NRT,290.07,0.65,N
-14.16043,-45.32128,301.02,0.39,0.36,2026-05-21,423,N20,VIIRS,n,2.0NRT,289.68,0.65,N
-14.15987,-45.32491,298.61,0.39,0.36,2026-05-21,423,N20,VIIRS,n,2.0NRT,288.32,0.65,N
-14.01076,-47.509,315.31,0.39,0.36,2026-05-21,423,N20,VIIRS,n,2.0NRT,287.65,1.01,N
-13.67861,-52.59181,312.28,0.46,0.47,2026-05-21,423,N20,VIIRS,n,2.0NRT,291.47,1.32,N
-13.51776,-47.69312,301.47,0.4,0.37,2026-05-21,423,N20,VIIRS,n,2.0NRT,290.79,0.74,N
-13.51715,-47.69682,301.41,0.4,0.37,2026-05-21,423,N20,VIIRS,n,2.0NRT,291.16,0.95,N
-13.41872,-46.71504,302.51,0.39,0.36,2026-05-21,423,N20,VIIRS,n,2.0NRT,291.69,0.54,N
-13.2849,-50.28151,310.78,0.51,0.41,2026-05-21,423,N20,VIIRS,n,2.0NRT,293.67,2.07,N
-13.28461,-50.28361,309.68,0.51,0.41,2026-05-21,423,N20,VIIRS,n,2.0NRT,293.27,1.99,N
-13.02952,-49.94221,319.9,0.49,0.41,2026-05-21,423,N20,VIIRS,n,2.0NRT,293.31,2.32,N
-13.0274,-49.93245,315.98,0.49,0.4,2026-05-21,423,N20,VIIRS,n,2.0NRT,293.26,2.52,N
-13.02369,-49.93177,302.18,0.49,0.4,2026-05-21,423,N20,VIIRS,n,2.0NRT,291.25,0.77,N
-12.82187,-48.57772,312.45,0.43,0.38,2026-05-21,423,N20,VIIRS,n,2.0NRT,291.7,1.16,N
-12.81155,-44.87115,303.6,0.4,0.37,2026-05-21,423,N20,VIIRS,n,2.0NRT,290.35,0.86,N
-12.6003,-44.51631,305.35,0.4,0.37,2026-05-21,423,N20,VIIRS,n,2.0NRT,290.07,2.25,N
-12.39811,-45.86967,303.95,0.38,0.36,2026-05-21,423,N20,VIIRS,n,2.0NRT,290.35,0.58,N
-12.22958,-46.60912,313.02,0.39,0.36,2026-05-21,423,N20,VIIRS,n,2.0NRT,291.38,1.3,N
-12.22957,-44.25908,308.04,0.41,0.37,2026-05-21,423,N20,VIIRS,n,2.0NRT,290.5,1.97,N
-12.22913,-48.10015,300.87,0.42,0.38,2026-05-21,423,N20,VIIRS,n,2.0NRT,288.96,0.72,N
-12.22901,-44.26278,302.06,0.41,0.37,2026-05-21,423,N20,VIIRS,n,2.0NRT,290.07,1.29,N
-12.22785,-44.24743,303.12,0.41,0.37,2026-05-21,423,N20,VIIRS,n,2.0NRT,291.17,1.47,N
-12.22683,-46.60502,301.7,0.39,0.36,2026-05-21,423,N20,VIIRS,n,2.0NRT,291.5,0.68,N
-12.07974,-51.25849,306.24,0.4,0.44,2026-05-21,423,N20,VIIRS,n,2.0NRT,292.2,0.85,N
-12.06429,-45.29155,299.55,0.39,0.36,2026-05-21,423,N20,VIIRS,n,2.0NRT,288.61,1.2,N
-12.06097,-45.29102,313.14,0.39,0.36,2026-05-21,423,N20,VIIRS,n,2.0NRT,290.18,1.2,N
-12.05765,-45.29049,321.45,0.39,0.36,2026-05-21,423,N20,VIIRS,n,2.0NRT,291.11,1.5,N
-12.05433,-45.28995,303.46,0.39,0.36,2026-05-21,423,N20,VIIRS,n,2.0NRT,290.96,1.5,N
-12.0004,-45.136,300.63,0.39,0.36,2026-05-21,423,N20,VIIRS,n,2.0NRT,288.92,1.78,N
-11.99985,-45.13955,344.04,0.39,0.36,2026-05-21,423,N20,VIIRS,n,2.0NRT,292.07,9.18,N
-11.99645,-47.76446,307.3,0.41,0.37,2026-05-21,423,N20,VIIRS,n,2.0NRT,290.19,1.69,N
-11.97525,-52.47074,308.99,0.48,0.48,2026-05-21,423,N20,VIIRS,n,2.0NRT,292.21,1.88,N
-11.96185,-43.38997,303.68,0.43,0.38,2026-05-21,423,N20,VIIRS,n,2.0NRT,292.31,0.93,N
-11.95895,-43.38538,309.13,0.43,0.38,2026-05-21,423,N20,VIIRS,n,2.0NRT,291.38,0.93,N
-11.95836,-43.38937,311.76,0.43,0.38,2026-05-21,423,N20,VIIRS,n,2.0NRT,291.78,0.93,N
-11.83521,-47.09509,336.31,0.4,0.37,2026-05-21,423,N20,VIIRS,n,2.0NRT,293.48,3.6,N
-11.83127,-47.09814,317.94,0.4,0.37,2026-05-21,423,N20,VIIRS,n,2.0NRT,292.46,1.86,N
-11.8127,-45.53296,299.5,0.38,0.36,2026-05-21,423,N20,VIIRS,n,2.0NRT,288.69,0.48,N
-11.7599,-48.28601,305.96,0.43,0.38,2026-05-21,423,N20,VIIRS,n,2.0NRT,292.93,0.79,N
-11.71498,-47.81125,321.44,0.41,0.37,2026-05-21,423,N20,VIIRS,n,2.0NRT,293.47,2.8,N
-11.6816,-44.86991,308.86,0.39,0.36,2026-05-21,423,N20,VIIRS,n,2.0NRT,289.35,0.69,N
-11.67681,-54.58219,304.67,0.34,0.56,2026-05-21,423,N20,VIIRS,n,2.0NRT,290.56,0.67,N
-11.67623,-54.58522,302.17,0.34,0.56,2026-05-21,423,N20,VIIRS,n,2.0NRT,290.15,0.62,N
-11.65263,-47.59248,339.4,0.41,0.37,2026-05-21,423,N20,VIIRS,n,2.0NRT,293.17,4.06,N
-11.61231,-47.90374,309.14,0.42,0.37,2026-05-21,423,N20,VIIRS,n,2.0NRT,291.82,0.87,N
-11.56695,-56.9389,310.23,0.49,0.65,2026-05-21,423,N20,VIIRS,n,2.0NRT,289.66,2.08,N
-11.56606,-56.9434,307.63,0.49,0.65,2026-05-21,423,N20,VIIRS,n,2.0NRT,289.2,1.53,N
-11.56517,-56.94794,300.76,0.49,0.65,2026-05-21,423,N20,VIIRS,n,2.0NRT,289.26,1.53,N
-11.56426,-56.95253,303.87,0.49,0.65,2026-05-21,423,N20,VIIRS,n,2.0NRT,289.7,1.64,N
-11.56102,-56.93758,310.05,0.49,0.65,2026-05-21,423,N20,VIIRS,n,2.0NRT,289.47,1.62,N
-11.56013,-56.94209,307.97,0.49,0.65,2026-05-21,423,N20,VIIRS,n,2.0NRT,289.42,1.55,N
-11.55729,-48.26084,302.9,0.43,0.38,2026-05-21,423,N20,VIIRS,n,2.0NRT,291.97,0.45,N
-11.55067,-54.53583,318.7,0.34,0.56,2026-05-21,423,N20,VIIRS,n,2.0NRT,290.28,1.29,N
-11.54614,-54.53182,319.95,0.34,0.56,2026-05-21,423,N20,VIIRS,n,2.0NRT,290.99,1.29,N
-11.54555,-54.5349,303.15,0.34,0.56,2026-05-21,423,N20,VIIRS,n,2.0NRT,290.48,1.29,N
-11.54103,-54.53087,302.66,0.34,0.56,2026-05-21,423,N20,VIIRS,n,2.0NRT,290.26,0.39,N
-11.4781,-52.92053,316.06,0.53,0.5,2026-05-21,423,N20,VIIRS,n,2.0NRT,291.12,3.11,N
-11.46892,-52.91875,310.83,0.53,0.5,2026-05-21,423,N20,VIIRS,n,2.0NRT,291.26,2.77,N
-11.46433,-52.91788,328.53,0.53,0.5,2026-05-21,423,N20,VIIRS,n,2.0NRT,292.04,2.77,N
-11.4606,-55.11757,303.67,0.37,0.58,2026-05-21,423,N20,VIIRS,n,2.0NRT,290.26,0.68,N
-11.45529,-55.11651,300.74,0.37,0.58,2026-05-21,423,N20,VIIRS,n,2.0NRT,290.02,0.68,N
-11.45063,-55.11208,302.68,0.37,0.58,2026-05-21,423,N20,VIIRS,n,2.0NRT,290.37,1.22,N
-11.43598,-55.10228,304.07,0.37,0.58,2026-05-21,423,N20,VIIRS,n,2.0NRT,290.09,0.61,N
-11.43533,-55.10566,302.76,0.37,0.58,2026-05-21,423,N20,VIIRS,n,2.0NRT,290.0,0.58,N
-11.43066,-55.10129,311.47,0.37,0.58,2026-05-21,423,N20,VIIRS,n,2.0NRT,290.42,0.84,N
-11.34323,-48.00161,309.01,0.42,0.38,2026-05-21,423,N20,VIIRS,n,2.0NRT,293.46,1.54,N
-11.33977,-48.00103,315.3,0.42,0.38,2026-05-21,423,N20,VIIRS,n,2.0NRT,293.77,1.54,N
-11.33913,-48.00487,317.22,0.42,0.38,2026-05-21,423,N20,VIIRS,n,2.0NRT,294.12,1.54,N
-11.33849,-48.00872,306.92,0.42,0.38,2026-05-21,423,N20,VIIRS,n,2.0NRT,292.91,1.02,N
-11.33606,-47.42556,308.95,0.41,0.37,2026-05-21,423,N20,VIIRS,n,2.0NRT,292.52,0.94,N
-11.33546,-47.42924,306.01,0.41,0.37,2026-05-21,423,N20,VIIRS,n,2.0NRT,291.8,0.94,N
-11.33503,-48.00814,306.46,0.42,0.38,2026-05-21,423,N20,VIIRS,n,2.0NRT,292.46,0.77,N
-11.33484,-51.41004,303.03,0.42,0.45,2026-05-21,423,N20,VIIRS,n,2.0NRT,292.36,1.05,N
-11.32444,-47.56084,308.43,0.41,0.37,2026-05-21,423,N20,VIIRS,n,2.0NRT,293.69,1.54,N
-11.32043,-47.5639,319.6,0.41,0.37,2026-05-21,423,N20,VIIRS,n,2.0NRT,294.0,2.07,N
-11.30984,-54.71753,302.84,0.35,0.57,2026-05-21,423,N20,VIIRS,n,2.0NRT,290.77,1.11,N
-11.30585,-54.71025,314.04,0.35,0.57,2026-05-21,423,N20,VIIRS,n,2.0NRT,291.53,1.66,N
-11.30525,-54.71339,314.85,0.35,0.57,2026-05-21,423,N20,VIIRS,n,2.0NRT,291.41,1.66,N
-11.30465,-54.71653,317.01,0.35,0.57,2026-05-21,423,N20,VIIRS,n,2.0NRT,291.33,1.11,N
-11.30404,-54.7197,307.07,0.35,0.57,2026-05-21,423,N20,VIIRS,n,2.0NRT,290.75,1.11,N
-11.30066,-54.70927,310.22,0.35,0.57,2026-05-21,423,N20,VIIRS,n,2.0NRT,291.36,1.18,N
-11.30006,-54.7124,313.94,0.35,0.57,2026-05-21,423,N20,VIIRS,n,2.0NRT,291.29,1.18,N
-11.29945,-54.71556,309.58,0.35,0.57,2026-05-21,423,N20,VIIRS,n,2.0NRT,291.08,0.87,N
-11.29884,-54.71875,303.42,0.35,0.57,2026-05-21,423,N20,VIIRS,n,2.0NRT,290.71,0.87,N
-11.187,-55.91237,308.91,0.42,0.61,2026-05-21,423,N20,VIIRS,n,2.0NRT,290.3,1.78,N
-11.18626,-55.91616,305.43,0.42,0.61,2026-05-21,423,N20,VIIRS,n,2.0NRT,289.71,1.78,N
-11.18138,-55.91127,311.61,0.42,0.61,2026-05-21,423,N20,VIIRS,n,2.0NRT,290.5,1.78,N
-11.18064,-55.91506,334.07,0.42,0.61,2026-05-21,423,N20,VIIRS,n,2.0NRT,290.22,1.78,N
-11.14198,-43.19428,302.26,0.43,0.38,2026-05-21,423,N20,VIIRS,n,2.0NRT,290.66,0.52,N
-11.09481,-46.56392,302.33,0.39,0.36,2026-05-21,423,N20,VIIRS,n,2.0NRT,290.13,0.62,N
-11.08596,-46.55518,309.25,0.39,0.36,2026-05-21,423,N20,VIIRS,n,2.0NRT,290.17,1.03,N
-11.07518,-48.26277,301.1,0.43,0.38,2026-05-21,423,N20,VIIRS,n,2.0NRT,290.05,1.23,N
-11.07453,-48.26664,309.68,0.44,0.38,2026-05-21,423,N20,VIIRS,n,2.0NRT,293.24,1.23,N
-11.07167,-48.26218,320.72,0.43,0.38,2026-05-21,423,N20,VIIRS,n,2.0NRT,293.36,1.23,N
-11.03447,-49.47746,310.58,0.5,0.41,2026-05-21,423,N20,VIIRS,n,2.0NRT,293.9,1.56,N
-11.03427,-48.91162,324.85,0.46,0.39,2026-05-21,423,N20,VIIRS,n,2.0NRT,292.94,3.86,N
-11.03275,-49.47889,312.57,0.5,0.41,2026-05-21,423,N20,VIIRS,n,2.0NRT,294.29,1.12,N
-11.02189,-42.86306,306.05,0.44,0.39,2026-05-21,423,N20,VIIRS,n,2.0NRT,293.95,1.51,N
-11.01834,-42.86251,325.99,0.44,0.39,2026-05-21,423,N20,VIIRS,n,2.0NRT,295.22,1.51,N
-11.01775,-42.86655,308.58,0.44,0.39,2026-05-21,423,N20,VIIRS,n,2.0NRT,294.08,1.45,N
-11.01458,-49.04874,306.91,0.47,0.4,2026-05-21,423,N20,VIIRS,n,2.0NRT,291.65,0.97,N
-10.97639,-49.42714,310.97,0.49,0.41,2026-05-21,423,N20,VIIRS,n,2.0NRT,292.58,0.83,N
-10.87192,-44.64344,301.68,0.39,0.36,2026-05-21,423,N20,VIIRS,n,2.0NRT,290.22,0.46,N
-10.66579,-49.70074,306.68,0.52,0.41,2026-05-21,423,N20,VIIRS,n,2.0NRT,293.26,1.03,N
-10.66479,-49.70279,304.36,0.51,0.41,2026-05-21,423,N20,VIIRS,n,2.0NRT,292.58,0.73,N
-10.65305,-42.29805,310.94,0.47,0.4,2026-05-21,423,N20,VIIRS,n,2.0NRT,293.54,1.67,N
-10.65243,-42.30231,314.63,0.47,0.4,2026-05-21,423,N20,VIIRS,n,2.0NRT,293.94,1.67,N
-10.65204,-42.29989,314.97,0.47,0.4,2026-05-21,423,N20,VIIRS,n,2.0NRT,293.88,1.71,N
-10.65181,-42.30657,307.18,0.47,0.4,2026-05-21,423,N20,VIIRS,n,2.0NRT,292.95,0.97,N
-10.65139,-42.30415,316.84,0.47,0.4,2026-05-21,423,N20,VIIRS,n,2.0NRT,294.0,1.71,N
-10.64942,-42.2975,312.06,0.47,0.4,2026-05-21,423,N20,VIIRS,n,2.0NRT,293.67,1.55,N
-10.6488,-42.30177,313.25,0.47,0.4,2026-05-21,423,N20,VIIRS,n,2.0NRT,293.91,1.55,N
-10.64841,-42.29935,315.69,0.47,0.4,2026-05-21,423,N20,VIIRS,n,2.0NRT,293.98,1.71,N
-10.64818,-42.30602,307.64,0.47,0.4,2026-05-21,423,N20,VIIRS,n,2.0NRT,293.04,1.17,N
-10.64777,-42.3036,313.66,0.47,0.4,2026-05-21,423,N20,VIIRS,n,2.0NRT,293.9,1.71,N
-10.64578,-42.29695,314.58,0.47,0.4,2026-05-21,423,N20,VIIRS,n,2.0NRT,293.98,1.55,N
-10.64517,-42.30122,313.71,0.47,0.4,2026-05-21,423,N20,VIIRS,n,2.0NRT,294.15,1.55,N
-10.64478,-42.2988,318.05,0.47,0.4,2026-05-21,423,N20,VIIRS,n,2.0NRT,294.2,1.39,N
-10.64455,-42.30547,311.51,0.47,0.4,2026-05-21,423,N20,VIIRS,n,2.0NRT,293.59,1.17,N
-10.64414,-42.30305,312.37,0.47,0.4,2026-05-21,423,N20,VIIRS,n,2.0NRT,293.82,1.39,N
-10.6435,-42.3073,303.19,0.47,0.4,2026-05-21,423,N20,VIIRS,n,2.0NRT,292.72,0.72,N
-10.64115,-42.29825,303.69,0.47,0.4,2026-05-21,423,N20,VIIRS,n,2.0NRT,292.94,1.39,N
-10.63588,-48.33147,335.12,0.44,0.39,2026-05-21,423,N20,VIIRS,n,2.0NRT,293.2,3.87,N
-10.59883,-53.47336,304.98,0.59,0.53,2026-05-21,423,N20,VIIRS,n,2.0NRT,291.33,2.21,N
-10.59136,-46.65328,309.16,0.39,0.36,2026-05-21,423,N20,VIIRS,n,2.0NRT,292.19,1.05,N
-10.4973,-49.36287,303.26,0.5,0.41,2026-05-21,423,N20,VIIRS,n,2.0NRT,291.55,1.24,N
-10.49433,-49.35771,303.48,0.5,0.41,2026-05-21,423,N20,VIIRS,n,2.0NRT,292.55,11.18,N
-10.49358,-49.36221,353.72,0.5,0.41,2026-05-21,423,N20,VIIRS,n,2.0NRT,294.65,11.18,N
-10.49283,-49.36671,320.84,0.5,0.41,2026-05-21,423,N20,VIIRS,n,2.0NRT,292.16,2.31,N
-10.49061,-49.35703,306.27,0.5,0.41,2026-05-21,423,N20,VIIRS,n,2.0NRT,293.25,11.18,N
-10.48986,-49.36152,345.84,0.5,0.41,2026-05-21,423,N20,VIIRS,n,2.0NRT,299.18,11.18,N
-10.4891,-49.36604,319.08,0.5,0.41,2026-05-21,423,N20,VIIRS,n,2.0NRT,293.74,2.31,N
-10.48613,-49.36087,354.6,0.5,0.41,2026-05-21,423,N20,VIIRS,n,2.0NRT,297.18,15.95,N
-10.48537,-49.36541,303.55,0.5,0.41,2026-05-21,423,N20,VIIRS,n,2.0NRT,293.24,1.48,N
-10.44997,-47.94636,310.86,0.43,0.38,2026-05-21,423,N20,VIIRS,n,2.0NRT,293.08,1.27,N
-10.44649,-47.94577,310.17,0.43,0.38,2026-05-21,423,N20,VIIRS,n,2.0NRT,292.54,2.13,N
-10.44235,-47.94913,312.92,0.43,0.38,2026-05-21,423,N20,VIIRS,n,2.0NRT,292.65,2.48,N
-10.44169,-47.95304,323.09,0.43,0.38,2026-05-21,423,N20,VIIRS,n,2.0NRT,291.77,2.48,N
-10.43821,-47.95248,304.95,0.43,0.38,2026-05-21,423,N20,VIIRS,n,2.0NRT,285.16,1.24,N
-10.42279,-44.95694,306.16,0.39,0.36,2026-05-21,423,N20,VIIRS,n,2.0NRT,290.03,0.74,N
-10.39807,-49.44861,317.23,0.5,0.41,2026-05-21,423,N20,VIIRS,n,2.0NRT,292.73,2.65,N
-10.39511,-49.44336,304.63,0.5,0.41,2026-05-21,423,N20,VIIRS,n,2.0NRT,292.68,2.29,N
-10.39432,-49.44795,329.18,0.5,0.41,2026-05-21,423,N20,VIIRS,n,2.0NRT,292.83,2.29,N
-10.35573,-47.81546,301.33,0.42,0.38,2026-05-21,423,N20,VIIRS,n,2.0NRT,287.64,0.44,N
-10.35509,-47.81934,300.42,0.42,0.38,2026-05-21,423,N20,VIIRS,n,2.0NRT,289.99,0.44,N
-10.32738,-53.57848,305.24,0.61,0.53,2026-05-21,423,N20,VIIRS,n,2.0NRT,290.36,0.94,N
-10.32249,-53.57752,308.07,0.61,0.53,2026-05-21,423,N20,VIIRS,n,2.0NRT,290.52,1.04,N
-10.22795,-52.66161,303.87,0.53,0.5,2026-05-21,423,N20,VIIRS,n,2.0NRT,290.6,1.14,N
-10.19365,-46.90331,317.59,0.4,0.37,2026-05-21,423,N20,VIIRS,n,2.0NRT,293.46,1.69,N
-10.11341,-52.40622,317.87,0.51,0.5,2026-05-21,423,N20,VIIRS,n,2.0NRT,291.87,1.73,N
-10.10885,-52.40547,306.9,0.51,0.5,2026-05-21,423,N20,VIIRS,n,2.0NRT,291.12,1.73,N
-10.10799,-52.41021,304.94,0.51,0.5,2026-05-21,423,N20,VIIRS,n,2.0NRT,290.86,1.73,N
-10.08706,-52.18134,319.02,0.5,0.49,2026-05-21,423,N20,VIIRS,n,2.0NRT,290.98,2.27,N
-10.08249,-51.64326,308.16,0.46,0.47,2026-05-21,423,N20,VIIRS,n,2.0NRT,290.24,1.71,N
-9.96101,-52.46726,302.88,0.52,0.5,2026-05-21,423,N20,VIIRS,n,2.0NRT,291.35,1.46,N
-9.95923,-52.44926,311.06,0.52,0.5,2026-05-21,423,N20,VIIRS,n,2.0NRT,291.05,1.39,N
-9.95896,-52.45204,317.14,0.52,0.5,2026-05-21,423,N20,VIIRS,n,2.0NRT,291.43,2.79,N
-9.95836,-52.454,306.88,0.52,0.5,2026-05-21,423,N20,VIIRS,n,2.0NRT,290.6,1.39,N
-9.95378,-52.45317,312.5,0.52,0.5,2026-05-21,423,N20,VIIRS,n,2.0NRT,291.44,1.39,N
-9.95355,-52.45597,312.21,0.52,0.5,2026-05-21,423,N20,VIIRS,n,2.0NRT,291.07,2.9,N
-9.94897,-52.45515,325.56,0.52,0.5,2026-05-21,423,N20,VIIRS,n,2.0NRT,291.41,2.9,N
-9.94439,-52.45434,315.5,0.52,0.5,2026-05-21,423,N20,VIIRS,n,2.0NRT,291.07,2.05,N
-9.93162,-48.00842,298.53,0.44,0.38,2026-05-21,423,N20,VIIRS,n,2.0NRT,286.91,0.92,N
-9.81675,-48.00227,305.02,0.44,0.38,2026-05-21,423,N20,VIIRS,n,2.0NRT,292.22,1.2,N
-9.7151,-50.41346,303.39,0.39,0.44,2026-05-21,423,N20,VIIRS,n,2.0NRT,292.9,2.07,N
-9.71448,-50.41702,334.6,0.39,0.44,2026-05-21,423,N20,VIIRS,n,2.0NRT,293.0,2.07,N
-9.66691,-46.92563,304.52,0.4,0.37,2026-05-21,423,N20,VIIRS,n,2.0NRT,292.78,1.05,N
-9.62473,-48.88246,308.94,0.48,0.4,2026-05-21,423,N20,VIIRS,n,2.0NRT,291.53,1.27,N
-9.30964,-45.49132,336.74,0.38,0.36,2026-05-21,423,N20,VIIRS,n,2.0NRT,294.28,11.92,N
-9.30908,-45.4948,344.43,0.38,0.36,2026-05-21,423,N20,VIIRS,n,2.0NRT,294.4,11.92,N
-9.30688,-45.4873,301.56,0.38,0.36,2026-05-21,423,N20,VIIRS,n,2.0NRT,290.51,1.07,N
-9.30633,-45.49079,349.64,0.38,0.36,2026-05-21,423,N20,VIIRS,n,2.0NRT,301.35,11.92,N
-9.30577,-45.49427,336.36,0.38,0.36,2026-05-21,423,N20,VIIRS,n,2.0NRT,295.54,11.92,N
-9.30357,-45.48677,335.44,0.38,0.36,2026-05-21,423,N20,VIIRS,n,2.0NRT,294.91,8.93,N
-9.30302,-45.49025,347.52,0.38,0.36,2026-05-21,423,N20,VIIRS,n,2.0NRT,304.12,20.75,N
-9.30082,-45.48276,303.59,0.38,0.36,2026-05-21,423,N20,VIIRS,n,2.0NRT,291.23,8.93,N
-9.30026,-45.48624,352.29,0.38,0.36,2026-05-21,423,N20,VIIRS,n,2.0NRT,298.98,8.93,N
-9.29971,-45.48972,331.03,0.38,0.36,2026-05-21,423,N20,VIIRS,n,2.0NRT,294.91,20.75,N
-9.29751,-45.48223,336.51,0.38,0.36,2026-05-21,423,N20,VIIRS,n,2.0NRT,294.1,9.13,N
-9.29696,-45.4857,351.1,0.38,0.36,2026-05-21,423,N20,VIIRS,n,2.0NRT,297.98,9.13,N
-9.29475,-45.47821,309.78,0.38,0.36,2026-05-21,423,N20,VIIRS,n,2.0NRT,291.19,1.61,N
-9.2942,-45.48169,339.02,0.38,0.36,2026-05-21,423,N20,VIIRS,n,2.0NRT,293.99,9.13,N
-9.2913,-45.47732,312.22,0.38,0.36,2026-05-21,423,N20,VIIRS,n,2.0NRT,291.25,1.07,N
-9.29075,-45.4808,310.01,0.38,0.36,2026-05-21,423,N20,VIIRS,n,2.0NRT,290.45,0.69,N
-9.25081,-47.73862,303.55,0.43,0.38,2026-05-21,423,N20,VIIRS,n,2.0NRT,292.58,0.85,N
-9.14261,-51.27933,302.45,0.45,0.47,2026-05-21,423,N20,VIIRS,n,2.0NRT,290.62,0.77,N
-8.73691,-47.97831,310.23,0.45,0.39,2026-05-21,423,N20,VIIRS,n,2.0NRT,291.92,2.74,N
-8.73623,-47.98238,331.96,0.45,0.39,2026-05-21,423,N20,VIIRS,n,2.0NRT,293.05,2.74,N
-8.73336,-47.97771,316.81,0.45,0.39,2026-05-21,423,N20,VIIRS,n,2.0NRT,293.38,2.74,N
-8.73269,-47.98178,331.41,0.45,0.39,2026-05-21,423,N20,VIIRS,n,2.0NRT,294.81,2.74,N
-8.72981,-47.97711,306.69,0.45,0.39,2026-05-21,423,N20,VIIRS,n,2.0NRT,293.1,1.42,N
-8.71244,-47.86266,312.69,0.44,0.38,2026-05-21,423,N20,VIIRS,n,2.0NRT,292.6,2.81,N
-8.71177,-47.86668,303.54,0.44,0.38,2026-05-21,423,N20,VIIRS,n,2.0NRT,290.65,2.09,N
-8.66846,-49.43207,307.1,0.53,0.42,2026-05-21,423,N20,VIIRS,n,2.0NRT,292.13,1.49,N
-8.62683,-45.98033,337.51,0.39,0.36,2026-05-21,423,N20,VIIRS,n,2.0NRT,291.97,3.76,N
-8.62627,-45.98386,301.84,0.39,0.36,2026-05-21,423,N20,VIIRS,n,2.0NRT,291.05,0.79,N
-8.6235,-45.97979,336.95,0.39,0.36,2026-05-21,423,N20,VIIRS,n,2.0NRT,291.81,3.76,N
-8.61401,-45.99635,345.08,0.39,0.36,2026-05-21,423,N20,VIIRS,n,2.0NRT,294.31,5.64,N
-8.61345,-45.99988,310.81,0.39,0.36,2026-05-21,423,N20,VIIRS,n,2.0NRT,291.36,5.64,N
-8.61288,-46.00341,302.03,0.39,0.36,2026-05-21,423,N20,VIIRS,n,2.0NRT,290.14,0.54,N
-8.60748,-45.9519,305.39,0.39,0.36,2026-05-21,423,N20,VIIRS,n,2.0NRT,291.88,0.85,N
-8.60415,-45.95137,315.25,0.39,0.36,2026-05-21,423,N20,VIIRS,n,2.0NRT,292.69,1.28,N
-8.60358,-45.9549,315.33,0.39,0.36,2026-05-21,423,N20,VIIRS,n,2.0NRT,292.01,1.28,N
-8.60082,-45.95083,305.67,0.39,0.36,2026-05-21,423,N20,VIIRS,n,2.0NRT,291.75,1.28,N
-8.60025,-45.95436,316.83,0.39,0.36,2026-05-21,423,N20,VIIRS,n,2.0NRT,292.71,1.28,N
-8.56757,-46.4347,304.85,0.4,0.37,2026-05-21,423,N20,VIIRS,n,2.0NRT,291.6,0.99,N
-8.55796,-45.98703,345.56,0.39,0.36,2026-05-21,423,N20,VIIRS,n,2.0NRT,293.89,5.99,N
-8.5574,-45.99055,308.61,0.39,0.36,2026-05-21,423,N20,VIIRS,n,2.0NRT,292.37,5.99,N
-8.55463,-45.98648,325.94,0.39,0.36,2026-05-21,423,N20,VIIRS,n,2.0NRT,296.38,5.99,N
-8.55406,-45.99,329.8,0.39,0.36,2026-05-21,423,N20,VIIRS,n,2.0NRT,293.48,5.99,N
-8.55186,-45.98242,339.66,0.39,0.36,2026-05-21,423,N20,VIIRS,n,2.0NRT,297.49,10.84,N
-8.5513,-45.98594,333.78,0.39,0.36,2026-05-21,423,N20,VIIRS,n,2.0NRT,294.19,8.59,N
-8.54853,-45.98188,335.28,0.39,0.36,2026-05-21,423,N20,VIIRS,n,2.0NRT,293.19,10.84,N
-8.35858,-48.1372,304.15,0.46,0.39,2026-05-21,423,N20,VIIRS,n,2.0NRT,292.89,0.88,N
-8.35499,-48.13661,314.9,0.46,0.39,2026-05-21,423,N20,VIIRS,n,2.0NRT,292.58,1.67,N
-8.32251,-48.00966,325.41,0.45,0.39,2026-05-21,423,N20,VIIRS,n,2.0NRT,293.14,3.72,N
-8.31894,-48.00905,311.82,0.45,0.39,2026-05-21,423,N20,VIIRS,n,2.0NRT,293.03,1.39,N
-8.02294,-50.67741,300.99,0.43,0.46,2026-05-21,423,N20,VIIRS,n,2.0NRT,290.33,0.73,N
-21.12007,-48.62439,318.44,0.39,0.36,2026-05-21,425,N20,VIIRS,n,2.0NRT,284.58,1.64,N
-20.76586,-48.56516,312.79,0.39,0.36,2026-05-21,425,N20,VIIRS,n,2.0NRT,287.77,1.2,N
-20.76526,-48.56886,296.97,0.39,0.36,2026-05-21,425,N20,VIIRS,n,2.0NRT,286.94,0.58,N
-20.76502,-46.7685,305.62,0.39,0.36,2026-05-21,425,N20,VIIRS,n,2.0NRT,284.15,1.02,N
-20.54885,-43.7514,300.15,0.51,0.41,2026-05-21,425,N20,VIIRS,n,2.0NRT,285.01,0.71,N
-20.5482,-43.75625,295.03,0.51,0.41,2026-05-21,425,N20,VIIRS,n,2.0NRT,284.24,0.71,N
-20.54508,-43.7508,306.69,0.51,0.41,2026-05-21,425,N20,VIIRS,n,2.0NRT,286.88,2.13,N
-20.54313,-43.76536,298.48,0.51,0.41,2026-05-21,425,N20,VIIRS,n,2.0NRT,285.26,2.67,N
-20.41793,-43.55386,334.62,0.52,0.41,2026-05-21,425,N20,VIIRS,n,2.0NRT,285.23,6.76,N
-20.41724,-43.55114,328.6,0.52,0.41,2026-05-21,425,N20,VIIRS,n,2.0NRT,285.0,5.23,N
-20.3114,-45.58299,306.56,0.42,0.38,2026-05-21,425,N20,VIIRS,n,2.0NRT,289.02,1.32,N
-19.96626,-44.71732,302.73,0.45,0.39,2026-05-21,425,N20,VIIRS,n,2.0NRT,285.81,0.7,N
-19.78373,-45.39196,306.98,0.42,0.38,2026-05-21,425,N20,VIIRS,n,2.0NRT,284.31,1.51,N
-19.77214,-54.07197,298.93,0.45,0.47,2026-05-21,425,N20,VIIRS,n,2.0NRT,285.02,0.73,N
-19.77128,-54.07627,297.21,0.45,0.47,2026-05-21,425,N20,VIIRS,n,2.0NRT,284.91,0.73,N
-19.77022,-54.06801,304.94,0.45,0.47,2026-05-21,425,N20,VIIRS,n,2.0NRT,285.08,1.53,N
-19.7694,-54.07232,316.74,0.45,0.47,2026-05-21,425,N20,VIIRS,n,2.0NRT,285.85,2.33,N
-19.76857,-54.07666,317.29,0.45,0.47,2026-05-21,425,N20,VIIRS,n,2.0NRT,285.42,2.33,N
-19.76516,-54.07126,299.39,0.45,0.47,2026-05-21,425,N20,VIIRS,n,2.0NRT,285.18,1.37,N
-19.76434,-54.07558,318.36,0.45,0.47,2026-05-21,425,N20,VIIRS,n,2.0NRT,285.87,1.37,N
-17.83863,-50.8139,302.26,0.47,0.4,2026-05-21,425,N20,VIIRS,n,2.0NRT,286.54,0.87,N
-17.77646,-42.80698,302.64,0.53,0.42,2026-05-21,425,N20,VIIRS,n,2.0NRT,287.79,0.99,N
-17.35152,-50.37715,298.66,0.46,0.39,2026-05-21,425,N20,VIIRS,n,2.0NRT,287.78,0.5,N
-17.00804,-49.78099,302.89,0.44,0.38,2026-05-21,425,N20,VIIRS,n,2.0NRT,290.63,0.86,N
-16.89922,-46.78323,305.56,0.38,0.36,2026-05-21,425,N20,VIIRS,n,2.0NRT,289.42,0.57,N
-16.8959,-46.78267,301.33,0.38,0.36,2026-05-21,425,N20,VIIRS,n,2.0NRT,289.55,0.64,N
-16.89534,-46.78626,300.86,0.38,0.36,2026-05-21,425,N20,VIIRS,n,2.0NRT,289.5,0.43,N
-16.67938,-43.88424,310.43,0.45,0.39,2026-05-21,425,N20,VIIRS,n,2.0NRT,291.34,1.89,N
-16.46005,-51.7156,300.31,0.55,0.43,2026-05-21,425,N20,VIIRS,n,2.0NRT,289.64,0.43,N
-16.45615,-51.71479,305.29,0.55,0.43,2026-05-21,425,N20,VIIRS,n,2.0NRT,289.92,0.96,N
-16.35579,-43.87773,316.03,0.45,0.39,2026-05-21,425,N20,VIIRS,n,2.0NRT,292.01,2.04,N
-16.35221,-43.87717,325.32,0.45,0.39,2026-05-21,425,N20,VIIRS,n,2.0NRT,292.95,2.91,N
-15.91987,-48.32231,310.54,0.4,0.37,2026-05-21,425,N20,VIIRS,n,2.0NRT,289.35,0.94,N
-14.93281,-47.75179,298.91,0.39,0.36,2026-05-21,425,N20,VIIRS,n,2.0NRT,288.5,0.45,N
-14.92947,-47.75121,299.38,0.39,0.36,2026-05-21,425,N20,VIIRS,n,2.0NRT,288.81,0.45,N
-14.92612,-47.75062,300.83,0.39,0.36,2026-05-21,425,N20,VIIRS,n,2.0NRT,288.6,0.57,N
-14.90406,-47.74711,300.63,0.39,0.36,2026-05-21,425,N20,VIIRS,n,2.0NRT,287.17,1.13,N
-14.90347,-47.75074,332.18,0.39,0.36,2026-05-21,425,N20,VIIRS,n,2.0NRT,289.64,3.04,N
-14.90131,-47.74287,304.15,0.39,0.36,2026-05-21,425,N20,VIIRS,n,2.0NRT,289.02,0.82,N
-14.90071,-47.74651,308.43,0.39,0.36,2026-05-21,425,N20,VIIRS,n,2.0NRT,289.25,0.82,N
-14.90013,-47.75014,304.23,0.39,0.36,2026-05-21,425,N20,VIIRS,n,2.0NRT,288.84,0.83,N
-14.89953,-47.75377,308.54,0.39,0.37,2026-05-21,425,N20,VIIRS,n,2.0NRT,289.07,0.83,N
-14.63422,-48.02577,310.34,0.4,0.37,2026-05-21,425,N20,VIIRS,n,2.0NRT,291.12,1.37,N
-14.6336,-48.02956,313.12,0.4,0.37,2026-05-21,425,N20,VIIRS,n,2.0NRT,291.97,1.34,N
-14.63024,-48.02889,313.18,0.4,0.37,2026-05-21,425,N20,VIIRS,n,2.0NRT,291.5,1.45,N
-14.62963,-48.03263,316.63,0.4,0.37,2026-05-21,425,N20,VIIRS,n,2.0NRT,291.63,1.45,N
-14.6287,-48.01708,302.78,0.4,0.37,2026-05-21,425,N20,VIIRS,n,2.0NRT,289.97,0.48,N
-14.62748,-48.02452,317.75,0.4,0.37,2026-05-21,425,N20,VIIRS,n,2.0NRT,290.83,1.61,N
-14.62687,-48.02825,324.04,0.4,0.37,2026-05-21,425,N20,VIIRS,n,2.0NRT,291.61,1.45,N
-14.21358,-54.60387,303.65,0.61,0.53,2026-05-21,425,N20,VIIRS,n,2.0NRT,287.45,2.0,N
-28.79555,-51.37656,295.32,0.39,0.36,2026-05-21,427,N20,VIIRS,n,2.0NRT,274.52,0.98,N
-28.7428,-49.38293,296.1,0.39,0.36,2026-05-21,427,N20,VIIRS,n,2.0NRT,278.58,0.62,N
-28.46372,-56.38443,297.57,0.42,0.45,2026-05-21,427,N20,VIIRS,n,2.0NRT,276.62,0.92,N
-28.38037,-57.53561,296.64,0.49,0.49,2026-05-21,427,N20,VIIRS,n,2.0NRT,279.19,1.23,N
-28.37928,-57.54062,300.55,0.49,0.49,2026-05-21,427,N20,VIIRS,n,2.0NRT,279.52,1.23,N
-28.37883,-57.53471,308.99,0.49,0.49,2026-05-21,427,N20,VIIRS,n,2.0NRT,280.13,2.3,N
-28.37818,-57.54563,306.19,0.49,0.49,2026-05-21,427,N20,VIIRS,n,2.0NRT,278.12,0.63,N
-28.37594,-57.53439,328.54,0.49,0.49,2026-05-21,427,N20,VIIRS,n,2.0NRT,280.76,14.95,N
-28.3744,-57.53346,334.94,0.49,0.49,2026-05-21,427,N20,VIIRS,n,2.0NRT,281.78,2.3,N
-28.37228,-57.5435,329.92,0.49,0.49,2026-05-21,427,N20,VIIRS,n,2.0NRT,279.16,6.32,N
-28.37151,-57.53315,323.77,0.49,0.49,2026-05-21,427,N20,VIIRS,n,2.0NRT,289.83,14.95,N
-28.37041,-57.53815,338.16,0.49,0.49,2026-05-21,427,N20,VIIRS,n,2.0NRT,281.23,14.95,N
-28.36998,-57.53223,323.25,0.49,0.49,2026-05-21,427,N20,VIIRS,n,2.0NRT,285.84,16.72,N
-28.36932,-57.54315,336.22,0.49,0.49,2026-05-21,427,N20,VIIRS,n,2.0NRT,278.93,4.19,N
-28.36891,-57.53723,337.91,0.49,0.49,2026-05-21,427,N20,VIIRS,n,2.0NRT,283.89,11.0,N
-28.36785,-57.54225,322.97,0.49,0.49,2026-05-21,427,N20,VIIRS,n,2.0NRT,279.63,11.0,N
-27.9283,-56.15197,309.1,0.42,0.45,2026-05-21,427,N20,VIIRS,n,2.0NRT,277.72,1.21,N
-27.84163,-50.40149,297.19,0.39,0.36,2026-05-21,427,N20,VIIRS,n,2.0NRT,274.2,0.4,N
-27.75413,-59.67923,305.1,0.34,0.56,2026-05-21,427,N20,VIIRS,n,2.0NRT,278.65,0.62,N
-27.74906,-59.6777,300.71,0.34,0.56,2026-05-21,427,N20,VIIRS,n,2.0NRT,277.44,0.62,N
-27.65956,-55.11032,299.91,0.56,0.43,2026-05-21,427,N20,VIIRS,n,2.0NRT,277.6,1.44,N
-27.65746,-55.10788,315.07,0.56,0.43,2026-05-21,427,N20,VIIRS,n,2.0NRT,279.17,2.4,N
-27.65645,-48.69878,304.65,0.39,0.36,2026-05-21,427,N20,VIIRS,n,2.0NRT,284.42,0.89,N
-27.65565,-55.1093,303.93,0.56,0.43,2026-05-21,427,N20,VIIRS,n,2.0NRT,278.07,1.44,N
-27.64223,-56.19835,307.45,0.43,0.46,2026-05-21,427,N20,VIIRS,n,2.0NRT,278.42,2.15,N
-27.6091,-49.94167,310.69,0.38,0.36,2026-05-21,427,N20,VIIRS,n,2.0NRT,275.45,0.94,N
-27.09406,-60.42532,302.88,0.39,0.59,2026-05-21,427,N20,VIIRS,n,2.0NRT,274.15,0.99,N
-26.46507,-46.52936,329.88,0.44,0.38,2026-05-21,427,N20,VIIRS,n,2.0NRT,293.48,4.04,N
-26.3219,-55.81707,307.94,0.43,0.46,2026-05-21,427,N20,VIIRS,n,2.0NRT,279.12,1.04,N
-26.3218,-55.81512,296.31,0.43,0.46,2026-05-21,427,N20,VIIRS,n,2.0NRT,278.88,0.85,N
-26.3209,-55.81947,308.34,0.43,0.46,2026-05-21,427,N20,VIIRS,n,2.0NRT,278.54,1.17,N
-26.31773,-55.81596,300.12,0.43,0.46,2026-05-21,427,N20,VIIRS,n,2.0NRT,278.62,1.04,N
-26.17953,-61.20063,307.78,0.45,0.63,2026-05-21,427,N20,VIIRS,n,2.0NRT,279.69,1.39,N
-26.17382,-61.19886,295.92,0.45,0.63,2026-05-21,427,N20,VIIRS,n,2.0NRT,278.05,0.56,N
-25.56892,-60.13356,295.19,0.4,0.6,2026-05-21,427,N20,VIIRS,n,2.0NRT,278.47,0.78,N
-25.56798,-60.13754,298.76,0.4,0.6,2026-05-21,427,N20,VIIRS,n,2.0NRT,277.26,0.91,N
-25.49226,-42.77784,318.31,0.44,0.46,2026-05-21,427,N20,VIIRS,n,2.0NRT,292.72,2.54,N
-25.49176,-42.78223,320.66,0.44,0.46,2026-05-21,427,N20,VIIRS,n,2.0NRT,292.13,2.54,N
-25.19385,-49.32566,300.5,0.38,0.36,2026-05-21,427,N20,VIIRS,n,2.0NRT,281.71,0.68,N
-25.19053,-49.32502,309.83,0.38,0.36,2026-05-21,427,N20,VIIRS,n,2.0NRT,285.63,0.68,N
-25.06355,-54.55954,302.05,0.39,0.44,2026-05-21,427,N20,VIIRS,n,2.0NRT,282.73,0.64,N
-25.06281,-54.56332,301.32,0.39,0.44,2026-05-21,427,N20,VIIRS,n,2.0NRT,283.29,0.64,N
-24.63211,-54.46404,297.5,0.39,0.44,2026-05-21,427,N20,VIIRS,n,2.0NRT,278.61,0.67,N
-24.52584,-60.63356,305.53,0.46,0.63,2026-05-21,427,N20,VIIRS,n,2.0NRT,278.71,0.99,N
-23.98498,-48.91593,307.3,0.38,0.36,2026-05-21,427,N20,VIIRS,n,2.0NRT,286.95,0.84,N
-23.40587,-46.85567,313.13,0.41,0.37,2026-05-21,427,N20,VIIRS,n,2.0NRT,284.75,1.03,N
-23.25928,-50.37831,296.0,0.4,0.37,2026-05-21,427,N20,VIIRS,n,2.0NRT,276.78,0.69,N
-22.69809,-47.65869,309.07,0.39,0.36,2026-05-21,427,N20,VIIRS,n,2.0NRT,286.59,1.69,N
-22.5412,-48.81153,308.4,0.38,0.36,2026-05-21,427,N20,VIIRS,n,2.0NRT,288.34,1.39,N
-33.25526,-60.28463,303.16,0.55,0.51,2026-05-21,429,N20,VIIRS,n,2.0NRT,278.03,1.76,N
-32.86116,-56.53716,296.27,0.54,0.42,2026-05-21,429,N20,VIIRS,n,2.0NRT,280.63,0.94,N
-32.86099,-56.53876,296.87,0.54,0.42,2026-05-21,429,N20,VIIRS,n,2.0NRT,280.75,1.41,N
-32.36624,-64.87721,298.28,0.52,0.67,2026-05-21,429,N20,VIIRS,n,2.0NRT,271.71,1.88,N
-31.85398,-51.76697,301.82,0.39,0.36,2026-05-21,429,N20,VIIRS,n,2.0NRT,280.0,0.76,N
-31.58408,-51.31324,297.28,0.39,0.36,2026-05-21,429,N20,VIIRS,n,2.0NRT,281.29,0.64,N
-31.38887,-60.74625,319.88,0.32,0.55,2026-05-21,429,N20,VIIRS,n,2.0NRT,278.1,1.16,N
-31.38806,-60.74961,302.88,0.32,0.55,2026-05-21,429,N20,VIIRS,n,2.0NRT,276.26,1.16,N
-31.38577,-60.74536,308.51,0.32,0.55,2026-05-21,429,N20,VIIRS,n,2.0NRT,277.97,1.22,N
-31.38497,-60.74872,309.67,0.32,0.55,2026-05-21,429,N20,VIIRS,n,2.0NRT,278.15,1.22,N
-31.06883,-55.76043,319.09,0.53,0.42,2026-05-21,429,N20,VIIRS,n,2.0NRT,278.63,3.63,N
-30.41082,-57.85343,303.37,0.47,0.48,2026-05-21,429,N20,VIIRS,n,2.0NRT,277.95,0.63,N
-29.33437,-55.98333,313.74,0.39,0.44,2026-05-21,429,N20,VIIRS,n,2.0NRT,278.63,2.48,N
-38.87671,-71.90675,326.84,0.78,0.78,2026-05-21,432,N20,VIIRS,n,2.0NRT,285.26,5.56,N
-38.87515,-71.91127,295.39,0.78,0.78,2026-05-21,432,N20,VIIRS,n,2.0NRT,283.89,3.34,N
-38.69432,-68.70245,321.5,0.55,0.68,2026-05-21,432,N20,VIIRS,n,2.0NRT,275.2,2.28,N
-38.49849,-68.31867,307.97,0.54,0.68,2026-05-21,432,N20,VIIRS,n,2.0NRT,277.27,1.45,N
-38.49669,-68.32468,302.95,0.54,0.68,2026-05-21,432,N20,VIIRS,n,2.0NRT,276.53,1.45,N
-38.45902,-69.03226,314.53,0.58,0.7,2026-05-21,432,N20,VIIRS,n,2.0NRT,276.33,5.75,N
-38.45709,-69.03849,347.38,0.58,0.7,2026-05-21,432,N20,VIIRS,n,2.0NRT,276.01,5.75,N
-38.45287,-69.02925,328.65,0.58,0.7,2026-05-21,432,N20,VIIRS,n,2.0NRT,277.8,12.6,N
-38.45094,-69.03547,367.0,0.58,0.7,2026-05-21,432,N20,VIIRS,h,2.0NRT,276.44,12.6,N
-38.36317,-68.67998,320.85,0.56,0.69,2026-05-21,432,N20,VIIRS,n,2.0NRT,278.15,1.92,N
-38.36192,-68.67963,321.24,0.56,0.69,2026-05-21,432,N20,VIIRS,n,2.0NRT,278.08,1.9,N
-38.3167,-68.7818,352.41,0.57,0.69,2026-05-21,432,N20,VIIRS,n,2.0NRT,278.55,6.97,N
-38.28451,-68.636,313.01,0.56,0.69,2026-05-21,432,N20,VIIRS,n,2.0NRT,278.35,1.84,N
-38.28403,-68.75101,305.95,0.57,0.69,2026-05-21,432,N20,VIIRS,n,2.0NRT,277.15,1.14,N
-38.26645,-68.62659,329.91,0.56,0.69,2026-05-21,432,N20,VIIRS,n,2.0NRT,278.69,3.41,N
-38.26562,-68.62407,318.05,0.56,0.69,2026-05-21,432,N20,VIIRS,n,2.0NRT,279.38,2.85,N
-38.26366,-68.63049,300.07,0.56,0.69,2026-05-21,432,N20,VIIRS,n,2.0NRT,277.6,2.36,N
-38.22501,-68.52889,344.3,0.56,0.69,2026-05-21,432,N20,VIIRS,n,2.0NRT,279.43,5.85,N
-38.22441,-68.52523,322.29,0.56,0.69,2026-05-21,432,N20,VIIRS,n,2.0NRT,279.6,3.7,N
-38.22244,-68.5318,309.53,0.56,0.69,2026-05-21,432,N20,VIIRS,n,2.0NRT,277.99,2.92,N
-38.01292,-68.59623,329.55,0.57,0.69,2026-05-21,432,N20,VIIRS,n,2.0NRT,278.83,4.08,N
-37.71101,-69.13642,332.78,0.62,0.71,2026-05-21,432,N20,VIIRS,n,2.0NRT,276.3,4.9,N
-37.42907,-69.17331,317.35,0.63,0.72,2026-05-21,432,N20,VIIRS,n,2.0NRT,275.65,2.46,N
-37.42516,-69.17448,321.66,0.63,0.72,2026-05-21,432,N20,VIIRS,n,2.0NRT,276.55,2.7,N
-37.42259,-69.17063,310.53,0.63,0.72,2026-05-21,432,N20,VIIRS,n,2.0NRT,276.2,2.46,N
-34.85719,-57.89304,334.04,0.39,0.44,2026-05-21,432,N20,VIIRS,n,2.0NRT,281.27,2.3,N
-52.60323,-68.12715,324.06,0.42,0.45,2026-05-21,436,N20,VIIRS,n,2.0NRT,272.6,2.68,N
-52.60271,-68.12773,319.73,0.42,0.45,2026-05-21,436,N20,VIIRS,n,2.0NRT,271.85,2.41,N
10.17988,-61.69142,316.97,0.55,0.43,2026-05-21,557,N20,VIIRS,n,2.0NRT,291.71,2.91,N
10.18137,-61.69373,310.73,0.55,0.42,2026-05-21,557,N20,VIIRS,n,2.0NRT,291.38,3.5,N
10.35613,-63.76839,330.37,0.43,0.38,2026-05-21,557,N20,VIIRS,n,2.0NRT,292.22,5.4,N
10.37785,-61.41206,311.11,0.57,0.43,2026-05-21,557,N20,VIIRS,n,2.0NRT,291.38,1.56,N
10.48117,-63.65088,308.0,0.43,0.38,2026-05-21,557,N20,VIIRS,n,2.0NRT,291.97,1.6,N
11.19103,-60.77835,305.82,0.4,0.44,2026-05-21,557,N20,VIIRS,n,2.0NRT,291.15,0.7,N
11.62119,-70.22178,308.34,0.53,0.42,2026-05-21,557,N20,VIIRS,n,2.0NRT,295.52,17.06,N
11.62189,-70.22662,332.14,0.53,0.42,2026-05-21,557,N20,VIIRS,n,2.0NRT,292.81,17.06,N
11.62502,-70.22118,321.58,0.53,0.42,2026-05-21,557,N20,VIIRS,n,2.0NRT,292.86,17.06,N
11.62572,-70.22601,312.48,0.53,0.42,2026-05-21,557,N20,VIIRS,n,2.0NRT,292.74,17.06,N
11.62885,-70.22055,307.49,0.53,0.42,2026-05-21,557,N20,VIIRS,n,2.0NRT,292.72,2.84,N
11.63026,-70.23026,314.01,0.53,0.42,2026-05-21,557,N20,VIIRS,n,2.0NRT,292.44,6.13,N
11.63097,-70.23516,341.11,0.53,0.42,2026-05-21,557,N20,VIIRS,n,2.0NRT,292.94,6.13,N
11.63482,-70.23459,306.61,0.53,0.42,2026-05-21,557,N20,VIIRS,n,2.0NRT,292.32,6.13,N
11.73752,-70.19746,333.07,0.53,0.42,2026-05-21,557,N20,VIIRS,n,2.0NRT,293.45,37.05,N
11.73862,-70.23206,312.98,0.53,0.42,2026-05-21,557,N20,VIIRS,n,2.0NRT,291.36,2.89,N
11.73951,-70.19461,334.83,0.53,0.42,2026-05-21,557,N20,VIIRS,n,2.0NRT,296.97,33.85,N
11.74019,-70.19953,307.04,0.53,0.42,2026-05-21,557,N20,VIIRS,n,2.0NRT,292.17,4.82,N
11.74065,-70.19202,319.51,0.53,0.42,2026-05-21,557,N20,VIIRS,n,2.0NRT,292.55,5.88,N
11.74136,-70.19688,323.52,0.53,0.42,2026-05-21,557,N20,VIIRS,n,2.0NRT,292.23,5.08,N
11.74335,-70.19402,306.16,0.53,0.42,2026-05-21,557,N20,VIIRS,n,2.0NRT,292.26,33.85,N
11.74934,-70.17103,307.28,0.53,0.42,2026-05-21,557,N20,VIIRS,n,2.0NRT,292.14,2.15,N
11.75216,-70.17298,306.49,0.53,0.42,2026-05-21,557,N20,VIIRS,n,2.0NRT,291.98,2.12,N
7.98202,-64.81088,304.93,0.41,0.37,2026-05-21,559,N20,VIIRS,n,2.0NRT,286.71,2.01,N
8.44088,-64.65417,306.76,0.42,0.37,2026-05-21,559,N20,VIIRS,n,2.0NRT,291.37,1.49,N
8.52705,-64.07246,307.2,0.44,0.38,2026-05-21,559,N20,VIIRS,n,2.0NRT,290.74,0.72,N
8.55553,-64.13597,298.22,0.43,0.38,2026-05-21,559,N20,VIIRS,n,2.0NRT,285.12,0.59,N
8.55837,-64.1315,297.95,0.43,0.38,2026-05-21,559,N20,VIIRS,n,2.0NRT,286.36,0.59,N
8.68725,-63.15163,310.69,0.48,0.4,2026-05-21,559,N20,VIIRS,n,2.0NRT,290.31,2.56,N
8.68774,-63.15283,332.12,0.48,0.4,2026-05-21,559,N20,VIIRS,n,2.0NRT,289.98,3.31,N
8.68795,-63.15593,324.12,0.48,0.4,2026-05-21,559,N20,VIIRS,n,2.0NRT,287.7,2.26,N
8.68847,-63.15712,301.41,0.48,0.4,2026-05-21,559,N20,VIIRS,n,2.0NRT,286.25,1.09,N
8.71205,-64.91806,328.75,0.41,0.37,2026-05-21,559,N20,VIIRS,n,2.0NRT,290.71,3.25,N
8.72584,-62.90926,333.7,0.49,0.4,2026-05-21,559,N20,VIIRS,n,2.0NRT,290.92,7.38,N
8.73567,-65.06354,313.93,0.4,0.37,2026-05-21,559,N20,VIIRS,n,2.0NRT,291.86,1.66,N
8.73626,-65.06715,314.34,0.4,0.37,2026-05-21,559,N20,VIIRS,n,2.0NRT,292.16,1.66,N
8.80312,-65.18219,324.72,0.4,0.37,2026-05-21,559,N20,VIIRS,n,2.0NRT,290.79,3.57,N
8.81939,-64.84413,336.74,0.41,0.37,2026-05-21,559,N20,VIIRS,n,2.0NRT,292.42,7.77,N
9.16528,-62.51618,302.13,0.51,0.41,2026-05-21,559,N20,VIIRS,n,2.0NRT,289.05,0.57,N
9.23234,-64.29998,329.32,0.42,0.38,2026-05-21,559,N20,VIIRS,n,2.0NRT,291.93,3.6,N
9.2633,-64.07852,324.1,0.43,0.38,2026-05-21,559,N20,VIIRS,n,2.0NRT,290.99,3.61,N
9.30059,-65.69884,304.89,0.39,0.36,2026-05-21,559,N20,VIIRS,n,2.0NRT,290.39,4.54,N
9.30391,-65.6983,334.96,0.39,0.36,2026-05-21,559,N20,VIIRS,n,2.0NRT,291.27,4.54,N
9.54742,-62.97582,296.63,0.48,0.4,2026-05-21,559,N20,VIIRS,n,2.0NRT,285.64,0.94,N
9.63379,-63.55049,300.68,0.45,0.39,2026-05-21,559,N20,VIIRS,n,2.0NRT,285.99,0.91,N
9.63447,-63.55452,301.94,0.45,0.39,2026-05-21,559,N20,VIIRS,n,2.0NRT,286.66,0.91,N
9.63515,-63.55854,302.55,0.45,0.39,2026-05-21,559,N20,VIIRS,n,2.0NRT,285.24,0.91,N
9.63582,-63.56256,299.93,0.45,0.39,2026-05-21,559,N20,VIIRS,n,2.0NRT,284.42,1.06,N
9.6365,-63.56658,298.29,0.45,0.39,2026-05-21,559,N20,VIIRS,n,2.0NRT,284.59,1.06,N
9.63732,-63.5499,300.4,0.45,0.39,2026-05-21,559,N20,VIIRS,n,2.0NRT,287.76,0.91,N
9.638,-63.55393,304.03,0.45,0.39,2026-05-21,559,N20,VIIRS,n,2.0NRT,288.36,0.91,N
9.63868,-63.55796,311.43,0.45,0.39,2026-05-21,559,N20,VIIRS,n,2.0NRT,287.99,0.91,N
9.63936,-63.56199,319.58,0.45,0.39,2026-05-21,559,N20,VIIRS,n,2.0NRT,286.52,1.06,N
9.64004,-63.56602,310.51,0.45,0.39,2026-05-21,559,N20,VIIRS,n,2.0NRT,286.14,1.06,N
9.64017,-63.54529,299.24,0.45,0.39,2026-05-21,559,N20,VIIRS,n,2.0NRT,285.43,0.59,N
9.64085,-63.54933,304.32,0.45,0.39,2026-05-21,559,N20,VIIRS,n,2.0NRT,286.85,0.59,N
9.64153,-63.55337,321.07,0.45,0.39,2026-05-21,559,N20,VIIRS,n,2.0NRT,288.2,2.23,N
9.64221,-63.5574,331.63,0.45,0.39,2026-05-21,559,N20,VIIRS,n,2.0NRT,287.69,2.23,N
9.64289,-63.56143,350.34,0.45,0.39,2026-05-21,559,N20,VIIRS,n,2.0NRT,289.22,6.4,N
9.64357,-63.56545,328.81,0.45,0.39,2026-05-21,559,N20,VIIRS,n,2.0NRT,286.27,6.4,N
9.64371,-63.54473,300.5,0.45,0.39,2026-05-21,559,N20,VIIRS,n,2.0NRT,286.57,0.59,N
9.64425,-63.56947,323.5,0.45,0.39,2026-05-21,559,N20,VIIRS,n,2.0NRT,286.56,1.15,N
9.64439,-63.54876,306.59,0.45,0.39,2026-05-21,559,N20,VIIRS,n,2.0NRT,287.75,0.59,N
9.64492,-63.57349,303.64,0.44,0.39,2026-05-21,559,N20,VIIRS,n,2.0NRT,285.14,1.15,N
9.64507,-63.5528,313.25,0.45,0.39,2026-05-21,559,N20,VIIRS,n,2.0NRT,286.06,2.23,N
9.64575,-63.55684,319.45,0.45,0.39,2026-05-21,559,N20,VIIRS,n,2.0NRT,286.64,2.23,N
9.64643,-63.56086,334.91,0.45,0.39,2026-05-21,559,N20,VIIRS,n,2.0NRT,287.46,6.4,N
9.6471,-63.56489,324.64,0.45,0.39,2026-05-21,559,N20,VIIRS,n,2.0NRT,287.1,6.4,N
9.64725,-63.54416,299.67,0.45,0.39,2026-05-21,559,N20,VIIRS,n,2.0NRT,286.63,1.03,N
9.64773,-70.8391,308.65,0.54,0.42,2026-05-21,559,N20,VIIRS,n,2.0NRT,290.42,3.49,N
9.64778,-63.5689,311.96,0.45,0.39,2026-05-21,559,N20,VIIRS,n,2.0NRT,285.92,1.15,N
9.64793,-63.54819,303.69,0.45,0.39,2026-05-21,559,N20,VIIRS,n,2.0NRT,287.16,1.03,N
9.64846,-63.57293,300.02,0.44,0.39,2026-05-21,559,N20,VIIRS,n,2.0NRT,285.13,1.15,N
9.64861,-63.55223,306.31,0.45,0.39,2026-05-21,559,N20,VIIRS,n,2.0NRT,286.49,0.79,N
9.64913,-63.57695,297.83,0.44,0.39,2026-05-21,559,N20,VIIRS,n,2.0NRT,286.06,0.85,N
9.64929,-63.55627,308.04,0.45,0.39,2026-05-21,559,N20,VIIRS,n,2.0NRT,285.6,0.79,N
9.64996,-63.5603,303.91,0.45,0.39,2026-05-21,559,N20,VIIRS,n,2.0NRT,284.56,0.64,N
9.65064,-63.56433,301.44,0.45,0.39,2026-05-21,559,N20,VIIRS,n,2.0NRT,284.6,0.64,N
9.65131,-63.56834,302.61,0.45,0.39,2026-05-21,559,N20,VIIRS,n,2.0NRT,285.1,0.92,N
9.65214,-63.55167,300.56,0.45,0.39,2026-05-21,559,N20,VIIRS,n,2.0NRT,285.98,0.79,N
9.65282,-63.5557,303.73,0.45,0.39,2026-05-21,559,N20,VIIRS,n,2.0NRT,286.04,0.79,N
9.6535,-63.55973,300.43,0.45,0.39,2026-05-21,559,N20,VIIRS,n,2.0NRT,284.68,0.64,N
9.69458,-65.23216,298.19,0.39,0.36,2026-05-21,559,N20,VIIRS,n,2.0NRT,286.0,0.89,N
9.75324,-63.0432,308.89,0.47,0.4,2026-05-21,559,N20,VIIRS,n,2.0NRT,287.79,2.3,N
9.7807,-70.42877,302.7,0.52,0.41,2026-05-21,559,N20,VIIRS,n,2.0NRT,289.33,0.81,N
9.83091,-63.27626,298.59,0.46,0.39,2026-05-21,559,N20,VIIRS,n,2.0NRT,286.58,1.16,N
9.8316,-63.2804,309.32,0.46,0.39,2026-05-21,559,N20,VIIRS,n,2.0NRT,287.02,1.71,N
9.96697,-64.21787,331.17,0.42,0.37,2026-05-21,559,N20,VIIRS,n,2.0NRT,291.46,3.15,N
9.96977,-64.21353,312.11,0.42,0.37,2026-05-21,559,N20,VIIRS,n,2.0NRT,290.88,0.77,N
9.97041,-64.21736,305.02,0.42,0.37,2026-05-21,559,N20,VIIRS,n,2.0NRT,290.57,0.77,N
9.97318,-64.21288,308.25,0.42,0.37,2026-05-21,559,N20,VIIRS,n,2.0NRT,290.61,0.77,N
9.97657,-64.21214,307.39,0.42,0.37,2026-05-21,559,N20,VIIRS,n,2.0NRT,289.91,1.44,N
9.97718,-64.21585,324.46,0.42,0.37,2026-05-21,559,N20,VIIRS,n,2.0NRT,290.1,1.44,N
9.9778,-64.21957,304.65,0.42,0.37,2026-05-21,559,N20,VIIRS,n,2.0NRT,289.78,0.53,N
9.98669,-64.63978,306.23,0.41,0.37,2026-05-21,559,N20,VIIRS,n,2.0NRT,291.7,0.62,N
10.05297,-64.85686,312.71,0.4,0.37,2026-05-21,559,N20,VIIRS,n,2.0NRT,292.43,1.29,N
10.05356,-64.86048,317.45,0.4,0.37,2026-05-21,559,N20,VIIRS,n,2.0NRT,292.73,1.29,N
10.05414,-64.86411,306.29,0.4,0.37,2026-05-21,559,N20,VIIRS,n,2.0NRT,292.28,1.13,N
10.05473,-64.86774,306.63,0.4,0.37,2026-05-21,559,N20,VIIRS,n,2.0NRT,292.03,1.13,N
10.05531,-64.87133,315.99,0.4,0.37,2026-05-21,559,N20,VIIRS,n,2.0NRT,292.43,2.19,N
10.05633,-64.85629,328.09,0.4,0.37,2026-05-21,559,N20,VIIRS,n,2.0NRT,293.53,4.41,N
10.05808,-64.86715,335.79,0.4,0.37,2026-05-21,559,N20,VIIRS,n,2.0NRT,293.84,5.26,N
10.05866,-64.87077,310.05,0.4,0.37,2026-05-21,559,N20,VIIRS,n,2.0NRT,292.52,2.05,N
10.06215,-64.89239,305.54,0.4,0.37,2026-05-21,559,N20,VIIRS,n,2.0NRT,292.13,1.73,N
10.06226,-64.85893,307.6,0.4,0.37,2026-05-21,559,N20,VIIRS,n,2.0NRT,293.66,2.24,N
10.07155,-70.04008,307.74,0.5,0.41,2026-05-21,559,N20,VIIRS,n,2.0NRT,291.1,0.86,N
10.07487,-64.89389,304.69,0.4,0.37,2026-05-21,559,N20,VIIRS,n,2.0NRT,289.26,0.94,N
10.07764,-64.88972,309.11,0.4,0.37,2026-05-21,559,N20,VIIRS,n,2.0NRT,289.52,0.94,N
10.07904,-64.85611,320.84,0.4,0.37,2026-05-21,559,N20,VIIRS,n,2.0NRT,292.34,2.88,N
10.08258,-64.87778,312.71,0.4,0.37,2026-05-21,559,N20,VIIRS,n,2.0NRT,290.5,1.93,N
10.17023,-75.39756,304.3,0.37,0.58,2026-05-21,559,N20,VIIRS,n,2.0NRT,289.73,0.63,N
10.21073,-64.61489,340.62,0.4,0.37,2026-05-21,559,N20,VIIRS,n,2.0NRT,293.11,4.77,N
10.21411,-64.61433,320.43,0.4,0.37,2026-05-21,559,N20,VIIRS,n,2.0NRT,293.2,2.14,N
10.22033,-70.36879,308.33,0.52,0.41,2026-05-21,559,N20,VIIRS,n,2.0NRT,291.89,3.18,N
10.23409,-64.55839,313.56,0.41,0.37,2026-05-21,559,N20,VIIRS,n,2.0NRT,292.88,1.69,N
10.24422,-64.55659,307.29,0.41,0.37,2026-05-21,559,N20,VIIRS,n,2.0NRT,292.86,1.28,N
10.31967,-75.49056,332.0,0.37,0.58,2026-05-21,559,N20,VIIRS,n,2.0NRT,290.61,4.33,N
10.32162,-75.48762,316.07,0.37,0.58,2026-05-21,559,N20,VIIRS,n,2.0NRT,290.55,2.12,N
10.32208,-75.49107,319.85,0.37,0.58,2026-05-21,559,N20,VIIRS,n,2.0NRT,290.35,2.12,N
10.32461,-63.84911,310.34,0.43,0.38,2026-05-21,559,N20,VIIRS,n,2.0NRT,290.62,0.67,N
10.40136,-64.16841,308.42,0.42,0.37,2026-05-21,559,N20,VIIRS,n,2.0NRT,292.36,1.34,N
11.13512,-72.57534,305.47,0.49,0.48,2026-05-21,559,N20,VIIRS,n,2.0NRT,285.89,2.17,N
-7.96828,-78.60491,304.77,0.32,0.55,2026-05-21,603,N20,VIIRS,n,2.0NRT,285.85,1.08,N
-7.96777,-78.60777,309.64,0.32,0.55,2026-05-21,603,N20,VIIRS,n,2.0NRT,285.2,1.08,N
-7.96332,-78.60385,295.99,0.32,0.55,2026-05-21,603,N20,VIIRS,n,2.0NRT,284.14,0.48,N
-16.2564,-71.68464,298.38,0.39,0.36,2026-05-21,605,N20,VIIRS,n,2.0NRT,279.67,0.91,N
-15.99886,-72.50169,295.32,0.38,0.36,2026-05-21,605,N20,VIIRS,n,2.0NRT,282.8,0.28,N
-15.78497,-71.85437,305.3,0.38,0.36,2026-05-21,605,N20,VIIRS,n,2.0NRT,267.5,1.26,N
-15.78441,-71.85791,296.81,0.38,0.36,2026-05-21,605,N20,VIIRS,n,2.0NRT,261.72,1.26,N
-14.33758,-69.39165,320.37,0.43,0.38,2026-05-21,605,N20,VIIRS,n,2.0NRT,275.68,2.24,N
-13.59853,-71.7243,300.25,0.38,0.36,2026-05-21,605,N20,VIIRS,n,2.0NRT,276.07,1.02,N
-13.20091,-64.02122,308.14,0.56,0.52,2026-05-21,605,N20,VIIRS,n,2.0NRT,286.06,1.6,N
-13.20024,-64.02637,296.04,0.56,0.52,2026-05-21,605,N20,VIIRS,n,2.0NRT,285.47,1.6,N
-13.1955,-64.02574,303.67,0.56,0.52,2026-05-21,605,N20,VIIRS,n,2.0NRT,285.73,1.6,N
-12.91911,-64.13472,296.85,0.55,0.51,2026-05-21,605,N20,VIIRS,n,2.0NRT,284.57,0.56,N
-12.91506,-64.12905,296.28,0.55,0.51,2026-05-21,605,N20,VIIRS,n,2.0NRT,285.41,1.74,N
-12.91442,-64.13407,303.41,0.55,0.51,2026-05-21,605,N20,VIIRS,n,2.0NRT,286.43,6.82,N
-12.91378,-64.13911,343.67,0.55,0.51,2026-05-21,605,N20,VIIRS,n,2.0NRT,287.77,6.82,N
-12.84281,-64.58338,301.46,0.51,0.49,2026-05-21,605,N20,VIIRS,n,2.0NRT,286.49,1.29,N
-12.84148,-64.58698,300.45,0.51,0.49,2026-05-21,605,N20,VIIRS,n,2.0NRT,286.2,1.17,N
-12.83766,-64.58744,306.49,0.51,0.49,2026-05-21,605,N20,VIIRS,n,2.0NRT,286.29,0.9,N
-12.83693,-64.58639,309.04,0.51,0.49,2026-05-21,605,N20,VIIRS,n,2.0NRT,286.58,1.17,N
-12.83312,-64.58684,301.39,0.51,0.49,2026-05-21,605,N20,VIIRS,n,2.0NRT,286.41,0.9,N
-22.31878,-68.8817,302.06,0.55,0.43,2026-05-21,608,N20,VIIRS,n,2.0NRT,276.02,7.77,N
-22.31482,-68.88148,335.48,0.55,0.43,2026-05-21,608,N20,VIIRS,n,2.0NRT,281.48,7.77,N
-26.18156,-61.20078,297.33,0.61,0.71,2026-05-21,610,N20,VIIRS,n,2.0NRT,276.96,1.99,N
-38.53305,-69.09363,297.27,0.55,0.51,2026-05-21,612,N20,VIIRS,n,2.0NRT,274.45,0.83,N
-38.49995,-68.32101,320.18,0.6,0.53,2026-05-21,612,N20,VIIRS,n,2.0NRT,277.84,2.7,N
-38.32134,-68.77828,295.08,0.56,0.52,2026-05-21,612,N20,VIIRS,n,2.0NRT,276.86,0.62,N
-38.31046,-68.68221,299.55,0.57,0.52,2026-05-21,612,N20,VIIRS,n,2.0NRT,276.37,0.71,N
-38.29281,-68.72047,316.04,0.57,0.52,2026-05-21,612,N20,VIIRS,n,2.0NRT,277.78,2.44,N
-38.29197,-68.71449,301.62,0.57,0.52,2026-05-21,612,N20,VIIRS,n,2.0NRT,277.04,1.35,N
-38.2915,-68.72095,300.23,0.57,0.52,2026-05-21,612,N20,VIIRS,n,2.0NRT,276.77,1.13,N
-38.28476,-68.74694,299.94,0.57,0.52,2026-05-21,612,N20,VIIRS,n,2.0NRT,276.84,1.01,N
-38.28452,-68.63866,322.38,0.57,0.52,2026-05-21,612,N20,VIIRS,n,2.0NRT,277.05,4.4,N
-38.26611,-68.62329,318.62,0.57,0.52,2026-05-21,612,N20,VIIRS,n,2.0NRT,279.24,1.98,N
-38.23066,-72.24677,307.76,0.56,0.43,2026-05-21,612,N20,VIIRS,n,2.0NRT,281.36,2.16,N
-38.22919,-68.52559,336.61,0.58,0.52,2026-05-21,612,N20,VIIRS,n,2.0NRT,279.32,3.03,N
-38.22479,-68.5184,314.85,0.58,0.52,2026-05-21,612,N20,VIIRS,n,2.0NRT,278.06,3.03,N
-38.22241,-68.52001,306.68,0.58,0.52,2026-05-21,612,N20,VIIRS,n,2.0NRT,277.48,1.5,N
-38.15659,-72.00962,332.35,0.57,0.43,2026-05-21,612,N20,VIIRS,n,2.0NRT,288.43,15.65,N
-38.15258,-72.00886,320.44,0.57,0.43,2026-05-21,612,N20,VIIRS,n,2.0NRT,285.09,2.9,N
-38.09783,-68.61044,297.38,0.57,0.52,2026-05-21,612,N20,VIIRS,n,2.0NRT,276.05,0.85,N
-38.09708,-72.02645,298.35,0.57,0.43,2026-05-21,612,N20,VIIRS,n,2.0NRT,282.8,1.12,N
-38.09376,-72.01926,311.74,0.57,0.43,2026-05-21,612,N20,VIIRS,n,2.0NRT,283.94,2.18,N
-38.09306,-72.02576,319.21,0.57,0.43,2026-05-21,612,N20,VIIRS,n,2.0NRT,286.89,2.18,N
-38.04467,-71.97987,339.76,0.38,0.43,2026-05-21,612,N20,VIIRS,n,2.0NRT,288.71,10.56,N
-38.04412,-71.98513,332.02,0.57,0.43,2026-05-21,612,N20,VIIRS,n,2.0NRT,286.03,8.78,N
-38.04346,-71.99151,333.27,0.57,0.43,2026-05-21,612,N20,VIIRS,n,2.0NRT,288.46,8.78,N
-38.04065,-71.97912,341.96,0.38,0.43,2026-05-21,612,N20,VIIRS,n,2.0NRT,286.46,8.69,N
-38.04009,-71.9845,337.32,0.57,0.43,2026-05-21,612,N20,VIIRS,n,2.0NRT,288.14,6.17,N
-38.03944,-71.99082,300.68,0.57,0.43,2026-05-21,612,N20,VIIRS,n,2.0NRT,284.81,6.17,N
-38.03607,-71.98379,338.09,0.57,0.43,2026-05-21,612,N20,VIIRS,n,2.0NRT,286.95,6.17,N
-38.0354,-71.99025,305.0,0.57,0.43,2026-05-21,612,N20,VIIRS,n,2.0NRT,285.18,6.17,N
-38.03476,-71.99644,298.77,0.57,0.43,2026-05-21,612,N20,VIIRS,n,2.0NRT,284.77,1.25,N
-38.03412,-72.00263,296.57,0.57,0.43,2026-05-21,612,N20,VIIRS,n,2.0NRT,284.76,1.25,N
-38.03347,-72.00887,319.82,0.57,0.43,2026-05-21,612,N20,VIIRS,n,2.0NRT,286.33,1.55,N
-38.01284,-68.59246,313.58,0.57,0.52,2026-05-21,612,N20,VIIRS,n,2.0NRT,277.89,1.79,N
-38.01235,-68.59907,299.29,0.57,0.52,2026-05-21,612,N20,VIIRS,n,2.0NRT,276.42,1.79,N
-37.94983,-71.98054,323.15,0.57,0.43,2026-05-21,612,N20,VIIRS,n,2.0NRT,286.87,3.31,N
-37.94909,-72.02657,296.89,0.57,0.43,2026-05-21,612,N20,VIIRS,n,2.0NRT,284.59,1.03,N
-37.94772,-72.07815,315.46,0.57,0.43,2026-05-21,612,N20,VIIRS,n,2.0NRT,285.36,1.86,N
-37.93802,-71.89686,313.72,0.39,0.44,2026-05-21,612,N20,VIIRS,n,2.0NRT,285.77,1.05,N
-37.90425,-71.90518,346.2,0.38,0.43,2026-05-21,612,N20,VIIRS,n,2.0NRT,291.95,14.09,N
-37.90418,-71.90643,338.3,0.38,0.44,2026-05-21,612,N20,VIIRS,n,2.0NRT,292.41,12.81,N
-37.90024,-71.90428,304.28,0.38,0.43,2026-05-21,612,N20,VIIRS,n,2.0NRT,286.37,0.58,N
-37.88077,-73.13747,300.4,0.51,0.41,2026-05-21,612,N20,VIIRS,n,2.0NRT,283.51,1.11,N
-37.88009,-73.14325,300.02,0.51,0.41,2026-05-21,612,N20,VIIRS,n,2.0NRT,282.79,1.32,N
-37.87962,-73.13863,310.8,0.51,0.41,2026-05-21,612,N20,VIIRS,n,2.0NRT,283.55,1.83,N
-37.73792,-71.43143,297.3,0.4,0.45,2026-05-21,612,N20,VIIRS,n,2.0NRT,279.01,0.73,N
-37.72016,-69.18953,295.28,0.53,0.5,2026-05-21,612,N20,VIIRS,n,2.0NRT,274.97,0.72,N
-37.71615,-71.85543,324.21,0.38,0.44,2026-05-21,612,N20,VIIRS,n,2.0NRT,285.25,2.32,N
-37.71531,-69.13437,338.43,0.53,0.5,2026-05-21,612,N20,VIIRS,n,2.0NRT,277.95,5.24,N
-37.71473,-71.7888,348.93,0.39,0.44,2026-05-21,612,N20,VIIRS,n,2.0NRT,291.14,15.78,N
-37.64383,-71.59885,308.46,0.4,0.44,2026-05-21,612,N20,VIIRS,n,2.0NRT,282.24,1.32,N
-37.64199,-71.61704,297.14,0.39,0.44,2026-05-21,612,N20,VIIRS,n,2.0NRT,284.92,0.64,N
-37.64157,-71.62107,326.07,0.39,0.44,2026-05-21,612,N20,VIIRS,n,2.0NRT,287.49,3.49,N
-37.63941,-71.60144,298.82,0.4,0.44,2026-05-21,612,N20,VIIRS,n,2.0NRT,284.72,0.71,N
-37.63894,-71.60609,295.66,0.39,0.44,2026-05-21,612,N20,VIIRS,n,2.0NRT,285.19,0.71,N
-37.6385,-71.61044,299.24,0.39,0.44,2026-05-21,612,N20,VIIRS,n,2.0NRT,286.37,0.64,N
-37.63806,-71.6148,296.81,0.39,0.44,2026-05-21,612,N20,VIIRS,n,2.0NRT,286.37,0.64,N
-37.63678,-71.62741,307.06,0.39,0.44,2026-05-21,612,N20,VIIRS,n,2.0NRT,286.99,1.23,N
-37.42959,-69.16898,295.67,0.53,0.5,2026-05-21,612,N20,VIIRS,n,2.0NRT,275.89,1.75,N
-37.4291,-69.17513,314.84,0.53,0.5,2026-05-21,612,N20,VIIRS,n,2.0NRT,275.89,1.98,N
-37.42669,-69.17319,317.35,0.53,0.5,2026-05-21,612,N20,VIIRS,n,2.0NRT,276.51,2.58,N
-37.38775,-71.65382,316.1,0.39,0.44,2026-05-21,612,N20,VIIRS,n,2.0NRT,289.03,2.2,N
-37.3869,-71.66193,302.51,0.39,0.44,2026-05-21,612,N20,VIIRS,n,2.0NRT,289.44,1.34,N
-37.3848,-71.64252,337.14,0.39,0.44,2026-05-21,612,N20,VIIRS,n,2.0NRT,284.93,11.55,N
-37.3844,-71.64644,347.06,0.39,0.44,2026-05-21,612,N20,VIIRS,n,2.0NRT,289.05,11.55,N
-37.38398,-71.65033,314.12,0.39,0.44,2026-05-21,612,N20,VIIRS,n,2.0NRT,287.52,1.6,N
-37.38356,-71.6543,304.78,0.39,0.44,2026-05-21,612,N20,VIIRS,n,2.0NRT,287.43,1.6,N
-37.3827,-71.66252,302.12,0.39,0.44,2026-05-21,612,N20,VIIRS,n,2.0NRT,287.82,1.22,N
-37.38226,-71.66661,298.46,0.39,0.44,2026-05-21,612,N20,VIIRS,n,2.0NRT,287.82,0.95,N
-37.38183,-71.67072,301.6,0.39,0.44,2026-05-21,612,N20,VIIRS,n,2.0NRT,287.08,0.95,N
-37.38139,-71.67489,304.24,0.39,0.44,2026-05-21,612,N20,VIIRS,n,2.0NRT,287.29,0.97,N
-37.38066,-71.64265,352.34,0.39,0.44,2026-05-21,612,N20,VIIRS,n,2.0NRT,296.3,11.55,N
-37.38025,-71.64655,349.08,0.39,0.44,2026-05-21,612,N20,VIIRS,n,2.0NRT,290.36,11.55,N
-37.37982,-71.6506,309.44,0.39,0.44,2026-05-21,612,N20,VIIRS,n,2.0NRT,286.57,1.6,N
-37.37851,-71.66297,309.4,0.39,0.44,2026-05-21,612,N20,VIIRS,n,2.0NRT,285.85,1.22,N
-37.3781,-71.66691,305.24,0.39,0.44,2026-05-21,612,N20,VIIRS,n,2.0NRT,287.18,0.95,N
-37.37769,-71.67085,315.29,0.39,0.44,2026-05-21,612,N20,VIIRS,n,2.0NRT,288.46,0.95,N
-37.37694,-71.63865,306.62,0.39,0.44,2026-05-21,612,N20,VIIRS,n,2.0NRT,280.64,1.98,N
-37.37654,-71.64249,344.9,0.39,0.44,2026-05-21,612,N20,VIIRS,n,2.0NRT,285.45,2.43,N
-37.37613,-71.64641,308.2,0.39,0.44,2026-05-21,612,N20,VIIRS,n,2.0NRT,283.16,2.43,N
-37.3757,-71.65053,302.25,0.39,0.44,2026-05-21,612,N20,VIIRS,n,2.0NRT,284.27,5.03,N
-37.37526,-71.65464,327.38,0.39,0.44,2026-05-21,612,N20,VIIRS,n,2.0NRT,283.53,5.03,N
-37.37484,-71.6587,298.91,0.39,0.44,2026-05-21,612,N20,VIIRS,n,2.0NRT,284.95,2.33,N
-37.37442,-71.6627,310.76,0.39,0.44,2026-05-21,612,N20,VIIRS,n,2.0NRT,287.16,2.33,N
-37.374,-71.6666,310.51,0.39,0.44,2026-05-21,612,N20,VIIRS,n,2.0NRT,287.16,1.21,N
-37.3736,-71.67046,306.47,0.39,0.44,2026-05-21,612,N20,VIIRS,n,2.0NRT,287.12,1.21,N
-37.37244,-71.64216,298.76,0.39,0.44,2026-05-21,612,N20,VIIRS,n,2.0NRT,280.5,2.43,N
-37.37202,-71.64615,334.39,0.39,0.44,2026-05-21,612,N20,VIIRS,n,2.0NRT,283.59,2.43,N
-37.37159,-71.65027,322.78,0.39,0.44,2026-05-21,612,N20,VIIRS,n,2.0NRT,284.08,5.03,N
-37.37116,-71.65437,353.87,0.39,0.44,2026-05-21,612,N20,VIIRS,n,2.0NRT,288.31,5.03,N
-37.37075,-71.65833,310.03,0.39,0.44,2026-05-21,612,N20,VIIRS,n,2.0NRT,284.96,2.33,N
-37.37033,-71.66224,335.23,0.39,0.44,2026-05-21,612,N20,VIIRS,n,2.0NRT,287.84,2.33,N
-37.30455,-73.56676,326.35,0.48,0.4,2026-05-21,612,N20,VIIRS,n,2.0NRT,278.1,3.27,N
-37.08591,-69.47694,297.24,0.5,0.49,2026-05-21,612,N20,VIIRS,n,2.0NRT,272.85,0.7,N
-37.00735,-71.39017,302.24,0.4,0.44,2026-05-21,612,N20,VIIRS,n,2.0NRT,275.99,0.73,N
-36.51149,-72.80915,299.04,0.5,0.41,2026-05-21,612,N20,VIIRS,n,2.0NRT,279.15,0.64,N
-36.42409,-71.50769,296.18,0.39,0.44,2026-05-21,612,N20,VIIRS,n,2.0NRT,278.09,0.85,N
-36.41317,-71.257,300.74,0.4,0.44,2026-05-21,612,N20,VIIRS,n,2.0NRT,278.51,0.64,N
-36.40909,-71.25614,299.62,0.4,0.44,2026-05-21,612,N20,VIIRS,n,2.0NRT,280.04,0.64,N
-36.08628,-72.37054,302.5,0.52,0.42,2026-05-21,612,N20,VIIRS,n,2.0NRT,275.28,0.49,N
-35.45922,-71.13824,312.86,0.39,0.44,2026-05-21,612,N20,VIIRS,n,2.0NRT,275.74,1.62,N
-34.10688,-70.45931,301.67,0.41,0.45,2026-05-21,612,N20,VIIRS,n,2.0NRT,268.11,0.86,N
-34.10582,-70.45653,296.84,0.41,0.45,2026-05-21,612,N20,VIIRS,n,2.0NRT,266.24,0.78,N
-38.87802,-71.90563,336.75,0.39,0.44,2026-05-21,614,N20,VIIRS,n,2.0NRT,287.35,3.26,N
-38.87747,-71.91121,301.75,0.39,0.44,2026-05-21,614,N20,VIIRS,n,2.0NRT,284.79,3.46,N
-38.87387,-71.90561,316.04,0.39,0.44,2026-05-21,614,N20,VIIRS,n,2.0NRT,284.8,3.26,N
-38.74503,-68.83527,327.13,0.57,0.52,2026-05-21,614,N20,VIIRS,n,2.0NRT,276.16,3.45,N
-38.6981,-68.69976,299.81,0.58,0.52,2026-05-21,614,N20,VIIRS,n,2.0NRT,275.35,1.31,N
-38.69705,-68.71355,303.06,0.57,0.52,2026-05-21,614,N20,VIIRS,n,2.0NRT,274.15,1.38,N
-38.26562,-73.08586,298.33,0.51,0.41,2026-05-21,614,N20,VIIRS,n,2.0NRT,279.65,0.92,N
-52.60594,-68.13271,302.81,0.39,0.59,2026-05-21,616,N20,VIIRS,n,2.0NRT,269.15,0.81,N
-8.8753,-35.80006,367.0,0.4,0.6,2026-05-21,1518,N20,VIIRS,h,2.0NRT,297.52,14.31,D
-8.57646,-35.18361,339.01,0.36,0.58,2026-05-21,1518,N20,VIIRS,n,2.0NRT,297.43,2.44,D
-8.5754,-37.00019,344.64,0.49,0.65,2026-05-21,1518,N20,VIIRS,n,2.0NRT,297.36,6.38,D
-8.57268,-37.00184,330.31,0.49,0.65,2026-05-21,1518,N20,VIIRS,n,2.0NRT,296.38,5.97,D
-8.39885,-36.74192,334.82,0.46,0.64,2026-05-21,1518,N20,VIIRS,n,2.0NRT,292.3,3.16,D
-8.22108,-36.11464,338.78,0.42,0.61,2026-05-21,1518,N20,VIIRS,n,2.0NRT,294.68,6.71,D
-8.22058,-36.11096,339.61,0.42,0.61,2026-05-21,1518,N20,VIIRS,n,2.0NRT,294.3,6.09,D
-34.15281,-58.98613,329.59,0.55,0.68,2026-05-21,1652,N20,VIIRS,n,2.0NRT,286.99,3.87,D
-34.10192,-58.63539,338.56,0.52,0.67,2026-05-21,1652,N20,VIIRS,n,2.0NRT,286.2,4.98,D
-34.1002,-58.63534,339.77,0.52,0.67,2026-05-21,1652,N20,VIIRS,n,2.0NRT,286.46,4.1,D
-33.03864,-58.24662,356.44,0.49,0.65,2026-05-21,1652,N20,VIIRS,l,2.0NRT,285.68,17.99,D
-33.03717,-58.24737,351.46,0.48,0.65,2026-05-21,1652,N20,VIIRS,n,2.0NRT,294.22,28.59,D
-33.03259,-58.247,355.47,0.49,0.65,2026-05-21,1652,N20,VIIRS,n,2.0NRT,291.08,17.99,D
-33.03112,-58.24775,343.96,0.48,0.65,2026-05-21,1652,N20,VIIRS,n,2.0NRT,283.7,4.29,D
-30.79327,-60.22288,333.06,0.61,0.71,2026-05-21,1654,N20,VIIRS,n,2.0NRT,283.76,5.64,D
-30.70971,-51.87243,337.46,0.39,0.44,2026-05-21,1654,N20,VIIRS,n,2.0NRT,288.78,3.93,D
-30.70948,-51.87224,337.36,0.39,0.44,2026-05-21,1654,N20,VIIRS,n,2.0NRT,288.67,3.48,D
-30.61502,-52.74215,338.6,0.44,0.46,2026-05-21,1654,N20,VIIRS,n,2.0NRT,291.95,4.8,D
-30.24228,-54.1635,335.42,0.52,0.5,2026-05-21,1654,N20,VIIRS,n,2.0NRT,287.17,2.52,D
-29.43367,-62.01381,325.71,0.76,0.77,2026-05-21,1654,N20,VIIRS,n,2.0NRT,287.45,3.41,D
-29.42901,-62.00908,334.38,0.76,0.77,2026-05-21,1654,N20,VIIRS,n,2.0NRT,287.98,6.76,D
-28.98788,-49.89115,330.58,0.45,0.39,2026-05-21,1654,N20,VIIRS,n,2.0NRT,289.16,3.32,D
-28.98767,-58.68687,328.24,0.48,0.64,2026-05-21,1654,N20,VIIRS,n,2.0NRT,288.18,2.84,D
-28.78149,-49.76288,338.45,0.44,0.39,2026-05-21,1654,N20,VIIRS,n,2.0NRT,291.98,4.21,D
-28.71013,-49.24559,329.1,0.43,0.38,2026-05-21,1654,N20,VIIRS,n,2.0NRT,292.65,1.06,D
-28.67412,-49.54403,330.14,0.44,0.38,2026-05-21,1654,N20,VIIRS,n,2.0NRT,292.8,3.28,D
-28.65529,-49.56541,330.98,0.44,0.38,2026-05-21,1654,N20,VIIRS,n,2.0NRT,292.52,3.02,D
-28.6547,-49.56098,326.56,0.44,0.38,2026-05-21,1654,N20,VIIRS,n,2.0NRT,292.07,3.02,D
-28.65117,-52.40938,337.62,0.4,0.44,2026-05-21,1654,N20,VIIRS,n,2.0NRT,291.1,5.16,D
-28.64352,-56.26342,327.26,0.33,0.56,2026-05-21,1654,N20,VIIRS,n,2.0NRT,290.1,2.32,D
-28.55486,-56.46674,328.27,0.34,0.56,2026-05-21,1654,N20,VIIRS,n,2.0NRT,290.05,1.0,D
-28.52313,-51.24692,328.1,0.51,0.41,2026-05-21,1654,N20,VIIRS,n,2.0NRT,289.11,3.95,D
-28.51169,-51.2486,326.5,0.51,0.41,2026-05-21,1654,N20,VIIRS,n,2.0NRT,292.21,5.55,D
-28.48997,-50.18429,336.46,0.46,0.39,2026-05-21,1654,N20,VIIRS,n,2.0NRT,296.45,14.62,D
-28.46694,-56.55621,353.99,0.35,0.56,2026-05-21,1654,N20,VIIRS,n,2.0NRT,290.1,3.9,D
-28.41245,-56.84872,367.0,0.36,0.57,2026-05-21,1654,N20,VIIRS,h,2.0NRT,291.03,5.19,D
-28.41036,-56.84908,367.0,0.36,0.57,2026-05-21,1654,N20,VIIRS,h,2.0NRT,291.14,5.3,D
-28.40711,-56.84926,348.19,0.36,0.57,2026-05-21,1654,N20,VIIRS,n,2.0NRT,289.08,5.19,D
-28.40503,-56.84963,340.11,0.36,0.57,2026-05-21,1654,N20,VIIRS,n,2.0NRT,288.88,5.3,D
-28.40475,-56.84589,333.5,0.36,0.57,2026-05-21,1654,N20,VIIRS,n,2.0NRT,286.5,6.77,D
-28.37882,-57.54159,328.22,0.4,0.6,2026-05-21,1654,N20,VIIRS,n,2.0NRT,286.51,2.88,D
-28.36744,-57.52832,356.12,0.4,0.6,2026-05-21,1654,N20,VIIRS,l,2.0NRT,286.34,12.15,D
-28.36681,-57.53035,356.38,0.4,0.6,2026-05-21,1654,N20,VIIRS,n,2.0NRT,289.1,7.21,D
-28.36651,-57.52626,343.55,0.4,0.6,2026-05-21,1654,N20,VIIRS,n,2.0NRT,283.23,7.94,D
-28.36221,-57.53294,341.24,0.4,0.6,2026-05-21,1654,N20,VIIRS,n,2.0NRT,285.22,5.08,D
-28.36125,-57.53089,339.92,0.4,0.6,2026-05-21,1654,N20,VIIRS,n,2.0NRT,283.41,7.21,D
-28.35665,-57.53345,353.79,0.4,0.6,2026-05-21,1654,N20,VIIRS,n,2.0NRT,284.03,5.08,D
-28.35599,-57.53553,354.72,0.4,0.6,2026-05-21,1654,N20,VIIRS,n,2.0NRT,288.09,6.56,D
-28.3469,-56.44746,338.07,0.34,0.56,2026-05-21,1654,N20,VIIRS,n,2.0NRT,289.54,4.02,D
-28.34199,-56.45154,344.23,0.34,0.56,2026-05-21,1654,N20,VIIRS,n,2.0NRT,289.64,4.02,D
-28.3417,-56.44803,329.27,0.34,0.56,2026-05-21,1654,N20,VIIRS,n,2.0NRT,288.43,4.02,D
-28.28503,-58.1113,329.56,0.43,0.62,2026-05-21,1654,N20,VIIRS,n,2.0NRT,288.11,2.97,D
-28.28433,-58.11398,336.46,0.43,0.62,2026-05-21,1654,N20,VIIRS,n,2.0NRT,289.59,5.8,D
-28.21231,-56.41865,331.29,0.34,0.56,2026-05-21,1654,N20,VIIRS,n,2.0NRT,291.65,2.44,D
-28.20339,-58.78787,342.86,0.47,0.64,2026-05-21,1654,N20,VIIRS,n,2.0NRT,289.71,5.91,D
-28.19761,-56.43075,349.76,0.34,0.56,2026-05-21,1654,N20,VIIRS,n,2.0NRT,292.17,5.29,D
-27.94559,-55.95501,333.73,0.63,0.54,2026-05-21,1654,N20,VIIRS,n,2.0NRT,294.04,5.17,D
-27.94056,-55.95548,330.46,0.63,0.54,2026-05-21,1654,N20,VIIRS,n,2.0NRT,291.53,5.17,D
-27.93533,-56.46392,340.85,0.34,0.56,2026-05-21,1654,N20,VIIRS,n,2.0NRT,292.44,3.21,D
-27.93377,-56.15285,335.97,0.32,0.55,2026-05-21,1654,N20,VIIRS,n,2.0NRT,291.64,3.14,D
-27.93188,-56.15401,328.63,0.32,0.55,2026-05-21,1654,N20,VIIRS,n,2.0NRT,294.17,5.99,D
-27.9316,-56.15068,367.0,0.32,0.55,2026-05-21,1654,N20,VIIRS,h,2.0NRT,291.6,6.55,D
-27.93045,-56.46792,330.07,0.34,0.56,2026-05-21,1654,N20,VIIRS,n,2.0NRT,291.56,3.21,D
-27.92868,-56.15338,351.85,0.32,0.55,2026-05-21,1654,N20,VIIRS,n,2.0NRT,293.23,5.39,D
-27.889,-56.11071,342.17,0.32,0.55,2026-05-21,1654,N20,VIIRS,n,2.0NRT,290.41,2.25,D
-27.88456,-50.33361,329.25,0.46,0.39,2026-05-21,1654,N20,VIIRS,n,2.0NRT,297.74,3.03,D
-27.6454,-58.40397,339.76,0.44,0.63,2026-05-21,1654,N20,VIIRS,n,2.0NRT,291.51,3.9,D
-27.63959,-58.40452,347.49,0.44,0.63,2026-05-21,1654,N20,VIIRS,n,2.0NRT,290.17,3.9,D
-27.63609,-50.42315,344.52,0.46,0.39,2026-05-21,1654,N20,VIIRS,n,2.0NRT,298.18,10.01,D
-27.6351,-50.42094,329.58,0.46,0.39,2026-05-21,1654,N20,VIIRS,n,2.0NRT,293.52,4.17,D
-27.61111,-49.9411,343.84,0.44,0.38,2026-05-21,1654,N20,VIIRS,n,2.0NRT,295.95,6.67,D
-27.60746,-59.28003,328.85,0.5,0.66,2026-05-21,1654,N20,VIIRS,n,2.0NRT,289.81,4.64,D
-27.52715,-59.3664,332.65,0.51,0.66,2026-05-21,1654,N20,VIIRS,n,2.0NRT,289.23,3.94,D
-27.527,-59.36961,331.35,0.51,0.66,2026-05-21,1654,N20,VIIRS,n,2.0NRT,289.43,5.67,D
-27.52631,-50.44126,328.35,0.46,0.39,2026-05-21,1654,N20,VIIRS,n,2.0NRT,290.8,2.36,D
-27.47394,-49.40011,332.64,0.42,0.38,2026-05-21,1654,N20,VIIRS,n,2.0NRT,292.81,5.22,D
-27.46755,-51.03162,326.55,0.49,0.4,2026-05-21,1654,N20,VIIRS,l,2.0NRT,299.78,32.26,D
-27.46694,-51.02678,340.4,0.49,0.4,2026-05-21,1654,N20,VIIRS,n,2.0NRT,301.53,32.26,D
-27.46322,-51.02735,330.6,0.49,0.4,2026-05-21,1654,N20,VIIRS,n,2.0NRT,287.48,32.26,D
-27.42905,-59.20041,328.04,0.49,0.65,2026-05-21,1654,N20,VIIRS,n,2.0NRT,289.64,3.13,D
-27.38153,-57.09735,342.72,0.36,0.58,2026-05-21,1654,N20,VIIRS,n,2.0NRT,288.48,4.76,D
-27.37906,-57.09778,332.6,0.37,0.58,2026-05-21,1654,N20,VIIRS,n,2.0NRT,287.69,4.26,D
-27.37398,-50.734,338.67,0.47,0.4,2026-05-21,1654,N20,VIIRS,n,2.0NRT,285.22,6.0,D
-27.36553,-50.69614,334.97,0.47,0.4,2026-05-21,1654,N20,VIIRS,n,2.0NRT,281.91,4.54,D
-27.36231,-52.3814,335.34,0.57,0.43,2026-05-21,1654,N20,VIIRS,n,2.0NRT,290.35,8.45,D
-27.34398,-51.45951,326.04,0.51,0.41,2026-05-21,1654,N20,VIIRS,n,2.0NRT,300.47,8.96,D
-27.34335,-51.45441,328.95,0.51,0.41,2026-05-21,1654,N20,VIIRS,n,2.0NRT,288.94,8.96,D
-27.34307,-51.45787,338.97,0.51,0.41,2026-05-21,1654,N20,VIIRS,n,2.0NRT,299.77,27.28,D
-27.34019,-51.46009,330.75,0.51,0.41,2026-05-21,1654,N20,VIIRS,n,2.0NRT,293.96,8.96,D
-27.33199,-51.45637,342.72,0.51,0.41,2026-05-21,1654,N20,VIIRS,n,2.0NRT,293.38,16.6,D
-27.33169,-51.45977,327.4,0.51,0.41,2026-05-21,1654,N20,VIIRS,n,2.0NRT,290.97,7.74,D
-27.33139,-57.83191,329.08,0.41,0.6,2026-05-21,1654,N20,VIIRS,n,2.0NRT,284.83,2.23,D
-27.33109,-51.45474,330.45,0.51,0.41,2026-05-21,1654,N20,VIIRS,n,2.0NRT,292.79,9.95,D
-27.32819,-51.457,335.38,0.51,0.41,2026-05-21,1654,N20,VIIRS,n,2.0NRT,302.06,42.75,D
-27.32148,-57.77891,334.26,0.4,0.6,2026-05-21,1654,N20,VIIRS,n,2.0NRT,274.26,4.02,D
-27.28371,-49.26323,325.08,0.42,0.37,2026-05-21,1654,N20,VIIRS,n,2.0NRT,290.75,2.38,D
-27.24113,-55.40834,326.86,0.57,0.52,2026-05-21,1654,N20,VIIRS,n,2.0NRT,281.5,3.89,D
-27.23953,-56.61275,326.4,0.34,0.56,2026-05-21,1654,N20,VIIRS,n,2.0NRT,279.24,2.46,D
-27.17839,-50.59623,331.3,0.46,0.39,2026-05-21,1654,N20,VIIRS,n,2.0NRT,298.53,3.11,D
-27.10417,-57.77026,331.54,0.4,0.6,2026-05-21,1654,N20,VIIRS,n,2.0NRT,286.83,2.57,D
-27.10326,-57.77011,328.69,0.4,0.6,2026-05-21,1654,N20,VIIRS,n,2.0NRT,286.27,2.23,D
-27.07433,-53.26826,329.25,0.42,0.45,2026-05-21,1654,N20,VIIRS,n,2.0NRT,288.2,2.71,D
-27.03219,-55.40442,337.58,0.57,0.52,2026-05-21,1654,N20,VIIRS,n,2.0NRT,292.66,11.86,D
-27.02753,-55.40048,338.6,0.57,0.52,2026-05-21,1654,N20,VIIRS,n,2.0NRT,289.93,8.75,D
-27.02737,-55.40484,338.66,0.57,0.52,2026-05-21,1654,N20,VIIRS,n,2.0NRT,290.67,11.33,D
-27.00876,-54.81163,337.66,0.52,0.5,2026-05-21,1654,N20,VIIRS,n,2.0NRT,290.08,4.59,D
-26.99854,-56.65321,331.16,0.34,0.56,2026-05-21,1654,N20,VIIRS,n,2.0NRT,271.4,2.37,D
-26.99824,-56.64977,327.02,0.34,0.56,2026-05-21,1654,N20,VIIRS,n,2.0NRT,267.82,2.37,D
-26.99356,-50.89667,328.56,0.48,0.4,2026-05-21,1654,N20,VIIRS,n,2.0NRT,303.38,14.3,D
-26.99296,-50.8919,329.9,0.48,0.4,2026-05-21,1654,N20,VIIRS,n,2.0NRT,290.94,14.3,D
-26.98989,-50.89728,340.03,0.48,0.4,2026-05-21,1654,N20,VIIRS,n,2.0NRT,292.81,7.65,D
-26.94678,-51.57712,329.38,0.51,0.41,2026-05-21,1654,N20,VIIRS,n,2.0NRT,290.2,5.46,D
-26.94209,-52.49379,329.67,0.57,0.43,2026-05-21,1654,N20,VIIRS,n,2.0NRT,293.6,6.06,D
-26.85687,-52.19597,329.06,0.55,0.43,2026-05-21,1654,N20,VIIRS,n,2.0NRT,291.85,6.19,D
-26.85132,-51.11813,330.02,0.49,0.4,2026-05-21,1654,N20,VIIRS,n,2.0NRT,291.8,4.7,D
-26.84123,-50.92161,354.12,0.48,0.4,2026-05-21,1654,N20,VIIRS,n,2.0NRT,296.6,14.81,D
-26.84063,-50.92349,334.97,0.48,0.4,2026-05-21,1654,N20,VIIRS,n,2.0NRT,297.71,10.23,D
-26.84003,-50.91864,328.96,0.48,0.4,2026-05-21,1654,N20,VIIRS,n,2.0NRT,291.88,5.45,D
-26.81921,-51.41162,326.61,0.5,0.41,2026-05-21,1654,N20,VIIRS,n,2.0NRT,290.54,2.0,D
-26.76775,-56.4433,326.38,0.33,0.55,2026-05-21,1654,N20,VIIRS,n,2.0NRT,293.6,1.66,D
-26.7674,-56.61286,337.85,0.34,0.56,2026-05-21,1654,N20,VIIRS,n,2.0NRT,293.63,3.24,D
-26.7564,-52.08865,355.1,0.54,0.42,2026-05-21,1654,N20,VIIRS,n,2.0NRT,294.88,15.72,D
-26.75184,-52.08377,334.43,0.54,0.42,2026-05-21,1654,N20,VIIRS,n,2.0NRT,296.83,117.44,D
-26.72876,-54.92572,340.33,0.53,0.5,2026-05-21,1654,N20,VIIRS,n,2.0NRT,299.03,17.08,D
-26.70409,-56.73767,333.7,0.34,0.56,2026-05-21,1654,N20,VIIRS,n,2.0NRT,292.78,1.76,D
-26.66924,-57.53802,352.89,0.38,0.59,2026-05-21,1654,N20,VIIRS,n,2.0NRT,293.83,6.72,D
-26.66829,-57.54063,349.1,0.38,0.59,2026-05-21,1654,N20,VIIRS,n,2.0NRT,294.43,3.4,D
-26.66796,-57.53675,327.84,0.38,0.59,2026-05-21,1654,N20,VIIRS,n,2.0NRT,292.73,3.4,D
-26.65201,-54.01828,326.65,0.46,0.47,2026-05-21,1654,N20,VIIRS,n,2.0NRT,289.59,2.08,D
-26.6465,-55.99863,331.88,0.61,0.54,2026-05-21,1654,N20,VIIRS,n,2.0NRT,292.98,6.15,D
-26.64583,-55.99986,334.67,0.61,0.54,2026-05-21,1654,N20,VIIRS,n,2.0NRT,292.67,3.42,D
-26.63992,-57.02789,367.0,0.35,0.57,2026-05-21,1654,N20,VIIRS,h,2.0NRT,294.36,7.09,D
-26.63922,-57.02872,348.93,0.36,0.57,2026-05-21,1654,N20,VIIRS,n,2.0NRT,293.67,5.85,D
-26.63892,-57.02512,334.51,0.35,0.57,2026-05-21,1654,N20,VIIRS,n,2.0NRT,291.09,4.53,D
-26.62815,-57.52124,325.52,0.38,0.59,2026-05-21,1654,N20,VIIRS,n,2.0NRT,292.58,2.35,D
-26.62045,-55.99647,329.96,0.61,0.54,2026-05-21,1654,N20,VIIRS,n,2.0NRT,293.1,5.69,D
-26.61052,-55.99751,336.7,0.61,0.54,2026-05-21,1654,N20,VIIRS,n,2.0NRT,292.72,9.54,D
-26.60995,-55.99136,338.29,0.61,0.53,2026-05-21,1654,N20,VIIRS,n,2.0NRT,293.0,9.54,D
-26.60465,-56.55603,337.56,0.33,0.55,2026-05-21,1654,N20,VIIRS,n,2.0NRT,293.77,2.37,D
-26.59951,-56.55659,367.0,0.33,0.55,2026-05-21,1654,N20,VIIRS,h,2.0NRT,297.08,7.04,D
-26.59705,-56.55667,367.0,0.33,0.55,2026-05-21,1654,N20,VIIRS,h,2.0NRT,294.8,8.26,D
-26.59438,-56.55714,344.21,0.33,0.55,2026-05-21,1654,N20,VIIRS,n,2.0NRT,294.35,7.04,D
-26.59396,-56.52326,340.09,0.33,0.55,2026-05-21,1654,N20,VIIRS,n,2.0NRT,293.63,2.86,D
-26.59192,-56.55722,367.0,0.33,0.55,2026-05-21,1654,N20,VIIRS,h,2.0NRT,296.08,8.26,D
-26.59151,-56.52366,349.26,0.33,0.55,2026-05-21,1654,N20,VIIRS,n,2.0NRT,293.76,4.0,D
-26.58924,-56.5577,367.0,0.33,0.55,2026-05-21,1654,N20,VIIRS,h,2.0NRT,295.58,7.96,D
-26.58914,-56.52713,344.32,0.33,0.55,2026-05-21,1654,N20,VIIRS,n,2.0NRT,292.78,2.86,D
-26.58883,-56.5238,335.45,0.33,0.55,2026-05-21,1654,N20,VIIRS,n,2.0NRT,292.38,2.86,D
-26.58744,-56.01892,334.25,0.61,0.54,2026-05-21,1654,N20,VIIRS,n,2.0NRT,293.18,8.6,D
-26.5871,-56.56112,341.06,0.33,0.55,2026-05-21,1654,N20,VIIRS,n,2.0NRT,292.97,2.46,D
-26.58688,-56.01272,339.55,0.61,0.54,2026-05-21,1654,N20,VIIRS,n,2.0NRT,293.98,8.8,D
-26.58679,-56.55777,329.97,0.33,0.55,2026-05-21,1654,N20,VIIRS,n,2.0NRT,292.33,2.46,D
-26.58667,-56.52757,336.4,0.33,0.55,2026-05-21,1654,N20,VIIRS,n,2.0NRT,291.91,3.64,D
-26.58326,-57.91908,337.11,0.4,0.6,2026-05-21,1654,N20,VIIRS,n,2.0NRT,292.14,4.1,D
-26.55508,-56.55098,367.0,0.33,0.55,2026-05-21,1654,N20,VIIRS,h,2.0NRT,299.03,6.61,D
-26.55478,-56.54761,330.02,0.33,0.55,2026-05-21,1654,N20,VIIRS,n,2.0NRT,294.39,6.61,D
-26.54136,-48.84059,327.71,0.4,0.37,2026-05-21,1654,N20,VIIRS,n,2.0NRT,293.93,2.42,D
-26.53502,-55.82715,367.0,0.6,0.53,2026-05-21,1654,N20,VIIRS,h,2.0NRT,296.15,22.72,D
-26.53272,-55.828,367.0,0.6,0.53,2026-05-21,1654,N20,VIIRS,h,2.0NRT,295.12,25.4,D
-26.52612,-56.87899,329.92,0.35,0.56,2026-05-21,1654,N20,VIIRS,n,2.0NRT,290.16,0.99,D
-26.52541,-54.56448,332.84,0.5,0.49,2026-05-21,1654,N20,VIIRS,n,2.0NRT,295.53,4.45,D
-26.52492,-54.55953,367.0,0.5,0.49,2026-05-21,1654,N20,VIIRS,h,2.0NRT,299.56,9.7,D
-26.52443,-54.55464,325.0,0.5,0.49,2026-05-21,1654,N20,VIIRS,n,2.0NRT,290.01,9.7,D
-26.48864,-55.83317,338.53,0.6,0.53,2026-05-21,1654,N20,VIIRS,n,2.0NRT,296.09,7.74,D
-26.48806,-55.82715,325.23,0.59,0.53,2026-05-21,1654,N20,VIIRS,n,2.0NRT,292.62,7.74,D
-26.48488,-55.84578,335.95,0.6,0.53,2026-05-21,1654,N20,VIIRS,n,2.0NRT,293.89,5.6,D
-26.48431,-55.83975,331.12,0.6,0.53,2026-05-21,1654,N20,VIIRS,n,2.0NRT,293.57,5.6,D
-26.43125,-53.99524,333.59,0.46,0.47,2026-05-21,1654,N20,VIIRS,n,2.0NRT,293.33,4.22,D
-26.42427,-54.05342,346.74,0.46,0.47,2026-05-21,1654,N20,VIIRS,n,2.0NRT,294.37,17.01,D
-26.41424,-55.90557,330.47,0.6,0.53,2026-05-21,1654,N20,VIIRS,n,2.0NRT,292.39,4.18,D
-26.40999,-54.00301,330.8,0.46,0.47,2026-05-21,1654,N20,VIIRS,n,2.0NRT,293.1,11.23,D
-26.40949,-53.99844,337.65,0.46,0.47,2026-05-21,1654,N20,VIIRS,n,2.0NRT,290.28,11.23,D
-26.3986,-54.10426,332.59,0.47,0.47,2026-05-21,1654,N20,VIIRS,n,2.0NRT,291.35,4.2,D
-26.3956,-54.07588,348.85,0.46,0.47,2026-05-21,1654,N20,VIIRS,n,2.0NRT,293.56,9.48,D
-26.32959,-56.81026,367.0,0.34,0.56,2026-05-21,1654,N20,VIIRS,h,2.0NRT,294.81,7.47,D
-26.30507,-54.14717,349.14,0.47,0.48,2026-05-21,1654,N20,VIIRS,n,2.0NRT,294.52,19.32,D
-26.30414,-54.13838,336.35,0.47,0.47,2026-05-21,1654,N20,VIIRS,n,2.0NRT,298.67,23.03,D
-26.30369,-53.96893,345.89,0.46,0.47,2026-05-21,1654,N20,VIIRS,n,2.0NRT,293.39,6.05,D
-26.30215,-54.16168,338.0,0.47,0.48,2026-05-21,1654,N20,VIIRS,n,2.0NRT,292.26,6.67,D
-26.28827,-54.69967,345.51,0.5,0.49,2026-05-21,1654,N20,VIIRS,n,2.0NRT,296.71,13.75,D
-26.27527,-54.07529,338.35,0.46,0.47,2026-05-21,1654,N20,VIIRS,n,2.0NRT,293.05,7.14,D
-26.24177,-54.69537,333.05,0.5,0.49,2026-05-21,1654,N20,VIIRS,n,2.0NRT,294.61,3.98,D
-26.23191,-54.55415,327.78,0.49,0.49,2026-05-21,1654,N20,VIIRS,l,2.0NRT,297.94,3.02,D
-26.17415,-52.9949,333.56,0.4,0.44,2026-05-21,1654,N20,VIIRS,n,2.0NRT,294.94,7.14,D
-26.09504,-51.3982,329.34,0.49,0.4,2026-05-21,1654,N20,VIIRS,n,2.0NRT,293.95,3.81,D
-26.07093,-51.35712,328.92,0.49,0.4,2026-05-21,1654,N20,VIIRS,n,2.0NRT,290.52,3.74,D
-26.06492,-51.2484,326.09,0.48,0.4,2026-05-21,1654,N20,VIIRS,n,2.0NRT,288.98,2.32,D
-26.0203,-53.93414,330.01,0.45,0.47,2026-05-21,1654,N20,VIIRS,n,2.0NRT,292.37,4.46,D
-26.01896,-53.93724,336.25,0.45,0.47,2026-05-21,1654,N20,VIIRS,n,2.0NRT,294.52,4.23,D
-25.98259,-53.84609,325.48,0.44,0.46,2026-05-21,1654,N20,VIIRS,n,2.0NRT,295.0,2.76,D
-25.93423,-51.65061,325.71,0.5,0.41,2026-05-21,1654,N20,VIIRS,n,2.0NRT,289.35,1.62,D
-25.89878,-52.17213,330.13,0.53,0.42,2026-05-21,1654,N20,VIIRS,n,2.0NRT,296.04,5.47,D
-24.63761,-42.4104,325.76,0.57,0.43,2026-05-21,1654,N20,VIIRS,n,2.0NRT,291.21,2.8,D
-26.17684,-56.75072,349.69,0.34,0.56,2026-05-21,1656,N20,VIIRS,n,2.0NRT,292.55,1.89,D
-26.17513,-56.75064,367.0,0.34,0.56,2026-05-21,1656,N20,VIIRS,h,2.0NRT,293.81,6.54,D
-26.16567,-56.61987,345.62,0.33,0.55,2026-05-21,1656,N20,VIIRS,n,2.0NRT,294.16,5.38,D
-26.16538,-56.61653,353.19,0.33,0.55,2026-05-21,1656,N20,VIIRS,n,2.0NRT,294.2,5.38,D
-26.16309,-56.61999,355.67,0.33,0.55,2026-05-21,1656,N20,VIIRS,n,2.0NRT,295.01,10.27,D
-26.16278,-56.61666,367.0,0.33,0.55,2026-05-21,1656,N20,VIIRS,h,2.0NRT,295.06,10.3,D
-26.15765,-56.61721,340.41,0.33,0.55,2026-05-21,1656,N20,VIIRS,n,2.0NRT,293.52,2.64,D
-26.07071,-56.11977,334.57,0.61,0.54,2026-05-21,1656,N20,VIIRS,n,2.0NRT,293.26,5.43,D
-25.98861,-56.26835,339.43,0.63,0.54,2026-05-21,1656,N20,VIIRS,n,2.0NRT,295.84,28.43,D
-25.97756,-56.48132,346.51,0.32,0.55,2026-05-21,1656,N20,VIIRS,n,2.0NRT,293.95,3.2,D
-25.96193,-54.51471,330.21,0.49,0.48,2026-05-21,1656,N20,VIIRS,n,2.0NRT,292.2,2.58,D
-25.95289,-57.95436,367.0,0.4,0.6,2026-05-21,1656,N20,VIIRS,h,2.0NRT,295.46,10.4,D
-25.86312,-55.96105,346.23,0.6,0.53,2026-05-21,1656,N20,VIIRS,n,2.0NRT,297.23,11.39,D
-25.75883,-55.98058,329.62,0.6,0.53,2026-05-21,1656,N20,VIIRS,n,2.0NRT,294.48,14.31,D
-25.75827,-55.97471,339.16,0.6,0.53,2026-05-21,1656,N20,VIIRS,n,2.0NRT,296.06,14.31,D
-25.74233,-56.65857,327.97,0.33,0.55,2026-05-21,1656,N20,VIIRS,n,2.0NRT,293.63,2.06,D
-25.73722,-56.65913,367.0,0.33,0.55,2026-05-21,1656,N20,VIIRS,h,2.0NRT,296.84,6.75,D
-25.66067,-54.07727,325.51,0.45,0.47,2026-05-21,1656,N20,VIIRS,n,2.0NRT,294.59,2.41,D
-25.59731,-56.35521,332.11,0.63,0.54,2026-05-21,1656,N20,VIIRS,n,2.0NRT,293.48,4.16,D
-25.50658,-56.3589,327.3,0.63,0.54,2026-05-21,1656,N20,VIIRS,n,2.0NRT,293.73,2.99,D
-25.5065,-56.35913,328.62,0.63,0.54,2026-05-21,1656,N20,VIIRS,n,2.0NRT,293.66,3.38,D
-25.4978,-55.7357,342.75,0.57,0.52,2026-05-21,1656,N20,VIIRS,n,2.0NRT,294.31,9.79,D
-25.47731,-56.70144,334.63,0.33,0.55,2026-05-21,1656,N20,VIIRS,n,2.0NRT,292.62,3.51,D
-25.47701,-56.69823,329.69,0.33,0.55,2026-05-21,1656,N20,VIIRS,n,2.0NRT,292.31,3.51,D
-25.27255,-56.06707,332.22,0.6,0.53,2026-05-21,1656,N20,VIIRS,n,2.0NRT,292.03,4.18,D
-25.27021,-56.06801,332.22,0.6,0.53,2026-05-21,1656,N20,VIIRS,n,2.0NRT,292.33,2.83,D
-25.2194,-57.01684,327.21,0.34,0.56,2026-05-21,1656,N20,VIIRS,n,2.0NRT,289.59,1.31,D
-25.06647,-54.5137,332.84,0.47,0.48,2026-05-21,1656,N20,VIIRS,n,2.0NRT,295.02,2.75,D
-25.06269,-54.56219,328.75,0.48,0.48,2026-05-21,1656,N20,VIIRS,n,2.0NRT,297.59,4.01,D
-25.06205,-54.51432,326.16,0.47,0.48,2026-05-21,1656,N20,VIIRS,n,2.0NRT,294.36,2.75,D
-25.01922,-52.8602,325.21,0.57,0.43,2026-05-21,1656,N20,VIIRS,n,2.0NRT,293.48,1.76,D
-24.99977,-55.46048,325.32,0.54,0.51,2026-05-21,1656,N20,VIIRS,n,2.0NRT,292.71,2.89,D
-24.99703,-55.45953,326.85,0.54,0.51,2026-05-21,1656,N20,VIIRS,n,2.0NRT,293.56,2.89,D
-24.83288,-55.19955,325.35,0.52,0.5,2026-05-21,1656,N20,VIIRS,n,2.0NRT,294.46,2.98,D
-24.79988,-56.63389,332.42,0.32,0.55,2026-05-21,1656,N20,VIIRS,n,2.0NRT,291.95,1.9,D
-24.79867,-56.63307,330.86,0.32,0.55,2026-05-21,1656,N20,VIIRS,n,2.0NRT,291.56,1.67,D
-24.79765,-55.22005,344.12,0.52,0.5,2026-05-21,1656,N20,VIIRS,n,2.0NRT,293.42,7.3,D
-24.79493,-55.33172,328.37,0.53,0.5,2026-05-21,1656,N20,VIIRS,n,2.0NRT,292.55,3.75,D
-24.76688,-55.68621,331.69,0.56,0.51,2026-05-21,1656,N20,VIIRS,n,2.0NRT,294.2,6.21,D
-24.75415,-55.24438,354.49,0.52,0.5,2026-05-21,1656,N20,VIIRS,n,2.0NRT,294.04,9.96,D
-24.75362,-55.24685,333.7,0.52,0.5,2026-05-21,1656,N20,VIIRS,n,2.0NRT,291.67,7.59,D
-24.7531,-55.24164,339.11,0.52,0.5,2026-05-21,1656,N20,VIIRS,n,2.0NRT,292.15,7.59,D
-24.74876,-56.63289,326.92,0.32,0.54,2026-05-21,1656,N20,VIIRS,n,2.0NRT,292.42,1.65,D
-24.74236,-55.87732,342.62,0.57,0.52,2026-05-21,1656,N20,VIIRS,n,2.0NRT,293.8,6.92,D
-24.73612,-56.82686,325.3,0.33,0.55,2026-05-21,1656,N20,VIIRS,n,2.0NRT,289.49,2.18,D
-24.67557,-51.19247,336.69,0.47,0.39,2026-05-21,1656,N20,VIIRS,n,2.0NRT,295.48,7.54,D
-24.67195,-51.19313,336.28,0.47,0.39,2026-05-21,1656,N20,VIIRS,n,2.0NRT,294.29,5.67,D
-24.64579,-57.82357,329.28,0.38,0.59,2026-05-21,1656,N20,VIIRS,n,2.0NRT,278.08,1.98,D
-24.6237,-55.75116,328.74,0.56,0.51,2026-05-21,1656,N20,VIIRS,n,2.0NRT,294.13,4.59,D
-24.5458,-55.0706,330.55,0.51,0.49,2026-05-21,1656,N20,VIIRS,n,2.0NRT,292.89,3.46,D
-24.47861,-55.85026,327.12,0.57,0.52,2026-05-21,1656,N20,VIIRS,n,2.0NRT,293.6,2.6,D
-24.44331,-55.93337,339.31,0.57,0.52,2026-05-21,1656,N20,VIIRS,n,2.0NRT,296.5,11.72,D
-24.42357,-55.93052,326.83,0.57,0.52,2026-05-21,1656,N20,VIIRS,n,2.0NRT,295.35,2.11,D
-24.38445,-56.80118,333.48,0.32,0.55,2026-05-21,1656,N20,VIIRS,n,2.0NRT,290.54,2.25,D
-24.38102,-56.80063,327.42,0.32,0.55,2026-05-21,1656,N20,VIIRS,n,2.0NRT,290.29,1.37,D
-24.28243,-56.41298,327.49,0.61,0.53,2026-05-21,1656,N20,VIIRS,n,2.0NRT,289.96,3.25,D
-24.11941,-52.63059,329.92,0.54,0.42,2026-05-21,1656,N20,VIIRS,n,2.0NRT,291.08,10.89,D
-23.90844,-55.90991,326.67,0.56,0.52,2026-05-21,1656,N20,VIIRS,n,2.0NRT,279.66,3.41,D
-23.85063,-55.91335,329.42,0.56,0.52,2026-05-21,1656,N20,VIIRS,n,2.0NRT,288.78,3.41,D
-20.24897,-40.24038,338.33,0.61,0.54,2026-05-21,1656,N20,VIIRS,n,2.0NRT,289.89,8.0,D
-20.24809,-40.24379,333.21,0.61,0.54,2026-05-21,1656,N20,VIIRS,n,2.0NRT,287.11,8.33,D
-20.242,-40.23908,339.96,0.61,0.54,2026-05-21,1656,N20,VIIRS,n,2.0NRT,290.32,12.73,D
-20.18371,-47.71575,327.97,0.39,0.36,2026-05-21,1656,N20,VIIRS,n,2.0NRT,298.53,2.15,D
-20.04694,-47.40998,328.85,0.4,0.37,2026-05-21,1656,N20,VIIRS,n,2.0NRT,298.82,2.51,D
-19.77369,-54.0685,354.6,0.38,0.43,2026-05-21,1656,N20,VIIRS,n,2.0NRT,267.69,54.89,D
-19.77013,-54.07269,356.44,0.38,0.44,2026-05-21,1656,N20,VIIRS,l,2.0NRT,261.22,15.74,D
-19.18674,-44.75282,341.38,0.52,0.41,2026-05-21,1656,N20,VIIRS,n,2.0NRT,294.6,6.48,D
-19.18587,-44.748,330.71,0.52,0.41,2026-05-21,1656,N20,VIIRS,n,2.0NRT,292.72,6.48,D
-19.1812,-44.74382,331.39,0.52,0.41,2026-05-21,1656,N20,VIIRS,n,2.0NRT,291.18,7.27,D
-19.17915,-44.75419,332.71,0.52,0.41,2026-05-21,1656,N20,VIIRS,n,2.0NRT,292.54,7.33,D
-19.17828,-44.74936,341.42,0.52,0.41,2026-05-21,1656,N20,VIIRS,n,2.0NRT,293.42,7.33,D
-19.1774,-44.74449,341.83,0.52,0.41,2026-05-21,1656,N20,VIIRS,n,2.0NRT,289.58,9.05,D
-19.17535,-44.75486,339.08,0.52,0.41,2026-05-21,1656,N20,VIIRS,n,2.0NRT,293.5,7.33,D
-19.17448,-44.75001,338.05,0.52,0.41,2026-05-21,1656,N20,VIIRS,n,2.0NRT,294.73,7.33,D
-19.17178,-44.7531,342.28,0.52,0.41,2026-05-21,1656,N20,VIIRS,n,2.0NRT,290.95,6.84,D
-19.17156,-44.75555,332.48,0.52,0.41,2026-05-21,1656,N20,VIIRS,n,2.0NRT,290.77,4.84,D
-18.62756,-45.13193,349.51,0.5,0.41,2026-05-21,1656,N20,VIIRS,n,2.0NRT,300.62,12.44,D
-18.62465,-45.13734,328.64,0.5,0.41,2026-05-21,1656,N20,VIIRS,n,2.0NRT,295.72,12.94,D
-18.62382,-45.13265,345.74,0.5,0.41,2026-05-21,1656,N20,VIIRS,n,2.0NRT,301.91,12.94,D
-18.07827,-46.36694,346.74,0.45,0.39,2026-05-21,1656,N20,VIIRS,n,2.0NRT,304.57,8.66,D
-16.89551,-40.02211,338.48,0.37,0.58,2026-05-21,1656,N20,VIIRS,n,2.0NRT,292.29,3.06,D
-16.89017,-40.02306,332.31,0.37,0.58,2026-05-21,1656,N20,VIIRS,n,2.0NRT,290.99,3.06,D
-17.97483,-61.76577,334.19,0.58,0.7,2026-05-21,1658,N20,VIIRS,n,2.0NRT,280.1,4.98,D
-16.74309,-48.92149,337.08,0.39,0.36,2026-05-21,1658,N20,VIIRS,n,2.0NRT,299.23,1.92,D
-16.71339,-51.45576,331.2,0.41,0.37,2026-05-21,1658,N20,VIIRS,n,2.0NRT,296.83,2.04,D
-16.64842,-52.47185,335.16,0.44,0.38,2026-05-21,1658,N20,VIIRS,n,2.0NRT,300.37,8.94,D
-16.44063,-49.11475,330.58,0.39,0.36,2026-05-21,1658,N20,VIIRS,n,2.0NRT,296.63,6.91,D
-16.43731,-49.1153,335.33,0.39,0.36,2026-05-21,1658,N20,VIIRS,n,2.0NRT,304.36,6.91,D
-16.39612,-49.13353,337.83,0.39,0.36,2026-05-21,1658,N20,VIIRS,n,2.0NRT,298.93,7.76,D
-16.39556,-49.12991,333.74,0.39,0.36,2026-05-21,1658,N20,VIIRS,n,2.0NRT,299.65,7.76,D
-16.39281,-49.13407,341.86,0.39,0.36,2026-05-21,1658,N20,VIIRS,n,2.0NRT,302.62,7.76,D
-16.39225,-49.13046,331.64,0.39,0.36,2026-05-21,1658,N20,VIIRS,n,2.0NRT,298.55,7.76,D
-16.35878,-43.87872,338.29,0.43,0.46,2026-05-21,1658,N20,VIIRS,n,2.0NRT,300.57,6.79,D
-16.35815,-43.87527,339.81,0.43,0.46,2026-05-21,1658,N20,VIIRS,n,2.0NRT,298.2,6.79,D
-16.35459,-43.87945,335.46,0.43,0.46,2026-05-21,1658,N20,VIIRS,n,2.0NRT,303.04,48.03,D
-16.35394,-43.87593,343.26,0.43,0.46,2026-05-21,1658,N20,VIIRS,n,2.0NRT,307.78,48.03,D
-16.32773,-48.60786,333.32,0.39,0.36,2026-05-21,1658,N20,VIIRS,n,2.0NRT,297.04,6.65,D
-16.28621,-43.76738,351.36,0.43,0.46,2026-05-21,1658,N20,VIIRS,n,2.0NRT,308.81,31.81,D
-16.28548,-43.76342,354.86,0.43,0.46,2026-05-21,1658,N20,VIIRS,n,2.0NRT,302.25,31.81,D
-16.28199,-43.76816,355.93,0.43,0.46,2026-05-21,1658,N20,VIIRS,n,2.0NRT,301.19,13.22,D
-16.28125,-43.76417,347.81,0.43,0.46,2026-05-21,1658,N20,VIIRS,n,2.0NRT,300.11,13.22,D
-16.22468,-43.85843,332.92,0.43,0.46,2026-05-21,1658,N20,VIIRS,n,2.0NRT,300.14,2.86,D
-15.98615,-53.68807,335.67,0.5,0.41,2026-05-21,1658,N20,VIIRS,n,2.0NRT,293.18,6.6,D
-15.98415,-53.69053,332.15,0.5,0.41,2026-05-21,1658,N20,VIIRS,n,2.0NRT,293.92,4.76,D
-15.94288,-51.37136,333.12,0.4,0.37,2026-05-21,1658,N20,VIIRS,n,2.0NRT,300.35,3.84,D
-15.93271,-47.99388,340.7,0.41,0.37,2026-05-21,1658,N20,VIIRS,n,2.0NRT,301.66,14.28,D
-15.93209,-47.99005,341.49,0.41,0.37,2026-05-21,1658,N20,VIIRS,n,2.0NRT,300.76,14.28,D
-15.87415,-41.73327,347.69,0.6,0.53,2026-05-21,1658,N20,VIIRS,n,2.0NRT,303.86,25.18,D
-15.87271,-41.7365,336.73,0.6,0.53,2026-05-21,1658,N20,VIIRS,n,2.0NRT,301.78,16.66,D
-15.87158,-41.73081,335.81,0.6,0.53,2026-05-21,1658,N20,VIIRS,n,2.0NRT,298.25,12.71,D
-15.85093,-46.53487,351.17,0.47,0.39,2026-05-21,1658,N20,VIIRS,n,2.0NRT,301.21,12.35,D
-15.8367,-42.00448,339.63,0.57,0.52,2026-05-21,1658,N20,VIIRS,n,2.0NRT,304.42,12.17,D
-15.83607,-42.00102,345.27,0.57,0.52,2026-05-21,1658,N20,VIIRS,n,2.0NRT,307.1,23.66,D
-15.83569,-41.99914,331.02,0.58,0.52,2026-05-21,1658,N20,VIIRS,n,2.0NRT,305.07,12.17,D
-15.8319,-42.00526,336.43,0.57,0.52,2026-05-21,1658,N20,VIIRS,n,2.0NRT,303.8,12.17,D
-15.83129,-42.00185,344.33,0.57,0.52,2026-05-21,1658,N20,VIIRS,n,2.0NRT,305.58,23.66,D
-15.83092,-42.00006,331.89,0.58,0.52,2026-05-21,1658,N20,VIIRS,n,2.0NRT,302.9,12.17,D
-15.81406,-40.2369,333.17,0.37,0.58,2026-05-21,1658,N20,VIIRS,n,2.0NRT,298.29,2.83,D
-15.81173,-40.23901,327.98,0.37,0.58,2026-05-21,1658,N20,VIIRS,l,2.0NRT,301.13,2.79,D
-15.79275,-48.1933,351.35,0.4,0.37,2026-05-21,1658,N20,VIIRS,n,2.0NRT,307.63,10.5,D
-15.75302,-48.07617,345.93,0.41,0.37,2026-05-21,1658,N20,VIIRS,n,2.0NRT,301.68,28.98,D
-15.6951,-47.95662,341.12,0.41,0.37,2026-05-21,1658,N20,VIIRS,n,2.0NRT,296.66,4.51,D
-15.64228,-42.48685,339.4,0.54,0.51,2026-05-21,1658,N20,VIIRS,n,2.0NRT,301.99,8.43,D
-15.55201,-41.93706,341.16,0.59,0.53,2026-05-21,1658,N20,VIIRS,n,2.0NRT,303.79,15.32,D
-15.5361,-51.53056,333.32,0.4,0.37,2026-05-21,1658,N20,VIIRS,n,2.0NRT,300.44,3.05,D
-15.53271,-51.53109,337.47,0.4,0.37,2026-05-21,1658,N20,VIIRS,n,2.0NRT,300.23,3.05,D
-15.46384,-40.7047,326.69,0.35,0.57,2026-05-21,1658,N20,VIIRS,n,2.0NRT,293.62,0.77,D
-15.32308,-39.87757,328.46,0.4,0.6,2026-05-21,1658,N20,VIIRS,n,2.0NRT,294.35,1.76,D
-15.31025,-50.50861,341.98,0.39,0.36,2026-05-21,1658,N20,VIIRS,n,2.0NRT,302.3,3.56,D
-15.2093,-41.17957,340.16,0.33,0.56,2026-05-21,1658,N20,VIIRS,n,2.0NRT,293.87,2.4,D
-15.20422,-41.18062,338.88,0.33,0.56,2026-05-21,1658,N20,VIIRS,n,2.0NRT,297.96,3.54,D
-15.10343,-40.58857,326.29,0.37,0.58,2026-05-21,1658,N20,VIIRS,n,2.0NRT,294.18,1.82,D
-15.10015,-40.54537,328.35,0.37,0.58,2026-05-21,1658,N20,VIIRS,n,2.0NRT,293.69,2.76,D
-15.09959,-40.58953,326.82,0.37,0.58,2026-05-21,1658,N20,VIIRS,n,2.0NRT,294.0,1.76,D
-15.06151,-40.9768,340.92,0.35,0.56,2026-05-21,1658,N20,VIIRS,n,2.0NRT,297.13,4.12,D
-15.04859,-48.05884,334.04,0.41,0.37,2026-05-21,1658,N20,VIIRS,n,2.0NRT,299.21,2.9,D
-14.91222,-39.54747,343.08,0.43,0.62,2026-05-21,1658,N20,VIIRS,n,2.0NRT,297.2,6.51,D
-14.91005,-39.54712,352.5,0.43,0.62,2026-05-21,1658,N20,VIIRS,n,2.0NRT,296.81,7.48,D
-14.90052,-47.75439,345.76,0.42,0.38,2026-05-21,1658,N20,VIIRS,n,2.0NRT,302.02,16.02,D
-14.80813,-47.61578,334.43,0.43,0.38,2026-05-21,1658,N20,VIIRS,n,2.0NRT,301.15,2.78,D
-14.80338,-40.46906,346.84,0.38,0.59,2026-05-21,1658,N20,VIIRS,n,2.0NRT,297.12,5.84,D
-14.80261,-40.46518,331.84,0.38,0.59,2026-05-21,1658,N20,VIIRS,n,2.0NRT,295.04,5.32,D
-14.77683,-42.24935,340.68,0.58,0.52,2026-05-21,1658,N20,VIIRS,n,2.0NRT,303.37,5.53,D
-14.77679,-42.24755,345.84,0.58,0.52,2026-05-21,1658,N20,VIIRS,n,2.0NRT,303.36,7.97,D
-14.74645,-43.95974,338.43,0.45,0.47,2026-05-21,1658,N20,VIIRS,n,2.0NRT,306.01,6.52,D
-14.7457,-43.95558,341.38,0.45,0.47,2026-05-21,1658,N20,VIIRS,n,2.0NRT,305.42,7.36,D
-14.64353,-48.02647,340.42,0.42,0.37,2026-05-21,1658,N20,VIIRS,n,2.0NRT,301.11,7.65,D
-14.64008,-48.02698,342.92,0.42,0.37,2026-05-21,1658,N20,VIIRS,n,2.0NRT,302.4,7.65,D
-14.62855,-48.02121,333.14,0.42,0.37,2026-05-21,1658,N20,VIIRS,n,2.0NRT,301.2,3.75,D
-14.49164,-39.69621,327.09,0.43,0.62,2026-05-21,1658,N20,VIIRS,n,2.0NRT,294.84,3.62,D
-14.40457,-42.10543,340.57,0.6,0.53,2026-05-21,1658,N20,VIIRS,n,2.0NRT,302.35,7.8,D
-14.33055,-41.58486,344.96,0.33,0.55,2026-05-21,1658,N20,VIIRS,n,2.0NRT,297.11,8.73,D
-14.32723,-41.58805,342.65,0.33,0.55,2026-05-21,1658,N20,VIIRS,n,2.0NRT,299.75,8.91,D
-14.3266,-41.58475,367.0,0.33,0.55,2026-05-21,1658,N20,VIIRS,h,2.0NRT,298.18,8.91,D
-14.32549,-41.58574,367.0,0.33,0.55,2026-05-21,1658,N20,VIIRS,h,2.0NRT,299.59,8.73,D
-14.29919,-54.60865,329.66,0.53,0.42,2026-05-21,1658,N20,VIIRS,n,2.0NRT,297.21,6.89,D
-14.29853,-54.60373,333.9,0.53,0.42,2026-05-21,1658,N20,VIIRS,n,2.0NRT,297.58,6.89,D
-14.26979,-46.36946,331.34,0.5,0.41,2026-05-21,1658,N20,VIIRS,n,2.0NRT,299.83,7.83,D
-14.25806,-43.2465,342.19,0.51,0.49,2026-05-21,1658,N20,VIIRS,n,2.0NRT,307.07,7.79,D
-14.24147,-53.25255,330.32,0.45,0.39,2026-05-21,1658,N20,VIIRS,n,2.0NRT,296.99,2.5,D
-14.23625,-52.01508,336.68,0.41,0.37,2026-05-21,1658,N20,VIIRS,n,2.0NRT,294.69,5.51,D
-14.22538,-50.98555,332.14,0.39,0.36,2026-05-21,1658,N20,VIIRS,n,2.0NRT,302.09,8.29,D
-14.22484,-50.98196,337.7,0.39,0.36,2026-05-21,1658,N20,VIIRS,n,2.0NRT,301.11,8.38,D
-14.21739,-54.59731,336.14,0.53,0.42,2026-05-21,1658,N20,VIIRS,n,2.0NRT,295.35,3.91,D
-14.18662,-52.88747,344.83,0.44,0.38,2026-05-21,1658,N20,VIIRS,n,2.0NRT,301.98,10.55,D
-14.18605,-52.88344,335.43,0.44,0.38,2026-05-21,1658,N20,VIIRS,n,2.0NRT,298.35,10.55,D
-14.18311,-52.888,346.44,0.44,0.38,2026-05-21,1658,N20,VIIRS,n,2.0NRT,301.01,10.55,D
-14.18254,-52.88397,334.26,0.44,0.38,2026-05-21,1658,N20,VIIRS,n,2.0NRT,298.23,10.55,D
-14.17459,-45.33131,342.4,0.57,0.43,2026-05-21,1658,N20,VIIRS,n,2.0NRT,306.29,5.98,D
-14.17064,-45.33205,356.02,0.57,0.43,2026-05-21,1658,N20,VIIRS,n,2.0NRT,306.21,14.21,D
-14.16971,-45.32679,337.66,0.57,0.43,2026-05-21,1658,N20,VIIRS,n,2.0NRT,305.84,7.65,D
-14.15146,-52.89272,346.58,0.44,0.38,2026-05-21,1658,N20,VIIRS,n,2.0NRT,301.52,9.1,D
-14.15071,-52.89195,340.84,0.44,0.38,2026-05-21,1658,N20,VIIRS,n,2.0NRT,301.86,7.73,D
-14.08025,-42.11273,346.96,0.61,0.53,2026-05-21,1658,N20,VIIRS,n,2.0NRT,304.47,13.21,D
-14.0712,-46.63752,333.33,0.48,0.4,2026-05-21,1658,N20,VIIRS,n,2.0NRT,302.34,7.06,D
-13.81871,-47.11835,336.05,0.46,0.39,2026-05-21,1658,N20,VIIRS,n,2.0NRT,302.39,3.48,D
-13.80428,-49.51613,336.12,0.39,0.36,2026-05-21,1658,N20,VIIRS,n,2.0NRT,306.97,4.38,D
-13.80095,-49.51667,341.06,0.39,0.36,2026-05-21,1658,N20,VIIRS,n,2.0NRT,305.52,4.61,D
-13.76368,-51.91517,333.72,0.4,0.37,2026-05-21,1658,N20,VIIRS,n,2.0NRT,298.25,6.74,D
-13.68317,-52.59015,335.55,0.42,0.38,2026-05-21,1658,N20,VIIRS,n,2.0NRT,301.45,13.16,D
-13.68262,-52.58628,349.81,0.42,0.38,2026-05-21,1658,N20,VIIRS,n,2.0NRT,302.89,13.16,D
-13.67971,-52.59066,344.15,0.42,0.38,2026-05-21,1658,N20,VIIRS,n,2.0NRT,297.89,13.16,D
-13.67751,-52.91175,330.2,0.43,0.38,2026-05-21,1658,N20,VIIRS,l,2.0NRT,304.88,6.49,D
-13.43858,-40.918,367.0,0.37,0.58,2026-05-21,1658,N20,VIIRS,h,2.0NRT,298.79,6.6,D
-13.43545,-40.91755,340.94,0.38,0.58,2026-05-21,1658,N20,VIIRS,n,2.0NRT,297.44,8.48,D
-13.26614,-42.77124,340.73,0.57,0.52,2026-05-21,1658,N20,VIIRS,n,2.0NRT,298.04,30.33,D
-12.99157,-54.68369,334.31,0.52,0.41,2026-05-21,1658,N20,VIIRS,n,2.0NRT,297.31,6.25,D
-12.99094,-54.67896,328.67,0.52,0.41,2026-05-21,1658,N20,VIIRS,n,2.0NRT,294.46,7.29,D
-12.98833,-54.68289,345.43,0.52,0.41,2026-05-21,1658,N20,VIIRS,n,2.0NRT,301.17,7.94,D
-12.88979,-47.23962,344.45,0.47,0.4,2026-05-21,1658,N20,VIIRS,n,2.0NRT,302.56,50.47,D
-12.88689,-58.17155,344.02,0.57,0.52,2026-05-21,1658,N20,VIIRS,n,2.0NRT,281.82,12.8,D
-12.88622,-58.16623,343.94,0.57,0.52,2026-05-21,1658,N20,VIIRS,n,2.0NRT,280.3,12.43,D
-12.88546,-47.23598,332.71,0.47,0.4,2026-05-21,1658,N20,VIIRS,n,2.0NRT,302.27,31.45,D
-12.68895,-54.5825,331.23,0.51,0.41,2026-05-21,1658,N20,VIIRS,n,2.0NRT,296.56,6.96,D
-12.68518,-54.58304,333.81,0.51,0.41,2026-05-21,1658,N20,VIIRS,n,2.0NRT,296.34,7.03,D
-12.60153,-44.51496,346.95,0.45,0.47,2026-05-21,1658,N20,VIIRS,n,2.0NRT,307.96,11.15,D
-12.60078,-44.51084,352.75,0.45,0.47,2026-05-21,1658,N20,VIIRS,n,2.0NRT,307.12,79.5,D
-12.59873,-44.51461,349.66,0.45,0.47,2026-05-21,1658,N20,VIIRS,n,2.0NRT,309.79,36.04,D
-12.5973,-44.50635,343.27,0.45,0.47,2026-05-21,1658,N20,VIIRS,n,2.0NRT,300.58,69.06,D
-12.59724,-44.5157,342.77,0.45,0.47,2026-05-21,1658,N20,VIIRS,n,2.0NRT,304.8,11.15,D
-12.59575,-44.50746,343.27,0.45,0.47,2026-05-21,1658,N20,VIIRS,n,2.0NRT,305.82,79.5,D
-12.59373,-44.51123,350.3,0.45,0.47,2026-05-21,1658,N20,VIIRS,n,2.0NRT,307.35,69.06,D
-12.55831,-54.61618,329.77,0.51,0.41,2026-05-21,1658,N20,VIIRS,n,2.0NRT,299.58,5.6,D
-12.55821,-54.61329,328.95,0.51,0.41,2026-05-21,1658,N20,VIIRS,n,2.0NRT,296.71,9.09,D
-12.55544,-48.36334,332.25,0.42,0.38,2026-05-21,1658,N20,VIIRS,l,2.0NRT,302.75,3.34,D
-12.53935,-47.18507,340.2,0.47,0.4,2026-05-21,1658,N20,VIIRS,n,2.0NRT,304.78,7.16,D
-12.53716,-47.19434,337.54,0.47,0.4,2026-05-21,1658,N20,VIIRS,n,2.0NRT,304.54,3.88,D
-12.43182,-47.91269,331.71,0.44,0.38,2026-05-21,1658,N20,VIIRS,n,2.0NRT,298.52,1.81,D
-12.43115,-47.90863,332.79,0.44,0.38,2026-05-21,1658,N20,VIIRS,n,2.0NRT,300.22,3.09,D
-12.42919,-46.67246,340.19,0.51,0.41,2026-05-21,1658,N20,VIIRS,n,2.0NRT,312.09,5.85,D
-12.42606,-46.67438,337.74,0.51,0.41,2026-05-21,1658,N20,VIIRS,l,2.0NRT,311.92,8.1,D
-12.42543,-46.6731,347.02,0.51,0.41,2026-05-21,1658,N20,VIIRS,n,2.0NRT,311.59,5.85,D
-12.42527,-46.66976,338.24,0.51,0.41,2026-05-21,1658,N20,VIIRS,l,2.0NRT,310.62,7.79,D
-12.41347,-48.72452,337.63,0.41,0.37,2026-05-21,1658,N20,VIIRS,l,2.0NRT,309.25,3.78,D
-12.39882,-53.15378,335.82,0.43,0.38,2026-05-21,1658,N20,VIIRS,n,2.0NRT,300.49,7.72,D
-12.39646,-53.16221,334.76,0.43,0.38,2026-05-21,1658,N20,VIIRS,n,2.0NRT,293.72,5.14,D
-12.39532,-53.1543,336.61,0.43,0.38,2026-05-21,1658,N20,VIIRS,n,2.0NRT,300.9,7.72,D
-12.39296,-53.16273,336.73,0.43,0.38,2026-05-21,1658,N20,VIIRS,n,2.0NRT,295.67,4.67,D
-12.3889,-53.15929,343.44,0.43,0.38,2026-05-21,1658,N20,VIIRS,n,2.0NRT,295.83,4.67,D
-12.38211,-50.04136,345.77,0.39,0.36,2026-05-21,1658,N20,VIIRS,n,2.0NRT,303.18,4.9,D
-12.38156,-50.03781,337.6,0.39,0.36,2026-05-21,1658,N20,VIIRS,n,2.0NRT,307.02,4.9,D
-12.37824,-50.03835,344.25,0.39,0.36,2026-05-21,1658,N20,VIIRS,n,2.0NRT,305.49,4.9,D
-12.23586,-44.24804,334.29,0.47,0.48,2026-05-21,1658,N20,VIIRS,n,2.0NRT,299.85,4.36,D
-12.23149,-44.24885,337.18,0.47,0.48,2026-05-21,1658,N20,VIIRS,n,2.0NRT,301.13,4.36,D
-12.14625,-54.64644,333.83,0.5,0.41,2026-05-21,1658,N20,VIIRS,n,2.0NRT,296.37,6.13,D
-12.13304,-48.24005,336.7,0.43,0.38,2026-05-21,1658,N20,VIIRS,n,2.0NRT,307.0,8.14,D
-12.08345,-48.19941,342.4,0.43,0.38,2026-05-21,1658,N20,VIIRS,n,2.0NRT,310.31,12.61,D
-12.07995,-48.2,345.01,0.43,0.38,2026-05-21,1658,N20,VIIRS,n,2.0NRT,305.05,12.61,D
-12.07185,-45.28748,335.17,0.41,0.45,2026-05-21,1658,N20,VIIRS,n,2.0NRT,300.47,59.7,D
-12.0684,-45.29202,333.74,0.41,0.45,2026-05-21,1658,N20,VIIRS,n,2.0NRT,296.59,15.57,D
-12.06602,-47.33702,346.43,0.47,0.4,2026-05-21,1658,N20,VIIRS,n,2.0NRT,307.25,8.36,D
-12.06365,-45.28903,354.94,0.41,0.45,2026-05-21,1658,N20,VIIRS,n,2.0NRT,316.43,21.45,D
-12.05955,-45.28978,337.87,0.41,0.45,2026-05-21,1658,N20,VIIRS,l,2.0NRT,311.85,21.45,D
-11.99797,-47.7647,344.52,0.45,0.39,2026-05-21,1658,N20,VIIRS,n,2.0NRT,310.25,9.13,D
-11.9944,-47.7653,340.9,0.45,0.39,2026-05-21,1658,N20,VIIRS,n,2.0NRT,309.64,9.13,D
-11.99059,-49.61925,338.93,0.39,0.36,2026-05-21,1658,N20,VIIRS,n,2.0NRT,309.73,3.36,D
-11.98452,-47.52571,332.73,0.46,0.39,2026-05-21,1658,N20,VIIRS,l,2.0NRT,303.94,2.37,D
-11.97809,-47.37281,352.6,0.47,0.4,2026-05-21,1658,N20,VIIRS,n,2.0NRT,307.29,8.84,D
-11.97445,-47.37342,354.42,0.47,0.4,2026-05-21,1658,N20,VIIRS,n,2.0NRT,308.83,8.84,D
-11.97374,-47.36911,334.7,0.47,0.4,2026-05-21,1658,N20,VIIRS,l,2.0NRT,307.14,8.84,D
-11.95757,-43.38815,335.16,0.55,0.51,2026-05-21,1658,N20,VIIRS,l,2.0NRT,308.15,8.72,D
-11.94764,-41.29292,331.34,0.38,0.59,2026-05-21,1658,N20,VIIRS,n,2.0NRT,296.58,4.56,D
-11.89806,-44.85586,341.91,0.44,0.46,2026-05-21,1658,N20,VIIRS,n,2.0NRT,299.49,4.61,D
-11.89739,-44.85592,340.78,0.44,0.46,2026-05-21,1658,N20,VIIRS,n,2.0NRT,299.42,3.37,D
-11.81081,-52.522,336.83,0.41,0.37,2026-05-21,1658,N20,VIIRS,n,2.0NRT,306.62,10.14,D
-11.80687,-52.51881,335.64,0.41,0.37,2026-05-21,1658,N20,VIIRS,l,2.0NRT,308.57,3.72,D
-11.80347,-52.51932,329.31,0.41,0.37,2026-05-21,1658,N20,VIIRS,l,2.0NRT,300.23,3.72,D
-11.74274,-44.52571,342.16,0.46,0.47,2026-05-21,1658,N20,VIIRS,n,2.0NRT,299.91,6.5,D
-11.74001,-54.80593,336.31,0.51,0.41,2026-05-21,1658,N20,VIIRS,n,2.0NRT,300.48,9.48,D
-11.73624,-54.80645,329.3,0.51,0.41,2026-05-21,1658,N20,VIIRS,l,2.0NRT,300.89,9.66,D
-11.73496,-54.79714,335.51,0.51,0.41,2026-05-21,1658,N20,VIIRS,n,2.0NRT,299.82,7.75,D
-11.71192,-47.80717,344.91,0.45,0.39,2026-05-21,1658,N20,VIIRS,n,2.0NRT,309.38,6.89,D
-11.7041,-44.159,345.82,0.49,0.49,2026-05-21,1658,N20,VIIRS,n,2.0NRT,304.39,8.47,D
-11.69964,-44.15979,341.09,0.49,0.49,2026-05-21,1658,N20,VIIRS,n,2.0NRT,302.02,8.47,D
-11.68509,-44.8601,336.81,0.44,0.46,2026-05-21,1658,N20,VIIRS,n,2.0NRT,297.56,4.34,D
-11.65865,-54.53257,338.97,0.49,0.4,2026-05-21,1658,N20,VIIRS,n,2.0NRT,298.32,5.25,D
-11.62116,-45.19126,339.61,0.42,0.45,2026-05-21,1658,N20,VIIRS,n,2.0NRT,309.14,13.58,D
-11.59904,-47.11843,338.06,0.49,0.4,2026-05-21,1658,N20,VIIRS,l,2.0NRT,310.88,10.74,D
-11.57086,-47.83425,339.51,0.45,0.39,2026-05-21,1658,N20,VIIRS,n,2.0NRT,304.33,5.67,D
-11.45089,-54.09516,334.7,0.46,0.39,2026-05-21,1658,N20,VIIRS,l,2.0NRT,305.86,6.64,D
-11.44667,-54.09143,342.35,0.46,0.39,2026-05-21,1658,N20,VIIRS,n,2.0NRT,305.76,6.64,D
-11.43456,-42.24058,367.0,0.33,0.55,2026-05-21,1658,N20,VIIRS,h,2.0NRT,302.47,5.57,D
-11.434,-42.23756,334.13,0.33,0.55,2026-05-21,1658,N20,VIIRS,n,2.0NRT,299.05,5.57,D
-11.36787,-47.49057,330.21,0.47,0.4,2026-05-21,1658,N20,VIIRS,l,2.0NRT,301.9,4.45,D
-11.36522,-47.49601,342.32,0.47,0.4,2026-05-21,1658,N20,VIIRS,n,2.0NRT,306.2,8.4,D
-11.36493,-47.49557,342.56,0.47,0.4,2026-05-21,1658,N20,VIIRS,n,2.0NRT,306.97,8.08,D
-11.36449,-47.49166,343.58,0.47,0.4,2026-05-21,1658,N20,VIIRS,n,2.0NRT,308.48,6.24,D
-11.36423,-47.49121,337.44,0.47,0.4,2026-05-21,1658,N20,VIIRS,l,2.0NRT,307.95,4.45,D
-11.36376,-47.4873,332.21,0.47,0.4,2026-05-21,1658,N20,VIIRS,l,2.0NRT,305.61,6.24,D
-11.34385,-53.97363,338.36,0.46,0.39,2026-05-21,1658,N20,VIIRS,n,2.0NRT,299.43,6.58,D
-11.34325,-53.96949,345.36,0.46,0.39,2026-05-21,1658,N20,VIIRS,n,2.0NRT,297.82,6.58,D
-11.34206,-53.96118,327.63,0.46,0.39,2026-05-21,1658,N20,VIIRS,n,2.0NRT,295.83,1.85,D
-11.33966,-53.96997,334.35,0.46,0.39,2026-05-21,1658,N20,VIIRS,n,2.0NRT,298.36,7.63,D
-11.33847,-53.96169,335.76,0.46,0.39,2026-05-21,1658,N20,VIIRS,n,2.0NRT,298.18,4.98,D
-11.33547,-53.96633,340.46,0.46,0.39,2026-05-21,1658,N20,VIIRS,n,2.0NRT,300.96,4.98,D
-11.3307,-53.95853,335.53,0.46,0.39,2026-05-21,1658,N20,VIIRS,n,2.0NRT,301.64,6.22,D
-11.32833,-53.94194,329.95,0.45,0.39,2026-05-21,1658,N20,VIIRS,n,2.0NRT,298.88,2.86,D
-11.29078,-48.24785,332.37,0.44,0.38,2026-05-21,1658,N20,VIIRS,l,2.0NRT,303.06,10.13,D
-11.28051,-53.96593,330.54,0.46,0.39,2026-05-21,1658,N20,VIIRS,l,2.0NRT,302.12,4.68,D
-11.27987,-49.46474,345.01,0.4,0.37,2026-05-21,1658,N20,VIIRS,n,2.0NRT,315.28,43.93,D
-11.27929,-49.46109,343.14,0.4,0.37,2026-05-21,1658,N20,VIIRS,n,2.0NRT,312.42,43.93,D
-11.2765,-49.46527,367.0,0.4,0.37,2026-05-21,1658,N20,VIIRS,h,2.0NRT,330.48,43.93,D
-11.27592,-49.46162,343.27,0.4,0.37,2026-05-21,1658,N20,VIIRS,n,2.0NRT,315.82,43.93,D
-11.27534,-49.45797,341.5,0.4,0.37,2026-05-21,1658,N20,VIIRS,l,2.0NRT,314.5,6.83,D
-11.27476,-49.45432,348.25,0.4,0.37,2026-05-21,1658,N20,VIIRS,n,2.0NRT,313.21,6.83,D
-11.27197,-49.45851,345.01,0.4,0.37,2026-05-21,1658,N20,VIIRS,n,2.0NRT,313.8,5.11,D
-11.27139,-49.45485,340.65,0.4,0.37,2026-05-21,1658,N20,VIIRS,n,2.0NRT,310.3,5.11,D
-11.20366,-51.07482,338.65,0.38,0.36,2026-05-21,1658,N20,VIIRS,n,2.0NRT,303.58,4.23,D
-11.20035,-51.07533,346.09,0.38,0.36,2026-05-21,1658,N20,VIIRS,n,2.0NRT,302.82,4.23,D
-11.19928,-51.06832,331.75,0.38,0.36,2026-05-21,1658,N20,VIIRS,n,2.0NRT,301.55,4.24,D
-11.15183,-48.10862,348.63,0.45,0.39,2026-05-21,1658,N20,VIIRS,n,2.0NRT,308.14,23.31,D
-11.14895,-48.11327,339.62,0.45,0.39,2026-05-21,1658,N20,VIIRS,n,2.0NRT,304.75,9.52,D
-11.14828,-48.1092,348.68,0.45,0.39,2026-05-21,1658,N20,VIIRS,n,2.0NRT,306.98,17.02,D
-11.14428,-49.63326,331.09,0.4,0.37,2026-05-21,1658,N20,VIIRS,l,2.0NRT,304.46,2.02,D
-11.14408,-46.60345,334.53,0.53,0.42,2026-05-21,1658,N20,VIIRS,l,2.0NRT,307.11,8.93,D
-11.12399,-46.68479,340.31,0.53,0.42,2026-05-21,1658,N20,VIIRS,l,2.0NRT,312.91,10.1,D
-11.12199,-46.68196,337.07,0.53,0.42,2026-05-21,1658,N20,VIIRS,l,2.0NRT,308.51,6.71,D
-11.08923,-46.7591,344.09,0.52,0.42,2026-05-21,1658,N20,VIIRS,n,2.0NRT,306.74,19.33,D
-11.08845,-46.75439,338.14,0.52,0.42,2026-05-21,1658,N20,VIIRS,n,2.0NRT,307.36,5.34,D
-11.08766,-46.74971,342.12,0.52,0.42,2026-05-21,1658,N20,VIIRS,n,2.0NRT,303.53,5.34,D
-11.08464,-46.75507,343.03,0.52,0.42,2026-05-21,1658,N20,VIIRS,n,2.0NRT,305.71,7.64,D
-11.08386,-46.75038,340.82,0.52,0.42,2026-05-21,1658,N20,VIIRS,n,2.0NRT,309.44,7.64,D
-11.07782,-46.7611,342.44,0.52,0.42,2026-05-21,1658,N20,VIIRS,n,2.0NRT,300.37,35.93,D
-11.07205,-46.70338,349.0,0.53,0.42,2026-05-21,1658,N20,VIIRS,n,2.0NRT,309.18,19.64,D
-11.06822,-46.70398,345.11,0.53,0.42,2026-05-21,1658,N20,VIIRS,n,2.0NRT,306.75,17.26,D
-11.06138,-46.71006,347.16,0.53,0.42,2026-05-21,1658,N20,VIIRS,n,2.0NRT,308.08,9.3,D
-11.04796,-46.74675,344.28,0.52,0.42,2026-05-21,1658,N20,VIIRS,n,2.0NRT,304.24,12.61,D
-11.04332,-46.74255,343.75,0.52,0.42,2026-05-21,1658,N20,VIIRS,n,2.0NRT,308.91,8.56,D
-11.04102,-48.93241,333.02,0.42,0.37,2026-05-21,1658,N20,VIIRS,l,2.0NRT,304.05,5.25,D
-11.02727,-48.93457,334.83,0.42,0.37,2026-05-21,1658,N20,VIIRS,n,2.0NRT,300.55,15.16,D
-11.02323,-48.93132,331.56,0.42,0.37,2026-05-21,1658,N20,VIIRS,n,2.0NRT,299.67,15.16,D
-10.97633,-49.43225,333.61,0.4,0.37,2026-05-21,1658,N20,VIIRS,l,2.0NRT,306.13,5.85,D
-10.91417,-48.64951,342.51,0.43,0.38,2026-05-21,1658,N20,VIIRS,n,2.0NRT,302.1,10.35,D
-10.87157,-53.75122,335.77,0.44,0.38,2026-05-21,1658,N20,VIIRS,n,2.0NRT,304.35,3.47,D
-10.86008,-49.66835,341.45,0.4,0.37,2026-05-21,1658,N20,VIIRS,n,2.0NRT,305.29,3.63,D
-10.85672,-49.66889,351.43,0.4,0.37,2026-05-21,1658,N20,VIIRS,n,2.0NRT,312.49,16.62,D
-10.85614,-49.66526,333.83,0.4,0.37,2026-05-21,1658,N20,VIIRS,l,2.0NRT,304.71,16.62,D
-10.82359,-49.24129,342.1,0.41,0.37,2026-05-21,1658,N20,VIIRS,n,2.0NRT,312.0,7.3,D
-10.79043,-49.93826,349.94,0.39,0.36,2026-05-21,1658,N20,VIIRS,n,2.0NRT,304.47,10.32,D
-10.78987,-49.93468,335.42,0.39,0.36,2026-05-21,1658,N20,VIIRS,n,2.0NRT,304.74,10.32,D
-10.78709,-49.93879,346.61,0.39,0.36,2026-05-21,1658,N20,VIIRS,n,2.0NRT,304.21,10.32,D
-10.78652,-49.93521,338.51,0.39,0.36,2026-05-21,1658,N20,VIIRS,n,2.0NRT,306.83,10.32,D
-10.76852,-46.64913,331.94,0.53,0.42,2026-05-21,1658,N20,VIIRS,l,2.0NRT,305.48,5.52,D
-10.76706,-46.66417,352.43,0.53,0.42,2026-05-21,1658,N20,VIIRS,n,2.0NRT,302.18,10.96,D
-10.76546,-46.65455,351.05,0.53,0.42,2026-05-21,1658,N20,VIIRS,n,2.0NRT,302.97,12.72,D
-10.75545,-49.78167,343.06,0.4,0.37,2026-05-21,1658,N20,VIIRS,n,2.0NRT,305.21,8.44,D
-10.75488,-49.77806,334.11,0.4,0.37,2026-05-21,1658,N20,VIIRS,n,2.0NRT,303.64,8.44,D
-10.75321,-49.77947,348.06,0.4,0.37,2026-05-21,1658,N20,VIIRS,n,2.0NRT,308.45,35.82,D
-10.74929,-49.7764,347.3,0.4,0.37,2026-05-21,1658,N20,VIIRS,n,2.0NRT,308.71,9.0,D
-10.74817,-49.76917,336.03,0.4,0.37,2026-05-21,1658,N20,VIIRS,l,2.0NRT,308.02,7.62,D
-10.74593,-49.77693,356.17,0.4,0.37,2026-05-21,1658,N20,VIIRS,n,2.0NRT,305.62,17.22,D
-10.74537,-49.77332,350.08,0.4,0.37,2026-05-21,1658,N20,VIIRS,n,2.0NRT,311.46,17.22,D
-10.74258,-49.77747,346.19,0.4,0.37,2026-05-21,1658,N20,VIIRS,n,2.0NRT,308.65,17.22,D
-10.74201,-49.77386,346.44,0.4,0.37,2026-05-21,1658,N20,VIIRS,n,2.0NRT,309.57,17.22,D
-10.73922,-49.77801,349.43,0.4,0.37,2026-05-21,1658,N20,VIIRS,n,2.0NRT,310.49,12.25,D
-10.73856,-46.75334,333.21,0.53,0.42,2026-05-21,1658,N20,VIIRS,l,2.0NRT,305.36,4.26,D
-10.72478,-49.54461,336.25,0.4,0.37,2026-05-21,1658,N20,VIIRS,n,2.0NRT,305.79,4.28,D
-10.72198,-49.54881,332.02,0.4,0.37,2026-05-21,1658,N20,VIIRS,n,2.0NRT,305.47,16.97,D
-10.72183,-49.75485,331.41,0.4,0.37,2026-05-21,1658,N20,VIIRS,l,2.0NRT,304.13,7.19,D
-10.7214,-49.54514,340.14,0.4,0.37,2026-05-21,1658,N20,VIIRS,n,2.0NRT,306.78,16.97,D
-10.72127,-49.75123,346.46,0.4,0.37,2026-05-21,1658,N20,VIIRS,n,2.0NRT,306.46,13.23,D
-10.71791,-49.75176,350.25,0.4,0.37,2026-05-21,1658,N20,VIIRS,n,2.0NRT,309.01,13.23,D
-10.69158,-40.34464,329.16,0.46,0.64,2026-05-21,1658,N20,VIIRS,n,2.0NRT,294.19,3.02,D
-10.67127,-48.24884,330.85,0.45,0.39,2026-05-21,1658,N20,VIIRS,l,2.0NRT,301.52,9.09,D
-10.66773,-48.24942,348.29,0.45,0.39,2026-05-21,1658,N20,VIIRS,n,2.0NRT,301.27,9.09,D
-10.66352,-48.24593,335.03,0.45,0.39,2026-05-21,1658,N20,VIIRS,n,2.0NRT,304.01,28.15,D
-10.65771,-42.29414,352.98,0.34,0.56,2026-05-21,1658,N20,VIIRS,n,2.0NRT,300.97,17.3,D
-10.65258,-42.29508,350.39,0.34,0.56,2026-05-21,1658,N20,VIIRS,n,2.0NRT,307.82,17.3,D
-10.65201,-42.29197,367.0,0.34,0.56,2026-05-21,1658,N20,VIIRS,h,2.0NRT,302.18,24.78,D
-10.64744,-42.29601,351.79,0.34,0.56,2026-05-21,1658,N20,VIIRS,n,2.0NRT,307.4,15.91,D
-10.64687,-42.29291,367.0,0.34,0.56,2026-05-21,1658,N20,VIIRS,h,2.0NRT,306.26,20.94,D
-10.6423,-42.29696,355.34,0.34,0.56,2026-05-21,1658,N20,VIIRS,n,2.0NRT,300.89,15.91,D
-10.64173,-42.29384,367.0,0.34,0.56,2026-05-21,1658,N20,VIIRS,h,2.0NRT,303.0,20.94,D
-10.59731,-53.47606,341.69,0.43,0.38,2026-05-21,1658,N20,VIIRS,n,2.0NRT,302.11,3.59,D
-10.59413,-49.89734,337.08,0.39,0.37,2026-05-21,1658,N20,VIIRS,n,2.0NRT,303.95,7.42,D
-10.59383,-53.47659,328.88,0.43,0.38,2026-05-21,1658,N20,VIIRS,l,2.0NRT,300.78,3.59,D
-10.54861,-49.92723,343.29,0.39,0.37,2026-05-21,1658,N20,VIIRS,n,2.0NRT,308.22,9.63,D
-10.54685,-49.77182,330.38,0.4,0.37,2026-05-21,1658,N20,VIIRS,l,2.0NRT,304.39,3.78,D
-10.54127,-49.78012,347.02,0.4,0.37,2026-05-21,1658,N20,VIIRS,n,2.0NRT,305.35,12.73,D
-10.5407,-49.7765,347.86,0.4,0.37,2026-05-21,1658,N20,VIIRS,n,2.0NRT,300.78,12.73,D
-10.49535,-49.35981,342.99,0.41,0.37,2026-05-21,1658,N20,VIIRS,n,2.0NRT,312.63,15.99,D
-10.49195,-49.36037,355.25,0.41,0.37,2026-05-21,1658,N20,VIIRS,n,2.0NRT,318.19,15.99,D
-10.49136,-49.35666,332.4,0.41,0.37,2026-05-21,1658,N20,VIIRS,n,2.0NRT,302.83,15.99,D
-10.48914,-49.36463,343.39,0.41,0.37,2026-05-21,1658,N20,VIIRS,l,2.0NRT,314.75,11.02,D
-10.48888,-42.49811,343.29,0.33,0.55,2026-05-21,1658,N20,VIIRS,n,2.0NRT,306.45,8.78,D
-10.48855,-49.36093,345.49,0.41,0.37,2026-05-21,1658,N20,VIIRS,n,2.0NRT,314.37,6.59,D
-10.48834,-42.49509,367.0,0.33,0.55,2026-05-21,1658,N20,VIIRS,h,2.0NRT,306.52,8.78,D
-10.48796,-49.35722,346.9,0.41,0.37,2026-05-21,1658,N20,VIIRS,n,2.0NRT,307.59,6.59,D
-10.48699,-42.4985,335.07,0.33,0.55,2026-05-21,1658,N20,VIIRS,n,2.0NRT,305.26,9.73,D
-10.48642,-42.49548,367.0,0.33,0.55,2026-05-21,1658,N20,VIIRS,h,2.0NRT,304.59,15.76,D
-10.48515,-49.36147,337.18,0.41,0.37,2026-05-21,1658,N20,VIIRS,l,2.0NRT,311.15,6.59,D
-10.47177,-46.46095,346.28,0.55,0.43,2026-05-21,1658,N20,VIIRS,n,2.0NRT,306.79,47.43,D
-10.41168,-44.70056,354.91,0.48,0.48,2026-05-21,1658,N20,VIIRS,n,2.0NRT,301.08,8.22,D
-10.4001,-49.44376,339.5,0.41,0.37,2026-05-21,1658,N20,VIIRS,n,2.0NRT,313.75,7.7,D
-10.39729,-49.44798,335.96,0.41,0.37,2026-05-21,1658,N20,VIIRS,l,2.0NRT,309.86,4.4,D
-10.3803,-51.1938,330.21,0.38,0.36,2026-05-21,1658,N20,VIIRS,l,2.0NRT,302.59,3.24,D
-10.37971,-52.54212,333.98,0.4,0.37,2026-05-21,1658,N20,VIIRS,n,2.0NRT,302.75,4.14,D
-10.37256,-49.60639,340.72,0.4,0.37,2026-05-21,1658,N20,VIIRS,l,2.0NRT,311.13,9.65,D
-10.3711,-40.42266,334.94,0.46,0.64,2026-05-21,1658,N20,VIIRS,n,2.0NRT,299.09,47.82,D
-10.37026,-40.41829,367.0,0.46,0.64,2026-05-21,1658,N20,VIIRS,h,2.0NRT,296.45,58.41,D
-10.33126,-44.7313,347.56,0.48,0.48,2026-05-21,1658,N20,VIIRS,n,2.0NRT,299.13,6.6,D
-10.20918,-48.43859,338.62,0.44,0.38,2026-05-21,1658,N20,VIIRS,l,2.0NRT,309.2,8.67,D
-10.12714,-47.91983,339.49,0.47,0.39,2026-05-21,1658,N20,VIIRS,l,2.0NRT,312.76,10.44,D
-10.12642,-47.91553,343.04,0.47,0.39,2026-05-21,1658,N20,VIIRS,n,2.0NRT,311.69,9.03,D
-10.12605,-47.91888,341.59,0.47,0.4,2026-05-21,1658,N20,VIIRS,n,2.0NRT,312.54,11.36,D
-10.12536,-47.91457,339.48,0.47,0.4,2026-05-21,1658,N20,VIIRS,n,2.0NRT,308.84,5.57,D
-10.02555,-46.67635,341.33,0.55,0.42,2026-05-21,1658,N20,VIIRS,n,2.0NRT,304.96,10.75,D
-9.9444,-48.01754,330.39,0.46,0.39,2026-05-21,1658,N20,VIIRS,n,2.0NRT,299.81,1.98,D
-9.93507,-48.00597,351.34,0.46,0.39,2026-05-21,1658,N20,VIIRS,n,2.0NRT,304.43,11.68,D
-9.93216,-48.01081,338.79,0.46,0.39,2026-05-21,1658,N20,VIIRS,n,2.0NRT,298.08,6.55,D
-9.74232,-47.03511,332.6,0.53,0.42,2026-05-21,1658,N20,VIIRS,n,2.0NRT,301.31,8.17,D
-9.74086,-47.05011,338.59,0.52,0.42,2026-05-21,1658,N20,VIIRS,n,2.0NRT,304.78,36.45,D
-9.73782,-47.05548,339.4,0.52,0.42,2026-05-21,1658,N20,VIIRS,n,2.0NRT,306.69,32.17,D
-9.73771,-47.03101,346.64,0.53,0.42,2026-05-21,1658,N20,VIIRS,n,2.0NRT,305.08,8.17,D
-9.73704,-47.05074,352.65,0.52,0.42,2026-05-21,1658,N20,VIIRS,n,2.0NRT,305.43,32.17,D
-9.73625,-47.04599,345.67,0.52,0.42,2026-05-21,1658,N20,VIIRS,n,2.0NRT,305.43,13.45,D
-9.73547,-47.0412,351.69,0.52,0.42,2026-05-21,1658,N20,VIIRS,n,2.0NRT,306.38,13.45,D
-9.66481,-46.92484,335.25,0.53,0.42,2026-05-21,1658,N20,VIIRS,n,2.0NRT,304.91,7.53,D
-9.66399,-46.91999,344.1,0.53,0.42,2026-05-21,1658,N20,VIIRS,n,2.0NRT,304.26,5.12,D
-9.65024,-47.39378,345.1,0.5,0.41,2026-05-21,1658,N20,VIIRS,n,2.0NRT,305.42,12.6,D
-9.64803,-47.07377,344.66,0.52,0.42,2026-05-21,1658,N20,VIIRS,n,2.0NRT,308.23,29.01,D
-9.64725,-47.06903,330.93,0.52,0.42,2026-05-21,1658,N20,VIIRS,l,2.0NRT,303.67,4.89,D
-9.64573,-47.38981,346.65,0.5,0.41,2026-05-21,1658,N20,VIIRS,n,2.0NRT,307.68,11.67,D
-9.63618,-42.20392,330.81,0.36,0.57,2026-05-21,1658,N20,VIIRS,n,2.0NRT,300.15,2.21,D
-9.6225,-47.51311,333.13,0.5,0.41,2026-05-21,1658,N20,VIIRS,l,2.0NRT,304.19,4.79,D
-9.43819,-46.32593,341.76,0.39,0.44,2026-05-21,1658,N20,VIIRS,n,2.0NRT,303.27,3.57,D
-8.56872,-39.57449,338.92,0.57,0.69,2026-05-21,1658,N20,VIIRS,n,2.0NRT,299.85,5.66,D
-10.48057,-54.79993,339.81,0.49,0.4,2026-05-21,1700,N20,VIIRS,n,2.0NRT,299.44,9.94,D
-10.12556,-52.40752,353.0,0.4,0.37,2026-05-21,1700,N20,VIIRS,n,2.0NRT,304.88,20.88,D
-10.12274,-52.41163,337.37,0.4,0.37,2026-05-21,1700,N20,VIIRS,n,2.0NRT,305.94,16.87,D
-10.12221,-52.40803,343.18,0.4,0.37,2026-05-21,1700,N20,VIIRS,n,2.0NRT,300.48,25.07,D
-10.11939,-52.41214,341.92,0.4,0.37,2026-05-21,1700,N20,VIIRS,n,2.0NRT,303.85,16.87,D
-10.11604,-52.41265,338.43,0.4,0.37,2026-05-21,1700,N20,VIIRS,n,2.0NRT,308.41,30.15,D
-10.11268,-52.41317,338.28,0.4,0.37,2026-05-21,1700,N20,VIIRS,n,2.0NRT,309.01,30.15,D
-10.11215,-52.40957,328.72,0.4,0.37,2026-05-21,1700,N20,VIIRS,l,2.0NRT,302.58,11.53,D
-10.03828,-51.66739,335.12,0.39,0.36,2026-05-21,1700,N20,VIIRS,l,2.0NRT,307.26,6.1,D
-9.96149,-52.46298,335.87,0.4,0.37,2026-05-21,1700,N20,VIIRS,n,2.0NRT,302.59,4.65,D
-9.95424,-52.4604,345.54,0.4,0.37,2026-05-21,1700,N20,VIIRS,n,2.0NRT,302.82,7.8,D
-9.95088,-52.46092,345.97,0.4,0.37,2026-05-21,1700,N20,VIIRS,n,2.0NRT,303.46,7.8,D
-9.94753,-52.46143,346.66,0.4,0.37,2026-05-21,1700,N20,VIIRS,n,2.0NRT,304.04,5.57,D
-9.84451,-49.61382,333.02,0.4,0.37,2026-05-21,1700,N20,VIIRS,n,2.0NRT,295.98,1.84,D
-9.81439,-50.66831,347.81,0.39,0.36,2026-05-21,1700,N20,VIIRS,n,2.0NRT,305.07,10.46,D
-9.62272,-48.34944,341.87,0.45,0.39,2026-05-21,1700,N20,VIIRS,n,2.0NRT,306.71,4.63,D
-9.61981,-48.3541,333.76,0.45,0.39,2026-05-21,1700,N20,VIIRS,l,2.0NRT,306.75,4.63,D
-9.61915,-48.35,338.7,0.45,0.39,2026-05-21,1700,N20,VIIRS,n,2.0NRT,306.36,4.63,D
-9.54013,-47.97643,334.93,0.47,0.4,2026-05-21,1700,N20,VIIRS,l,2.0NRT,306.44,8.64,D
-9.53508,-47.96842,335.85,0.47,0.4,2026-05-21,1700,N20,VIIRS,n,2.0NRT,301.05,6.57,D
-9.53214,-47.9733,333.32,0.47,0.4,2026-05-21,1700,N20,VIIRS,n,2.0NRT,307.31,24.02,D
-9.53199,-48.10862,335.18,0.46,0.39,2026-05-21,1700,N20,VIIRS,n,2.0NRT,300.82,4.81,D
-9.53144,-47.969,367.0,0.47,0.4,2026-05-21,1700,N20,VIIRS,h,2.0NRT,306.49,24.02,D
-9.53074,-47.9647,338.38,0.47,0.4,2026-05-21,1700,N20,VIIRS,n,2.0NRT,301.18,5.02,D
-9.40626,-50.39879,333.81,0.39,0.36,2026-05-21,1700,N20,VIIRS,n,2.0NRT,302.81,3.65,D
-9.35603,-47.25679,332.24,0.52,0.41,2026-05-21,1700,N20,VIIRS,n,2.0NRT,300.36,6.07,D
-9.35301,-47.26216,331.05,0.52,0.41,2026-05-21,1700,N20,VIIRS,n,2.0NRT,300.81,3.54,D
-9.31406,-49.91719,333.69,0.4,0.37,2026-05-21,1700,N20,VIIRS,n,2.0NRT,305.49,4.04,D
-9.31349,-49.91356,338.86,0.4,0.37,2026-05-21,1700,N20,VIIRS,n,2.0NRT,305.39,3.35,D
-9.31068,-49.91772,340.74,0.4,0.37,2026-05-21,1700,N20,VIIRS,n,2.0NRT,309.87,4.04,D
-9.31011,-49.91409,334.53,0.4,0.37,2026-05-21,1700,N20,VIIRS,n,2.0NRT,305.06,3.35,D
-9.20651,-46.95657,334.34,0.54,0.42,2026-05-21,1700,N20,VIIRS,n,2.0NRT,304.12,8.59,D
-9.2031,-46.95317,338.1,0.54,0.42,2026-05-21,1700,N20,VIIRS,n,2.0NRT,304.41,9.18,D
-9.14112,-47.76234,336.46,0.49,0.4,2026-05-21,1700,N20,VIIRS,l,2.0NRT,307.08,5.0,D
-9.08634,-46.52225,339.64,0.38,0.43,2026-05-21,1700,N20,VIIRS,n,2.0NRT,299.96,3.36,D
-9.05912,-44.77652,342.77,0.5,0.49,2026-05-21,1700,N20,VIIRS,n,2.0NRT,307.95,13.88,D
-9.05662,-44.77612,344.9,0.5,0.49,2026-05-21,1700,N20,VIIRS,n,2.0NRT,302.24,6.61,D
-9.04923,-50.15345,341.54,0.4,0.37,2026-05-21,1700,N20,VIIRS,n,2.0NRT,303.07,27.92,D
-8.93127,-50.46856,334.64,0.39,0.36,2026-05-21,1700,N20,VIIRS,n,2.0NRT,304.46,9.29,D
-8.90345,-44.13197,341.48,0.55,0.51,2026-05-21,1700,N20,VIIRS,n,2.0NRT,298.39,7.24,D
-8.81397,-49.36707,335.03,0.42,0.38,2026-05-21,1700,N20,VIIRS,l,2.0NRT,305.94,5.39,D
-8.81338,-49.36327,347.74,0.42,0.38,2026-05-21,1700,N20,VIIRS,n,2.0NRT,299.86,9.61,D
-8.55988,-51.49353,335.86,0.38,0.36,2026-05-21,1700,N20,VIIRS,n,2.0NRT,304.9,4.32,D
-8.55657,-51.49405,335.3,0.38,0.36,2026-05-21,1700,N20,VIIRS,n,2.0NRT,303.11,4.32,D
-8.54073,-49.50365,334.81,0.42,0.37,2026-05-21,1700,N20,VIIRS,l,2.0NRT,305.19,2.59,D
-8.44864,-48.06148,345.92,0.48,0.4,2026-05-21,1700,N20,VIIRS,n,2.0NRT,299.51,5.83,D
-8.40155,-47.70436,330.8,0.5,0.41,2026-05-21,1700,N20,VIIRS,l,2.0NRT,302.68,3.77,D
-8.39239,-49.62811,335.82,0.41,0.37,2026-05-21,1700,N20,VIIRS,l,2.0NRT,305.97,4.72,D
-8.37621,-48.07621,345.44,0.48,0.4,2026-05-21,1700,N20,VIIRS,n,2.0NRT,305.05,82.26,D
-8.37185,-48.07254,333.0,0.48,0.4,2026-05-21,1700,N20,VIIRS,n,2.0NRT,299.11,31.85,D
-8.36957,-48.08177,350.99,0.48,0.4,2026-05-21,1700,N20,VIIRS,n,2.0NRT,304.49,18.11,D
-8.36888,-48.07746,347.27,0.48,0.4,2026-05-21,1700,N20,VIIRS,n,2.0NRT,308.65,18.11,D
-8.36818,-48.07316,336.65,0.48,0.4,2026-05-21,1700,N20,VIIRS,n,2.0NRT,303.63,26.44,D
-8.30559,-51.98618,337.28,0.39,0.36,2026-05-21,1700,N20,VIIRS,n,2.0NRT,298.93,8.18,D
-8.30228,-51.98669,343.86,0.39,0.36,2026-05-21,1700,N20,VIIRS,n,2.0NRT,303.45,16.05,D
-8.27542,-51.96585,340.83,0.38,0.36,2026-05-21,1700,N20,VIIRS,n,2.0NRT,297.19,3.16,D
-8.27211,-51.96636,346.22,0.38,0.36,2026-05-21,1700,N20,VIIRS,n,2.0NRT,302.44,6.12,D
-8.27159,-51.96288,340.86,0.38,0.36,2026-05-21,1700,N20,VIIRS,n,2.0NRT,304.17,4.68,D
-8.2688,-51.96686,349.32,0.38,0.36,2026-05-21,1700,N20,VIIRS,n,2.0NRT,303.45,6.12,D
-8.26828,-51.96338,339.59,0.38,0.36,2026-05-21,1700,N20,VIIRS,n,2.0NRT,302.91,4.68,D
-8.26602,-51.97152,349.93,0.38,0.36,2026-05-21,1700,N20,VIIRS,n,2.0NRT,303.01,4.22,D
-8.26549,-51.96804,341.68,0.38,0.36,2026-05-21,1700,N20,VIIRS,n,2.0NRT,302.97,4.22,D
-8.26324,-51.97551,333.46,0.38,0.36,2026-05-21,1700,N20,VIIRS,n,2.0NRT,302.63,4.82,D
-8.26271,-51.97203,339.21,0.38,0.36,2026-05-21,1700,N20,VIIRS,n,2.0NRT,301.95,4.22,D
-8.25993,-51.97601,341.43,0.38,0.36,2026-05-21,1700,N20,VIIRS,n,2.0NRT,301.9,4.21,D
-8.23262,-47.07237,336.05,0.55,0.43,2026-05-21,1700,N20,VIIRS,n,2.0NRT,299.57,3.66,D
-8.20103,-45.92945,339.5,0.43,0.46,2026-05-21,1700,N20,VIIRS,n,2.0NRT,298.44,4.37,D
-7.99407,-49.79163,334.78,0.41,0.37,2026-05-21,1700,N20,VIIRS,n,2.0NRT,299.91,3.57,D
-7.99065,-49.79215,341.08,0.41,0.37,2026-05-21,1700,N20,VIIRS,n,2.0NRT,299.68,4.7,D
-7.73086,-51.68702,330.2,0.38,0.36,2026-05-21,1700,N20,VIIRS,n,2.0NRT,298.68,1.76,D
-7.72861,-51.69445,335.35,0.38,0.36,2026-05-21,1700,N20,VIIRS,n,2.0NRT,298.6,6.19,D
-7.72808,-51.69099,328.08,0.38,0.36,2026-05-21,1700,N20,VIIRS,n,2.0NRT,298.67,6.19,D
-7.7253,-51.69496,330.23,0.38,0.36,2026-05-21,1700,N20,VIIRS,n,2.0NRT,297.8,6.19,D
-7.72477,-51.6915,367.0,0.38,0.36,2026-05-21,1700,N20,VIIRS,h,2.0NRT,300.83,6.19,D
-7.72146,-51.692,331.42,0.38,0.36,2026-05-21,1700,N20,VIIRS,n,2.0NRT,297.47,1.93,D
-7.72093,-51.68854,339.99,0.38,0.36,2026-05-21,1700,N20,VIIRS,n,2.0NRT,298.72,5.11,D
-7.7171,-51.68558,343.47,0.38,0.36,2026-05-21,1700,N20,VIIRS,n,2.0NRT,299.53,5.11,D
-7.71657,-51.68211,338.59,0.38,0.36,2026-05-21,1700,N20,VIIRS,n,2.0NRT,295.95,4.21,D
-7.71326,-51.68262,335.29,0.38,0.36,2026-05-21,1700,N20,VIIRS,n,2.0NRT,295.89,1.78,D
-7.59586,-50.39867,336.46,0.4,0.37,2026-05-21,1700,N20,VIIRS,n,2.0NRT,303.65,7.96,D
-7.5925,-50.3992,345.37,0.4,0.37,2026-05-21,1700,N20,VIIRS,n,2.0NRT,305.03,7.96,D
-7.55437,-42.637,367.0,0.37,0.58,2026-05-21,1700,N20,VIIRS,h,2.0NRT,297.23,8.58,D
-7.54905,-42.63784,336.39,0.37,0.58,2026-05-21,1700,N20,VIIRS,n,2.0NRT,291.57,8.58,D
-7.54749,-39.06437,338.65,0.64,0.72,2026-05-21,1700,N20,VIIRS,n,2.0NRT,293.88,2.98,D
-7.51589,-49.49187,335.31,0.43,0.38,2026-05-21,1700,N20,VIIRS,n,2.0NRT,304.58,3.82,D
-7.35536,-46.21349,342.95,0.42,0.46,2026-05-21,1700,N20,VIIRS,n,2.0NRT,304.02,7.27,D
-7.35439,-46.21399,342.81,0.43,0.46,2026-05-21,1700,N20,VIIRS,n,2.0NRT,304.49,8.93,D
-7.27337,-47.10882,335.16,0.56,0.43,2026-05-21,1700,N20,VIIRS,n,2.0NRT,302.52,4.78,D
-7.27001,-47.10719,348.27,0.56,0.43,2026-05-21,1700,N20,VIIRS,n,2.0NRT,306.16,11.79,D
-7.22216,-47.06269,344.36,0.57,0.43,2026-05-21,1700,N20,VIIRS,n,2.0NRT,306.43,30.47,D
-7.21841,-47.94126,337.26,0.51,0.41,2026-05-21,1700,N20,VIIRS,n,2.0NRT,303.84,6.34,D
-7.20278,-44.1377,343.65,0.59,0.53,2026-05-21,1700,N20,VIIRS,n,2.0NRT,298.72,12.81,D
-7.2012,-44.13494,340.88,0.59,0.53,2026-05-21,1700,N20,VIIRS,n,2.0NRT,299.29,13.78,D
-7.18238,-47.62741,335.28,0.53,0.42,2026-05-21,1700,N20,VIIRS,n,2.0NRT,301.36,39.67,D
-7.09242,-47.03345,346.98,0.57,0.43,2026-05-21,1700,N20,VIIRS,n,2.0NRT,303.13,8.45,D
-7.08571,-43.40041,347.64,0.33,0.55,2026-05-21,1700,N20,VIIRS,n,2.0NRT,298.88,7.09,D
-7.0824,-43.40034,351.59,0.33,0.55,2026-05-21,1700,N20,VIIRS,n,2.0NRT,299.19,40.33,D
-7.08188,-43.39732,331.54,0.33,0.55,2026-05-21,1700,N20,VIIRS,n,2.0NRT,298.91,9.83,D
-7.08009,-43.39825,354.61,0.33,0.55,2026-05-21,1700,N20,VIIRS,n,2.0NRT,298.83,7.09,D
-7.07955,-43.39524,343.13,0.33,0.55,2026-05-21,1700,N20,VIIRS,n,2.0NRT,299.33,5.74,D
-7.07731,-43.4012,367.0,0.33,0.55,2026-05-21,1700,N20,VIIRS,h,2.0NRT,296.15,40.33,D
-7.0768,-43.39817,356.01,0.33,0.55,2026-05-21,1700,N20,VIIRS,n,2.0NRT,303.78,9.83,D
-7.07628,-43.39516,330.13,0.33,0.55,2026-05-21,1700,N20,VIIRS,n,2.0NRT,299.37,9.83,D
-7.06568,-43.42471,331.82,0.33,0.55,2026-05-21,1700,N20,VIIRS,n,2.0NRT,296.15,3.55,D
-7.05469,-47.07624,343.2,0.57,0.43,2026-05-21,1700,N20,VIIRS,n,2.0NRT,299.81,8.92,D
-7.052,-47.07516,336.89,0.57,0.43,2026-05-21,1700,N20,VIIRS,n,2.0NRT,297.78,7.42,D
-6.85496,-44.86617,337.7,0.53,0.5,2026-05-21,1700,N20,VIIRS,n,2.0NRT,300.63,5.45,D
-6.82909,-43.83883,344.1,0.62,0.54,2026-05-21,1700,N20,VIIRS,n,2.0NRT,297.36,13.49,D
-6.82828,-43.84092,332.61,0.62,0.54,2026-05-21,1700,N20,VIIRS,n,2.0NRT,296.96,13.82,D
-6.82809,-43.83318,347.56,0.62,0.54,2026-05-21,1700,N20,VIIRS,n,2.0NRT,298.77,19.59,D
-6.82732,-43.83526,354.4,0.63,0.54,2026-05-21,1700,N20,VIIRS,n,2.0NRT,297.56,13.82,D
-6.82708,-43.82752,367.0,0.63,0.54,2026-05-21,1700,N20,VIIRS,h,2.0NRT,301.47,19.59,D
-6.82636,-43.82959,367.0,0.63,0.54,2026-05-21,1700,N20,VIIRS,h,2.0NRT,302.6,19.93,D
-6.8254,-43.8239,338.52,0.63,0.54,2026-05-21,1700,N20,VIIRS,n,2.0NRT,295.74,19.93,D
-6.82314,-43.83403,345.56,0.62,0.54,2026-05-21,1700,N20,VIIRS,n,2.0NRT,299.62,19.59,D
-6.81027,-51.26121,339.74,0.39,0.36,2026-05-21,1700,N20,VIIRS,n,2.0NRT,300.21,5.05,D
-6.80572,-38.11535,332.85,0.76,0.77,2026-05-21,1700,N20,VIIRS,n,2.0NRT,293.15,4.12,D
-6.69017,-42.96752,331.92,0.36,0.57,2026-05-21,1700,N20,VIIRS,n,2.0NRT,298.53,2.6,D
-6.68958,-42.96662,337.45,0.36,0.57,2026-05-21,1700,N20,VIIRS,n,2.0NRT,298.38,2.56,D
-6.6633,-47.55409,340.54,0.54,0.42,2026-05-21,1700,N20,VIIRS,n,2.0NRT,309.05,17.95,D
-6.57477,-51.09839,338.7,0.39,0.36,2026-05-21,1700,N20,VIIRS,n,2.0NRT,304.33,97.38,D
-6.44354,-47.85235,339.86,0.52,0.42,2026-05-21,1700,N20,VIIRS,n,2.0NRT,304.51,8.85,D
-6.26439,-47.3514,332.34,0.56,0.43,2026-05-21,1700,N20,VIIRS,n,2.0NRT,299.29,9.2,D
-6.26356,-47.34636,333.93,0.56,0.43,2026-05-21,1700,N20,VIIRS,n,2.0NRT,299.72,18.5,D
-6.26284,-43.7802,350.74,0.32,0.55,2026-05-21,1700,N20,VIIRS,n,2.0NRT,297.22,4.57,D
-6.26044,-47.35205,333.98,0.56,0.43,2026-05-21,1700,N20,VIIRS,n,2.0NRT,300.59,9.2,D
-6.25961,-47.347,344.31,0.56,0.43,2026-05-21,1700,N20,VIIRS,n,2.0NRT,300.94,18.5,D
-6.19182,-45.23243,355.16,0.51,0.5,2026-05-21,1700,N20,VIIRS,n,2.0NRT,302.23,27.0,D
-6.08057,-45.38147,340.17,0.51,0.49,2026-05-21,1700,N20,VIIRS,n,2.0NRT,298.17,51.19,D
-6.07983,-45.37708,351.85,0.51,0.49,2026-05-21,1700,N20,VIIRS,n,2.0NRT,305.23,51.19,D
-6.07909,-45.37265,342.48,0.51,0.49,2026-05-21,1700,N20,VIIRS,n,2.0NRT,300.43,29.47,D
-6.07531,-45.37778,346.27,0.51,0.49,2026-05-21,1700,N20,VIIRS,n,2.0NRT,294.6,51.19,D
-6.07307,-45.36437,337.69,0.51,0.49,2026-05-21,1700,N20,VIIRS,n,2.0NRT,299.94,7.46,D
-5.9553,-43.4891,347.13,0.34,0.56,2026-05-21,1700,N20,VIIRS,n,2.0NRT,303.73,11.16,D
-5.95477,-43.48607,339.19,0.34,0.56,2026-05-21,1700,N20,VIIRS,n,2.0NRT,299.21,11.16,D
-5.95014,-43.48989,356.07,0.34,0.56,2026-05-21,1700,N20,VIIRS,n,2.0NRT,300.33,11.16,D
-5.94961,-43.48682,328.76,0.34,0.56,2026-05-21,1700,N20,VIIRS,n,2.0NRT,297.03,11.16,D
-5.86477,-46.25119,332.02,0.45,0.47,2026-05-21,1700,N20,VIIRS,n,2.0NRT,299.16,4.15,D
-5.81665,-47.21875,340.39,0.39,0.44,2026-05-21,1700,N20,VIIRS,n,2.0NRT,299.31,3.52,D
-5.80716,-43.69974,337.12,0.33,0.55,2026-05-21,1700,N20,VIIRS,n,2.0NRT,301.02,22.92,D
-5.80666,-43.69681,367.0,0.33,0.55,2026-05-21,1700,N20,VIIRS,h,2.0NRT,296.55,22.92,D
-5.74576,-45.91898,333.52,0.47,0.48,2026-05-21,1700,N20,VIIRS,n,2.0NRT,297.12,4.82,D
-5.74507,-45.91478,334.7,0.47,0.48,2026-05-21,1700,N20,VIIRS,n,2.0NRT,295.62,4.82,D
-5.71245,-47.7133,337.44,0.55,0.42,2026-05-21,1700,N20,VIIRS,n,2.0NRT,298.43,8.31,D
-5.30494,-43.05504,329.54,0.38,0.58,2026-05-21,1700,N20,VIIRS,n,2.0NRT,298.67,6.39,D
-5.30244,-43.0554,329.44,0.37,0.58,2026-05-21,1700,N20,VIIRS,n,2.0NRT,297.5,4.79,D
-5.06354,-42.79386,341.75,0.39,0.6,2026-05-21,1700,N20,VIIRS,n,2.0NRT,297.96,4.02,D
-5.02599,-42.63964,339.33,0.4,0.6,2026-05-21,1700,N20,VIIRS,n,2.0NRT,295.84,4.13,D
-5.02513,-42.63846,332.26,0.4,0.6,2026-05-21,1700,N20,VIIRS,n,2.0NRT,295.52,3.89,D
-4.66252,-43.13988,367.0,0.38,0.59,2026-05-21,1700,N20,VIIRS,h,2.0NRT,296.85,9.47,D
-4.66196,-43.1365,367.0,0.38,0.59,2026-05-21,1700,N20,VIIRS,h,2.0NRT,295.79,10.71,D
-4.14431,-49.85194,332.6,0.44,0.38,2026-05-21,1700,N20,VIIRS,n,2.0NRT,297.39,8.06,D
-4.14115,-49.85599,344.45,0.44,0.39,2026-05-21,1700,N20,VIIRS,n,2.0NRT,296.89,20.19,D
-4.14079,-49.8525,332.65,0.44,0.38,2026-05-21,1700,N20,VIIRS,n,2.0NRT,297.0,35.27,D
-3.84806,-50.41301,331.41,0.42,0.38,2026-05-21,1700,N20,VIIRS,n,2.0NRT,296.91,3.15,D
-3.54794,-43.20718,329.99,0.39,0.59,2026-05-21,1700,N20,VIIRS,n,2.0NRT,296.52,4.42,D
-2.57458,-45.84871,343.4,0.53,0.5,2026-05-21,1702,N20,VIIRS,n,2.0NRT,296.27,7.98,D
-2.31661,-47.18307,345.49,0.44,0.46,2026-05-21,1702,N20,VIIRS,n,2.0NRT,298.03,11.59,D
-1.97709,-47.81348,338.53,0.41,0.45,2026-05-21,1702,N20,VIIRS,n,2.0NRT,296.36,4.3,D
-1.97633,-47.81287,338.77,0.4,0.45,2026-05-21,1702,N20,VIIRS,n,2.0NRT,296.73,4.69,D
-1.89998,-54.02514,328.96,0.39,0.36,2026-05-21,1702,N20,VIIRS,n,2.0NRT,292.8,1.68,D
-1.41112,-47.02168,334.48,0.46,0.47,2026-05-21,1702,N20,VIIRS,n,2.0NRT,295.33,4.51,D
-1.41,-47.02158,340.14,0.47,0.47,2026-05-21,1702,N20,VIIRS,n,2.0NRT,295.69,5.38,D
1.30801,-50.78756,348.79,0.46,0.39,2026-05-21,1702,N20,VIIRS,n,2.0NRT,297.69,7.47,D
1.65063,-50.89142,335.94,0.45,0.39,2026-05-21,1702,N20,VIIRS,n,2.0NRT,295.75,3.87,D
3.96346,-59.33232,342.53,0.39,0.44,2026-05-21,1705,N20,VIIRS,n,2.0NRT,289.1,8.02,D
5.82209,-62.38711,327.76,0.58,0.52,2026-05-21,1705,N20,VIIRS,n,2.0NRT,291.41,7.67,D
5.82684,-62.38614,325.09,0.58,0.52,2026-05-21,1705,N20,VIIRS,n,2.0NRT,290.43,5.02,D
5.83083,-62.39167,326.05,0.58,0.52,2026-05-21,1705,N20,VIIRS,n,2.0NRT,291.49,6.32,D
5.83084,-62.39332,328.1,0.58,0.52,2026-05-21,1705,N20,VIIRS,n,2.0NRT,291.46,9.89,D
6.77703,-63.61855,346.34,0.34,0.56,2026-05-21,1705,N20,VIIRS,n,2.0NRT,291.41,10.38,D
6.77756,-63.61547,367.0,0.34,0.56,2026-05-21,1705,N20,VIIRS,h,2.0NRT,292.35,10.38,D
6.90533,-63.84855,343.1,0.35,0.57,2026-05-21,1705,N20,VIIRS,n,2.0NRT,284.88,4.68,D
6.91105,-63.84632,340.63,0.35,0.57,2026-05-21,1705,N20,VIIRS,n,2.0NRT,284.23,4.68,D
7.00453,-63.25503,336.19,0.32,0.55,2026-05-21,1705,N20,VIIRS,n,2.0NRT,290.08,2.68,D
7.13545,-63.82944,339.08,0.35,0.57,2026-05-21,1705,N20,VIIRS,n,2.0NRT,288.32,24.08,D
7.136,-63.82634,353.23,0.35,0.57,2026-05-21,1705,N20,VIIRS,n,2.0NRT,293.35,34.54,D
7.13654,-63.82323,340.92,0.35,0.57,2026-05-21,1705,N20,VIIRS,n,2.0NRT,290.13,34.54,D
7.13709,-63.82012,335.9,0.35,0.57,2026-05-21,1705,N20,VIIRS,n,2.0NRT,289.1,3.64,D
7.13764,-63.81701,345.57,0.35,0.57,2026-05-21,1705,N20,VIIRS,n,2.0NRT,288.86,3.64,D
7.14059,-63.83036,352.03,0.35,0.57,2026-05-21,1705,N20,VIIRS,n,2.0NRT,288.87,24.08,D
7.14114,-63.82726,356.14,0.35,0.57,2026-05-21,1705,N20,VIIRS,l,2.0NRT,289.02,34.54,D
7.82243,-64.55917,333.14,0.38,0.59,2026-05-21,1705,N20,VIIRS,n,2.0NRT,290.43,4.41,D
7.85461,-62.24327,341.32,0.53,0.5,2026-05-21,1705,N20,VIIRS,n,2.0NRT,292.37,8.24,D
7.87836,-66.7983,338.74,0.54,0.68,2026-05-21,1705,N20,VIIRS,n,2.0NRT,280.45,3.61,D
7.96863,-63.94879,330.28,0.34,0.56,2026-05-21,1705,N20,VIIRS,n,2.0NRT,291.38,3.53,D
7.97634,-62.05719,327.11,0.51,0.49,2026-05-21,1705,N20,VIIRS,n,2.0NRT,291.99,4.3,D
8.05417,-64.70478,343.87,0.39,0.59,2026-05-21,1705,N20,VIIRS,n,2.0NRT,291.03,4.31,D
8.3801,-63.9507,367.0,0.34,0.56,2026-05-21,1705,N20,VIIRS,h,2.0NRT,296.84,10.4,D
8.38165,-63.95173,356.04,0.34,0.56,2026-05-21,1705,N20,VIIRS,n,2.0NRT,296.66,12.39,D
8.38217,-63.9487,338.98,0.34,0.56,2026-05-21,1705,N20,VIIRS,n,2.0NRT,295.05,11.51,D
8.48891,-63.23588,341.01,0.6,0.53,2026-05-21,1705,N20,VIIRS,n,2.0NRT,293.31,19.85,D
8.48956,-63.23853,346.34,0.6,0.53,2026-05-21,1705,N20,VIIRS,n,2.0NRT,293.34,13.87,D
8.55549,-64.13408,367.0,0.35,0.56,2026-05-21,1705,N20,VIIRS,h,2.0NRT,296.03,13.19,D
8.5578,-64.13512,367.0,0.35,0.56,2026-05-21,1705,N20,VIIRS,h,2.0NRT,297.0,18.22,D
8.65392,-62.11547,340.16,0.5,0.49,2026-05-21,1705,N20,VIIRS,n,2.0NRT,294.75,5.33,D
8.65621,-62.23724,330.63,0.51,0.49,2026-05-21,1705,N20,VIIRS,n,2.0NRT,293.18,1.65,D
8.67021,-62.29166,343.34,0.51,0.5,2026-05-21,1705,N20,VIIRS,n,2.0NRT,296.18,16.95,D
8.67194,-62.29084,355.33,0.51,0.5,2026-05-21,1705,N20,VIIRS,n,2.0NRT,295.25,15.06,D
8.83944,-65.81456,331.08,0.45,0.63,2026-05-21,1705,N20,VIIRS,n,2.0NRT,286.01,2.81,D
8.86753,-65.07613,337.27,0.4,0.6,2026-05-21,1705,N20,VIIRS,n,2.0NRT,286.93,5.05,D
8.87779,-65.32872,339.17,0.41,0.61,2026-05-21,1705,N20,VIIRS,n,2.0NRT,288.55,5.98,D
8.8783,-65.3287,337.61,0.41,0.61,2026-05-21,1705,N20,VIIRS,n,2.0NRT,288.81,5.35,D
8.93588,-64.70105,330.47,0.37,0.58,2026-05-21,1705,N20,VIIRS,n,2.0NRT,288.9,5.0,D
9.05109,-65.83677,332.6,0.44,0.63,2026-05-21,1705,N20,VIIRS,n,2.0NRT,281.17,3.87,D
9.11251,-62.35998,346.47,0.51,0.49,2026-05-21,1705,N20,VIIRS,n,2.0NRT,291.66,8.31,D
9.15824,-65.5064,336.62,0.42,0.61,2026-05-21,1705,N20,VIIRS,n,2.0NRT,291.71,4.6,D
9.18146,-65.74819,339.48,0.43,0.62,2026-05-21,1705,N20,VIIRS,n,2.0NRT,286.24,3.13,D
9.22991,-64.30149,340.14,0.35,0.56,2026-05-21,1705,N20,VIIRS,n,2.0NRT,291.32,3.97,D
9.24439,-65.92597,352.69,0.45,0.63,2026-05-21,1705,N20,VIIRS,n,2.0NRT,290.54,7.74,D
9.25134,-65.03732,342.96,0.39,0.59,2026-05-21,1705,N20,VIIRS,n,2.0NRT,291.96,4.66,D
9.29025,-65.0372,340.89,0.39,0.59,2026-05-21,1705,N20,VIIRS,n,2.0NRT,290.65,2.78,D
9.36613,-64.45025,351.0,0.35,0.57,2026-05-21,1705,N20,VIIRS,n,2.0NRT,290.57,4.55,D
9.38604,-64.54559,342.15,0.36,0.57,2026-05-21,1705,N20,VIIRS,n,2.0NRT,289.4,3.08,D
9.41381,-65.44439,333.28,0.41,0.61,2026-05-21,1705,N20,VIIRS,n,2.0NRT,293.29,3.03,D
9.41394,-65.44372,335.87,0.41,0.61,2026-05-21,1705,N20,VIIRS,n,2.0NRT,293.45,4.7,D
9.47304,-64.38842,347.52,0.35,0.56,2026-05-21,1705,N20,VIIRS,n,2.0NRT,291.38,3.21,D
9.61714,-63.72912,334.43,0.62,0.54,2026-05-21,1705,N20,VIIRS,n,2.0NRT,285.68,46.42,D
9.61815,-63.72359,343.83,0.62,0.54,2026-05-21,1705,N20,VIIRS,n,2.0NRT,294.88,46.42,D
9.62136,-63.72212,345.53,0.62,0.54,2026-05-21,1705,N20,VIIRS,n,2.0NRT,291.45,46.66,D
9.64304,-63.55922,343.61,0.6,0.53,2026-05-21,1705,N20,VIIRS,n,2.0NRT,283.18,80.7,D
9.6431,-63.56824,330.55,0.6,0.53,2026-05-21,1705,N20,VIIRS,n,2.0NRT,281.57,26.41,D
9.64405,-63.56277,348.8,0.6,0.53,2026-05-21,1705,N20,VIIRS,n,2.0NRT,287.12,26.41,D
9.64592,-63.57083,352.53,0.6,0.53,2026-05-21,1705,N20,VIIRS,n,2.0NRT,286.07,31.24,D
9.64702,-63.57444,339.62,0.61,0.53,2026-05-21,1705,N20,VIIRS,n,2.0NRT,282.68,11.89,D
9.64796,-63.56899,343.87,0.6,0.53,2026-05-21,1705,N20,VIIRS,n,2.0NRT,284.95,26.41,D
9.74974,-63.04946,343.45,0.55,0.51,2026-05-21,1705,N20,VIIRS,n,2.0NRT,276.33,8.03,D
9.77413,-63.26758,338.22,0.57,0.52,2026-05-21,1705,N20,VIIRS,n,2.0NRT,286.69,4.83,D
10.08729,-61.73067,340.18,0.45,0.47,2026-05-21,1705,N20,VIIRS,n,2.0NRT,284.67,5.54,D
10.18265,-61.00948,328.32,0.4,0.44,2026-05-21,1705,N20,VIIRS,n,2.0NRT,293.7,2.63,D
11.61913,-70.22899,333.8,0.79,0.78,2026-05-21,1705,N20,VIIRS,n,2.0NRT,278.74,18.43,D
11.62064,-70.22185,356.15,0.79,0.78,2026-05-21,1705,N20,VIIRS,l,2.0NRT,278.84,18.43,D
11.63174,-70.23905,341.21,0.79,0.78,2026-05-21,1705,N20,VIIRS,n,2.0NRT,277.96,11.25,D
9.42017,-66.84142,343.92,0.51,0.66,2026-05-21,1707,N20,VIIRS,n,2.0NRT,284.19,7.39,D
9.63756,-66.32191,338.64,0.47,0.64,2026-05-21,1707,N20,VIIRS,n,2.0NRT,288.4,3.84,D
9.96881,-64.20481,356.41,0.33,0.55,2026-05-21,1707,N20,VIIRS,n,2.0NRT,294.41,7.81,D
9.97367,-64.20659,352.48,0.33,0.55,2026-05-21,1707,N20,VIIRS,n,2.0NRT,294.13,7.81,D
9.98832,-63.72655,333.56,0.61,0.54,2026-05-21,1707,N20,VIIRS,n,2.0NRT,291.04,7.92,D
10.03974,-64.12746,330.93,0.33,0.55,2026-05-21,1707,N20,VIIRS,n,2.0NRT,288.83,1.96,D
10.21109,-64.6128,367.0,0.35,0.57,2026-05-21,1707,N20,VIIRS,h,2.0NRT,292.17,5.67,D
10.21305,-64.61372,367.0,0.35,0.57,2026-05-21,1707,N20,VIIRS,h,2.0NRT,290.75,5.17,D
10.3232,-60.997,336.81,0.4,0.44,2026-05-21,1707,N20,VIIRS,n,2.0NRT,295.29,7.43,D
10.34261,-63.5086,335.26,0.58,0.52,2026-05-21,1707,N20,VIIRS,n,2.0NRT,290.43,4.14,D
10.37309,-66.05519,331.11,0.43,0.62,2026-05-21,1707,N20,VIIRS,n,2.0NRT,289.8,3.73,D
10.3754,-66.05677,342.11,0.43,0.62,2026-05-21,1707,N20,VIIRS,n,2.0NRT,290.85,5.19,D
10.38,-61.02912,331.7,0.4,0.44,2026-05-21,1707,N20,VIIRS,n,2.0NRT,293.0,4.61,D
10.38061,-61.02552,346.91,0.4,0.44,2026-05-21,1707,N20,VIIRS,n,2.0NRT,292.61,5.07,D
10.38404,-61.02982,345.67,0.4,0.44,2026-05-21,1707,N20,VIIRS,n,2.0NRT,291.47,6.46,D
10.40379,-63.52386,344.69,0.58,0.52,2026-05-21,1707,N20,VIIRS,n,2.0NRT,290.57,8.05,D
10.40391,-63.52562,340.66,0.58,0.52,2026-05-21,1707,N20,VIIRS,n,2.0NRT,291.28,7.94,D
10.4202,-61.11423,337.88,0.4,0.44,2026-05-21,1707,N20,VIIRS,n,2.0NRT,294.63,4.09,D
10.46379,-61.4412,337.94,0.42,0.45,2026-05-21,1707,N20,VIIRS,n,2.0NRT,293.87,3.32,D
10.52145,-61.4278,328.31,0.42,0.45,2026-05-21,1707,N20,VIIRS,n,2.0NRT,295.18,1.52,D
10.59544,-62.28818,341.35,0.48,0.48,2026-05-21,1707,N20,VIIRS,n,2.0NRT,286.99,11.45,D
10.59569,-61.30854,348.19,0.41,0.45,2026-05-21,1707,N20,VIIRS,n,2.0NRT,296.09,7.12,D
10.59618,-62.28395,337.32,0.48,0.48,2026-05-21,1707,N20,VIIRS,n,2.0NRT,286.42,6.52,D
10.62028,-62.74395,333.05,0.51,0.49,2026-05-21,1707,N20,VIIRS,n,2.0NRT,284.95,5.26,D
10.62112,-62.73915,335.54,0.51,0.49,2026-05-21,1707,N20,VIIRS,n,2.0NRT,284.91,5.26,D
10.62657,-62.76102,339.11,0.51,0.5,2026-05-21,1707,N20,VIIRS,n,2.0NRT,283.13,6.75,D
10.63439,-62.93319,332.49,0.53,0.5,2026-05-21,1707,N20,VIIRS,n,2.0NRT,288.23,3.46,D
10.67104,-61.92578,338.05,0.45,0.47,2026-05-21,1707,N20,VIIRS,n,2.0NRT,285.74,6.44,D
10.73782,-62.74467,353.63,0.51,0.49,2026-05-21,1707,N20,VIIRS,n,2.0NRT,287.84,21.27,D
10.81542,-60.92689,329.6,0.39,0.44,2026-05-21,1707,N20,VIIRS,n,2.0NRT,293.19,2.52,D
11.2364,-60.72392,333.36,0.56,0.43,2026-05-21,1707,N20,VIIRS,n,2.0NRT,293.6,3.71,D
11.24032,-60.72453,338.17,0.56,0.43,2026-05-21,1707,N20,VIIRS,n,2.0NRT,293.15,8.23,D
-49.11432,-70.10427,329.77,0.47,0.39,2026-05-21,1830,N20,VIIRS,n,2.0NRT,285.8,7.95,D
-49.11067,-70.1052,337.73,0.47,0.39,2026-05-21,1830,N20,VIIRS,n,2.0NRT,289.44,7.95,D
-41.84552,-71.23995,333.39,0.43,0.38,2026-05-21,1832,N20,VIIRS,n,2.0NRT,284.84,8.55,D
-40.70681,-73.32179,328.31,0.5,0.41,2026-05-21,1832,N20,VIIRS,n,2.0NRT,290.49,3.13,D
-40.09042,-64.39226,345.4,0.46,0.39,2026-05-21,1832,N20,VIIRS,n,2.0NRT,288.99,7.07,D
-40.02953,-68.44839,332.27,0.38,0.36,2026-05-21,1832,N20,VIIRS,n,2.0NRT,285.46,3.33,D
-39.41357,-65.72684,329.03,0.43,0.38,2026-05-21,1832,N20,VIIRS,n,2.0NRT,290.38,11.13,D
-39.14362,-66.92661,328.92,0.4,0.37,2026-05-21,1832,N20,VIIRS,n,2.0NRT,289.29,3.82,D
-39.1286,-72.53396,325.48,0.45,0.39,2026-05-21,1832,N20,VIIRS,n,2.0NRT,296.02,2.24,D
-39.07423,-67.30569,328.77,0.4,0.37,2026-05-21,1832,N20,VIIRS,n,2.0NRT,288.69,4.03,D
-38.74698,-68.83537,338.37,0.38,0.36,2026-05-21,1832,N20,VIIRS,n,2.0NRT,289.96,3.4,D
-38.69647,-72.67237,333.93,0.45,0.39,2026-05-21,1832,N20,VIIRS,n,2.0NRT,289.67,3.13,D
-38.60503,-72.08403,330.28,0.43,0.38,2026-05-21,1832,N20,VIIRS,n,2.0NRT,292.73,3.5,D
-38.49914,-72.64091,327.32,0.44,0.39,2026-05-21,1832,N20,VIIRS,n,2.0NRT,285.74,5.07,D
-38.44934,-72.47464,345.64,0.44,0.38,2026-05-21,1832,N20,VIIRS,n,2.0NRT,295.6,15.36,D
-38.4458,-72.47538,333.05,0.44,0.38,2026-05-21,1832,N20,VIIRS,n,2.0NRT,296.61,21.16,D
-38.37786,-72.73776,336.54,0.45,0.39,2026-05-21,1832,N20,VIIRS,n,2.0NRT,289.56,4.3,D
-38.35725,-72.02913,334.53,0.42,0.38,2026-05-21,1832,N20,VIIRS,n,2.0NRT,292.04,3.36,D
-38.18988,-73.08475,327.27,0.46,0.39,2026-05-21,1832,N20,VIIRS,n,2.0NRT,288.1,5.49,D
-38.15108,-72.55808,330.28,0.44,0.38,2026-05-21,1832,N20,VIIRS,n,2.0NRT,286.14,2.65,D
-38.09759,-72.02646,350.97,0.42,0.38,2026-05-21,1832,N20,VIIRS,n,2.0NRT,293.31,10.98,D
-38.09696,-72.02161,331.16,0.42,0.38,2026-05-21,1832,N20,VIIRS,n,2.0NRT,285.79,5.06,D
-37.71729,-69.13138,342.72,0.38,0.36,2026-05-21,1832,N20,VIIRS,n,2.0NRT,293.99,3.98,D
-37.71715,-67.74306,328.77,0.4,0.37,2026-05-21,1832,N20,VIIRS,n,2.0NRT,289.37,1.18,D
-37.6463,-71.59808,332.48,0.41,0.37,2026-05-21,1832,N20,VIIRS,n,2.0NRT,288.02,2.9,D
-37.64291,-71.59901,336.83,0.41,0.37,2026-05-21,1832,N20,VIIRS,n,2.0NRT,295.65,6.32,D
-37.42814,-69.17158,331.73,0.38,0.36,2026-05-21,1832,N20,VIIRS,n,2.0NRT,294.51,3.95,D
-37.38437,-71.64289,333.84,0.41,0.37,2026-05-21,1832,N20,VIIRS,n,2.0NRT,291.47,4.04,D
-37.38371,-71.63797,327.89,0.41,0.37,2026-05-21,1832,N20,VIIRS,n,2.0NRT,285.69,4.04,D
-37.38026,-71.63848,329.91,0.41,0.37,2026-05-21,1832,N20,VIIRS,n,2.0NRT,285.96,3.61,D
-36.41955,-57.18547,325.97,0.41,0.61,2026-05-21,1832,N20,VIIRS,n,2.0NRT,283.27,1.91,D
-36.84978,-71.25524,325.87,0.4,0.37,2026-05-21,1834,N20,VIIRS,n,2.0NRT,290.39,2.47,D
-36.84583,-71.25184,333.56,0.4,0.37,2026-05-21,1834,N20,VIIRS,n,2.0NRT,294.58,4.36,D
-35.22715,-65.26785,329.04,0.51,0.41,2026-05-21,1834,N20,VIIRS,n,2.0NRT,292.96,3.76,D
-35.22607,-65.26234,329.13,0.51,0.41,2026-05-21,1834,N20,VIIRS,n,2.0NRT,293.04,6.08,D
-34.77268,-60.77187,338.79,0.58,0.52,2026-05-21,1834,N20,VIIRS,n,2.0NRT,287.65,9.46,D
-34.77199,-68.30257,329.77,0.4,0.37,2026-05-21,1834,N20,VIIRS,n,2.0NRT,291.5,3.44,D
-34.15111,-58.98473,346.87,0.37,0.58,2026-05-21,1834,N20,VIIRS,n,2.0NRT,287.95,3.57,D
-33.99214,-68.97816,341.61,0.4,0.37,2026-05-21,1834,N20,VIIRS,n,2.0NRT,293.28,5.12,D
-33.77713,-69.01778,329.33,0.4,0.37,2026-05-21,1834,N20,VIIRS,n,2.0NRT,289.8,3.0,D
-33.77688,-69.0214,329.12,0.4,0.37,2026-05-21,1834,N20,VIIRS,n,2.0NRT,290.01,4.11,D
-33.69708,-69.04475,329.35,0.4,0.37,2026-05-21,1834,N20,VIIRS,n,2.0NRT,290.04,9.69,D
-33.6465,-68.91387,326.44,0.4,0.37,2026-05-21,1834,N20,VIIRS,n,2.0NRT,290.03,1.6,D
-33.6332,-59.41275,339.31,0.37,0.58,2026-05-21,1834,N20,VIIRS,n,2.0NRT,286.81,2.72,D
-33.60198,-59.42379,330.82,0.37,0.58,2026-05-21,1834,N20,VIIRS,n,2.0NRT,287.31,5.29,D
-33.44477,-59.33056,346.18,0.37,0.58,2026-05-21,1834,N20,VIIRS,n,2.0NRT,286.77,4.13,D
-33.35696,-59.5928,342.5,0.36,0.58,2026-05-21,1834,N20,VIIRS,n,2.0NRT,288.76,3.47,D
-33.02646,-58.218,346.56,0.44,0.62,2026-05-21,1834,N20,VIIRS,n,2.0NRT,286.56,16.69,D
-33.02523,-58.21336,356.42,0.44,0.62,2026-05-21,1834,N20,VIIRS,l,2.0NRT,282.84,16.69,D
-31.81219,-68.28451,327.56,0.43,0.38,2026-05-21,1834,N20,VIIRS,n,2.0NRT,291.67,2.17,D
-30.36853,-68.70739,330.73,0.43,0.38,2026-05-21,1834,N20,VIIRS,n,2.0NRT,294.44,2.52,D
-30.28889,-61.36401,347.74,0.34,0.56,2026-05-21,1834,N20,VIIRS,n,2.0NRT,285.45,3.44,D
-29.95195,-58.67585,327.3,0.49,0.65,2026-05-21,1834,N20,VIIRS,n,2.0NRT,283.74,3.64,D
-29.81884,-63.43977,346.07,0.53,0.5,2026-05-21,1834,N20,VIIRS,n,2.0NRT,295.0,10.77,D
-29.80204,-60.94061,325.23,0.37,0.58,2026-05-21,1834,N20,VIIRS,n,2.0NRT,287.65,2.72,D
-29.78048,-59.38417,325.2,0.45,0.63,2026-05-21,1834,N20,VIIRS,n,2.0NRT,286.65,7.49,D
-29.77971,-59.38508,344.58,0.45,0.63,2026-05-21,1834,N20,VIIRS,n,2.0NRT,287.17,7.14,D
-29.77594,-59.3907,356.18,0.45,0.63,2026-05-21,1834,N20,VIIRS,l,2.0NRT,286.64,7.49,D
-29.77521,-59.39157,343.12,0.45,0.63,2026-05-21,1834,N20,VIIRS,n,2.0NRT,286.36,7.14,D
-29.73772,-61.50233,336.39,0.34,0.56,2026-05-21,1834,N20,VIIRS,n,2.0NRT,286.84,2.1,D
-29.73262,-61.50388,355.27,0.34,0.56,2026-05-21,1834,N20,VIIRS,n,2.0NRT,287.09,4.27,D
-29.49119,-57.2004,332.99,0.61,0.71,2026-05-21,1834,N20,VIIRS,n,2.0NRT,284.91,7.64,D
-29.49108,-57.19454,342.73,0.61,0.71,2026-05-21,1834,N20,VIIRS,n,2.0NRT,282.2,10.83,D
-29.48943,-57.19413,331.72,0.61,0.71,2026-05-21,1834,N20,VIIRS,n,2.0NRT,281.63,7.33,D
-29.44977,-59.65351,328.28,0.45,0.63,2026-05-21,1834,N20,VIIRS,n,2.0NRT,287.71,2.33,D
-29.43378,-62.0111,354.73,0.33,0.55,2026-05-21,1834,N20,VIIRS,n,2.0NRT,289.76,6.78,D
-29.433,-62.00777,356.51,0.33,0.55,2026-05-21,1834,N20,VIIRS,l,2.0NRT,289.11,8.31,D
-28.87845,-59.24254,332.31,0.49,0.65,2026-05-21,1834,N20,VIIRS,n,2.0NRT,287.29,3.04,D
-28.85976,-57.66301,343.52,0.6,0.7,2026-05-21,1834,N20,VIIRS,n,2.0NRT,288.26,13.31,D
-28.85837,-57.66036,352.52,0.6,0.7,2026-05-21,1834,N20,VIIRS,n,2.0NRT,287.51,11.35,D
-28.65486,-59.15664,327.9,0.5,0.66,2026-05-21,1834,N20,VIIRS,n,2.0NRT,287.16,2.65,D
-28.65147,-58.84379,352.08,0.52,0.67,2026-05-21,1834,N20,VIIRS,n,2.0NRT,290.74,11.95,D
-28.65009,-58.83855,332.56,0.52,0.67,2026-05-21,1834,N20,VIIRS,n,2.0NRT,286.57,10.67,D
-28.59241,-56.4995,327.03,0.7,0.75,2026-05-21,1834,N20,VIIRS,n,2.0NRT,285.28,4.61,D
-28.46889,-56.66144,325.13,0.69,0.75,2026-05-21,1834,N20,VIIRS,n,2.0NRT,287.45,12.31,D
-28.46884,-56.66132,328.8,0.69,0.75,2026-05-21,1834,N20,VIIRS,n,2.0NRT,287.32,6.21,D
-28.46695,-56.65442,330.28,0.7,0.75,2026-05-21,1834,N20,VIIRS,n,2.0NRT,285.83,12.31,D
-28.46685,-56.65432,331.98,0.69,0.75,2026-05-21,1834,N20,VIIRS,n,2.0NRT,285.46,9.23,D
-28.46218,-56.66376,354.66,0.69,0.75,2026-05-21,1834,N20,VIIRS,n,2.0NRT,292.11,12.31,D
-28.46212,-56.66362,355.46,0.69,0.75,2026-05-21,1834,N20,VIIRS,n,2.0NRT,292.84,33.33,D
-28.46023,-56.65675,342.71,0.7,0.75,2026-05-21,1834,N20,VIIRS,n,2.0NRT,284.54,12.31,D
-28.46013,-56.65662,340.49,0.69,0.75,2026-05-21,1834,N20,VIIRS,n,2.0NRT,285.08,21.38,D
-28.36832,-60.37631,330.06,0.43,0.62,2026-05-21,1834,N20,VIIRS,n,2.0NRT,288.09,4.01,D
-28.35445,-57.52754,343.3,0.63,0.72,2026-05-21,1834,N20,VIIRS,n,2.0NRT,286.49,11.29,D
-28.33021,-56.27272,327.12,0.74,0.76,2026-05-21,1834,N20,VIIRS,n,2.0NRT,283.55,7.95,D
-28.3182,-62.80756,346.96,0.62,0.54,2026-05-21,1834,N20,VIIRS,n,2.0NRT,295.71,12.34,D
-28.29202,-62.62364,355.54,0.32,0.54,2026-05-21,1834,N20,VIIRS,n,2.0NRT,295.21,4.48,D
-28.28589,-61.11657,331.64,0.39,0.59,2026-05-21,1834,N20,VIIRS,n,2.0NRT,288.64,2.12,D
-28.20833,-58.78588,338.65,0.53,0.67,2026-05-21,1834,N20,VIIRS,n,2.0NRT,287.97,8.0,D
-28.17735,-58.09912,355.29,0.59,0.7,2026-05-21,1834,N20,VIIRS,n,2.0NRT,289.44,9.52,D
-27.63775,-58.40075,325.32,0.58,0.7,2026-05-21,1834,N20,VIIRS,n,2.0NRT,287.51,5.96,D
-27.52131,-61.67184,341.47,0.38,0.59,2026-05-21,1834,N20,VIIRS,n,2.0NRT,292.35,3.29,D
-27.4284,-56.82438,325.59,0.72,0.76,2026-05-21,1834,N20,VIIRS,n,2.0NRT,289.32,3.56,D
-27.32303,-57.78411,333.85,0.64,0.72,2026-05-21,1834,N20,VIIRS,n,2.0NRT,287.83,5.51,D
-27.3213,-57.77768,334.03,0.64,0.72,2026-05-21,1834,N20,VIIRS,n,2.0NRT,287.89,6.03,D
-27.31651,-57.78627,336.32,0.64,0.72,2026-05-21,1834,N20,VIIRS,n,2.0NRT,287.96,4.62,D
-27.0962,-58.66582,349.32,0.58,0.69,2026-05-21,1834,N20,VIIRS,n,2.0NRT,291.45,12.3,D
-27.07491,-57.13872,325.99,0.71,0.75,2026-05-21,1834,N20,VIIRS,n,2.0NRT,287.4,3.58,D
-27.07425,-57.1389,325.31,0.71,0.75,2026-05-21,1834,N20,VIIRS,n,2.0NRT,287.02,4.04,D
-27.04537,-58.73648,345.22,0.57,0.69,2026-05-21,1834,N20,VIIRS,n,2.0NRT,290.44,5.05,D
-27.04081,-58.73931,345.38,0.57,0.69,2026-05-21,1834,N20,VIIRS,n,2.0NRT,289.16,8.54,D
-27.03911,-58.73849,332.58,0.57,0.69,2026-05-21,1834,N20,VIIRS,n,2.0NRT,287.76,5.05,D
-27.01511,-58.19965,331.42,0.62,0.71,2026-05-21,1834,N20,VIIRS,n,2.0NRT,288.9,3.43,D
-26.94826,-58.75457,331.78,0.57,0.69,2026-05-21,1834,N20,VIIRS,n,2.0NRT,289.51,4.27,D
-26.94663,-58.75253,328.04,0.58,0.69,2026-05-21,1834,N20,VIIRS,n,2.0NRT,288.09,5.54,D
-26.83105,-58.70123,328.45,0.58,0.7,2026-05-21,1834,N20,VIIRS,n,2.0NRT,289.58,3.36,D
-26.76441,-58.73649,329.68,0.58,0.7,2026-05-21,1834,N20,VIIRS,n,2.0NRT,289.18,4.0,D
-26.76287,-58.73063,329.11,0.58,0.7,2026-05-21,1834,N20,VIIRS,n,2.0NRT,288.48,4.0,D
-26.59476,-57.74191,336.73,0.67,0.74,2026-05-21,1834,N20,VIIRS,n,2.0NRT,289.18,6.18,D
-26.59464,-56.5514,345.95,0.78,0.78,2026-05-21,1834,N20,VIIRS,n,2.0NRT,289.2,15.74,D
-26.59343,-57.74286,340.04,0.67,0.74,2026-05-21,1834,N20,VIIRS,n,2.0NRT,288.81,9.73,D
-26.5932,-56.55372,355.78,0.78,0.78,2026-05-21,1834,N20,VIIRS,n,2.0NRT,289.92,16.63,D
-26.59155,-56.51989,325.19,0.79,0.78,2026-05-21,1834,N20,VIIRS,n,2.0NRT,288.78,3.6,D
-26.58761,-56.55373,356.62,0.78,0.78,2026-05-21,1834,N20,VIIRS,l,2.0NRT,288.83,14.32,D
-26.58618,-56.5561,351.24,0.78,0.78,2026-05-21,1834,N20,VIIRS,n,2.0NRT,288.99,9.78,D
-26.58226,-56.73505,327.1,0.77,0.77,2026-05-21,1834,N20,VIIRS,n,2.0NRT,287.48,7.48,D
-26.40686,-57.21249,335.31,0.73,0.76,2026-05-21,1834,N20,VIIRS,n,2.0NRT,288.25,5.85,D
-26.4051,-57.21297,335.51,0.73,0.76,2026-05-21,1834,N20,VIIRS,n,2.0NRT,288.23,5.54,D
-26.38424,-57.01939,334.16,0.75,0.77,2026-05-21,1834,N20,VIIRS,n,2.0NRT,287.64,5.67,D
-26.3815,-57.02068,355.24,0.75,0.77,2026-05-21,1834,N20,VIIRS,n,2.0NRT,287.52,15.25,D
-26.37734,-57.02169,332.67,0.75,0.77,2026-05-21,1834,N20,VIIRS,n,2.0NRT,288.34,5.67,D
-26.32948,-56.80733,343.03,0.77,0.77,2026-05-21,1834,N20,VIIRS,n,2.0NRT,289.97,8.79,D
-26.3225,-56.80963,345.19,0.77,0.77,2026-05-21,1834,N20,VIIRS,n,2.0NRT,288.57,8.79,D
-27.02836,-62.69781,345.7,0.34,0.56,2026-05-21,1836,N20,VIIRS,n,2.0NRT,293.72,3.29,D
-27.01473,-61.41389,333.97,0.4,0.6,2026-05-21,1836,N20,VIIRS,n,2.0NRT,291.44,2.5,D
-26.98397,-60.53278,325.2,0.45,0.63,2026-05-21,1836,N20,VIIRS,n,2.0NRT,290.21,1.64,D
-26.96387,-60.8962,334.66,0.43,0.62,2026-05-21,1836,N20,VIIRS,n,2.0NRT,291.89,3.58,D
-26.96293,-60.89963,344.13,0.43,0.62,2026-05-21,1836,N20,VIIRS,n,2.0NRT,292.68,4.61,D
-26.70926,-58.73465,342.69,0.58,0.7,2026-05-21,1836,N20,VIIRS,n,2.0NRT,288.55,5.95,D
-26.70817,-58.73211,326.13,0.58,0.7,2026-05-21,1836,N20,VIIRS,n,2.0NRT,287.46,7.23,D
-26.53701,-62.70551,333.45,0.34,0.56,2026-05-21,1836,N20,VIIRS,n,2.0NRT,291.64,2.45,D
-26.3187,-57.23632,325.18,0.73,0.76,2026-05-21,1836,N20,VIIRS,n,2.0NRT,289.15,4.57,D
-26.17251,-56.7491,367.0,0.78,0.78,2026-05-21,1836,N20,VIIRS,h,2.0NRT,290.12,15.73,D
-25.9082,-61.66603,339.12,0.41,0.61,2026-05-21,1836,N20,VIIRS,n,2.0NRT,282.46,3.01,D
-23.81062,-68.98289,331.73,0.51,0.41,2026-05-21,1836,N20,VIIRS,n,2.0NRT,299.72,0.85,D
-22.31802,-68.88071,335.23,0.54,0.42,2026-05-21,1838,N20,VIIRS,n,2.0NRT,299.0,4.21,D
-21.48644,-66.46313,332.52,0.52,0.5,2026-05-21,1838,N20,VIIRS,n,2.0NRT,293.71,3.61,D
-17.93321,-67.772,342.33,0.5,0.49,2026-05-21,1838,N20,VIIRS,n,2.0NRT,299.15,9.28,D
-17.93029,-67.77043,340.68,0.5,0.49,2026-05-21,1838,N20,VIIRS,n,2.0NRT,301.41,7.46,D
-17.71202,-67.26933,344.22,0.54,0.51,2026-05-21,1838,N20,VIIRS,n,2.0NRT,303.74,8.23,D
-17.4947,-71.35897,337.93,0.47,0.4,2026-05-21,1838,N20,VIIRS,n,2.0NRT,303.2,5.94,D
-17.49034,-71.35535,337.11,0.47,0.4,2026-05-21,1838,N20,VIIRS,n,2.0NRT,304.21,5.23,D
-17.45837,-66.23428,367.0,0.32,0.54,2026-05-21,1838,N20,VIIRS,h,2.0NRT,297.07,8.79,D
-16.5114,-72.64408,334.68,0.43,0.38,2026-05-21,1838,N20,VIIRS,n,2.0NRT,298.99,6.99,D
-16.40404,-72.51529,336.6,0.43,0.38,2026-05-21,1838,N20,VIIRS,l,2.0NRT,308.17,21.92,D
-15.2301,-72.9421,336.92,0.43,0.38,2026-05-21,1841,N20,VIIRS,n,2.0NRT,309.87,3.66,D
-13.98554,-75.75533,332.57,0.38,0.36,2026-05-21,1841,N20,VIIRS,n,2.0NRT,298.64,1.51,D
-13.8412,-65.69901,333.88,0.4,0.6,2026-05-21,1841,N20,VIIRS,n,2.0NRT,283.08,4.01,D
-13.84083,-65.69914,330.2,0.4,0.6,2026-05-21,1841,N20,VIIRS,n,2.0NRT,282.94,4.33,D
-13.80299,-76.11687,332.6,0.39,0.36,2026-05-21,1841,N20,VIIRS,l,2.0NRT,303.81,1.16,D
-13.7873,-76.17033,334.16,0.39,0.36,2026-05-21,1841,N20,VIIRS,l,2.0NRT,304.19,1.5,D
-13.67361,-65.97328,326.02,0.39,0.59,2026-05-21,1841,N20,VIIRS,n,2.0NRT,286.47,3.92,D
-13.67213,-65.97202,334.06,0.39,0.59,2026-05-21,1841,N20,VIIRS,n,2.0NRT,286.3,3.36,D
-13.66746,-65.97077,325.56,0.39,0.59,2026-05-21,1841,N20,VIIRS,n,2.0NRT,285.66,3.41,D
-13.6343,-65.54903,325.55,0.42,0.61,2026-05-21,1841,N20,VIIRS,n,2.0NRT,287.59,2.26,D
-13.59291,-73.19025,336.84,0.43,0.38,2026-05-21,1841,N20,VIIRS,n,2.0NRT,306.69,9.5,D
-13.57524,-66.26012,354.5,0.37,0.58,2026-05-21,1841,N20,VIIRS,n,2.0NRT,287.58,11.66,D
-13.57457,-66.25668,345.79,0.37,0.58,2026-05-21,1841,N20,VIIRS,n,2.0NRT,286.98,12.28,D
-13.5699,-66.26118,356.51,0.37,0.58,2026-05-21,1841,N20,VIIRS,l,2.0NRT,286.84,7.71,D
-13.56923,-66.25774,328.17,0.37,0.58,2026-05-21,1841,N20,VIIRS,n,2.0NRT,286.46,5.74,D
-13.53757,-64.67455,332.09,0.48,0.64,2026-05-21,1841,N20,VIIRS,n,2.0NRT,283.4,7.1,D
-13.53342,-64.68459,344.59,0.48,0.64,2026-05-21,1841,N20,VIIRS,n,2.0NRT,283.59,9.35,D
-13.53095,-64.68513,332.99,0.48,0.64,2026-05-21,1841,N20,VIIRS,n,2.0NRT,282.79,4.01,D
-13.53004,-64.68074,334.84,0.48,0.64,2026-05-21,1841,N20,VIIRS,n,2.0NRT,282.65,4.01,D
-13.51385,-66.5019,327.15,0.36,0.57,2026-05-21,1841,N20,VIIRS,n,2.0NRT,281.99,5.32,D
-13.50744,-76.0917,337.99,0.38,0.36,2026-05-21,1841,N20,VIIRS,n,2.0NRT,298.53,3.02,D
-13.44367,-65.31557,335.99,0.43,0.62,2026-05-21,1841,N20,VIIRS,n,2.0NRT,289.83,8.26,D
-13.44227,-66.30483,330.89,0.37,0.58,2026-05-21,1841,N20,VIIRS,n,2.0NRT,284.22,4.33,D
-13.44221,-65.31667,337.42,0.43,0.62,2026-05-21,1841,N20,VIIRS,n,2.0NRT,290.31,7.79,D
-13.44204,-65.30756,326.06,0.43,0.62,2026-05-21,1841,N20,VIIRS,n,2.0NRT,289.02,4.91,D
-13.44063,-65.30862,338.42,0.44,0.62,2026-05-21,1841,N20,VIIRS,n,2.0NRT,289.44,4.7,D
-13.43693,-66.30589,356.46,0.37,0.58,2026-05-21,1841,N20,VIIRS,l,2.0NRT,283.17,9.51,D
-13.43557,-66.299,334.7,0.37,0.58,2026-05-21,1841,N20,VIIRS,n,2.0NRT,280.61,2.89,D
-13.4123,-65.77745,336.04,0.41,0.6,2026-05-21,1841,N20,VIIRS,n,2.0NRT,287.13,3.13,D
-13.41163,-65.77763,338.55,0.41,0.6,2026-05-21,1841,N20,VIIRS,n,2.0NRT,285.87,2.79,D
-13.40678,-65.77856,336.54,0.41,0.6,2026-05-21,1841,N20,VIIRS,n,2.0NRT,286.54,3.13,D
-13.29278,-66.36523,332.58,0.37,0.58,2026-05-21,1841,N20,VIIRS,n,2.0NRT,279.29,4.22,D
-13.23247,-65.49932,332.96,0.43,0.62,2026-05-21,1841,N20,VIIRS,n,2.0NRT,282.02,3.43,D
-13.19158,-66.51567,325.16,0.37,0.58,2026-05-21,1841,N20,VIIRS,n,2.0NRT,281.48,2.1,D
-12.96247,-65.61261,329.09,0.42,0.61,2026-05-21,1841,N20,VIIRS,n,2.0NRT,282.26,6.87,D
-12.95946,-65.61275,330.45,0.42,0.61,2026-05-21,1841,N20,VIIRS,n,2.0NRT,279.95,4.78,D
-12.95763,-65.61764,343.33,0.42,0.61,2026-05-21,1841,N20,VIIRS,n,2.0NRT,280.81,7.33,D
-12.9546,-65.61781,343.51,0.42,0.61,2026-05-21,1841,N20,VIIRS,n,2.0NRT,278.72,7.96,D
-12.87833,-65.98914,334.08,0.4,0.6,2026-05-21,1841,N20,VIIRS,n,2.0NRT,285.79,4.71,D
-12.87761,-65.98544,332.83,0.4,0.6,2026-05-21,1841,N20,VIIRS,n,2.0NRT,284.99,4.66,D
-12.77529,-66.27657,351.29,0.39,0.59,2026-05-21,1841,N20,VIIRS,n,2.0NRT,279.15,17.66,D
-12.77458,-66.27299,356.5,0.39,0.59,2026-05-21,1841,N20,VIIRS,l,2.0NRT,279.42,17.66,D
-12.77388,-66.27649,346.84,0.39,0.59,2026-05-21,1841,N20,VIIRS,n,2.0NRT,283.68,28.92,D
-12.7732,-66.27291,356.29,0.39,0.59,2026-05-21,1841,N20,VIIRS,l,2.0NRT,280.01,17.33,D
-12.77317,-66.26582,349.12,0.39,0.59,2026-05-21,1841,N20,VIIRS,n,2.0NRT,277.32,14.54,D
-12.77184,-66.26572,347.66,0.39,0.59,2026-05-21,1841,N20,VIIRS,n,2.0NRT,278.48,9.32,D
-12.76846,-66.27048,331.3,0.39,0.59,2026-05-21,1841,N20,VIIRS,n,2.0NRT,279.84,4.4,D
-12.76775,-66.26688,334.99,0.39,0.59,2026-05-21,1841,N20,VIIRS,n,2.0NRT,278.76,4.4,D
-12.7671,-66.27039,353.17,0.39,0.59,2026-05-21,1841,N20,VIIRS,n,2.0NRT,280.77,17.33,D
-12.76375,-66.27509,332.71,0.39,0.59,2026-05-21,1841,N20,VIIRS,n,2.0NRT,281.46,7.58,D
-12.76305,-66.27152,352.22,0.39,0.59,2026-05-21,1841,N20,VIIRS,n,2.0NRT,280.46,4.4,D
-12.76304,-66.27859,325.62,0.39,0.59,2026-05-21,1841,N20,VIIRS,n,2.0NRT,282.56,4.13,D
-12.76236,-66.27502,351.36,0.39,0.59,2026-05-21,1841,N20,VIIRS,n,2.0NRT,282.52,11.21,D
-12.75903,-66.27966,329.25,0.39,0.59,2026-05-21,1841,N20,VIIRS,n,2.0NRT,282.16,3.42,D
-12.75833,-66.27609,347.68,0.39,0.59,2026-05-21,1841,N20,VIIRS,n,2.0NRT,281.27,3.42,D
-12.75762,-66.27962,339.41,0.39,0.59,2026-05-21,1841,N20,VIIRS,n,2.0NRT,281.55,4.13,D
-12.72842,-65.83529,333.8,0.41,0.61,2026-05-21,1841,N20,VIIRS,n,2.0NRT,281.07,3.11,D
-12.69659,-66.49899,336.3,0.37,0.58,2026-05-21,1841,N20,VIIRS,n,2.0NRT,288.68,4.42,D
-12.69407,-66.49886,338.49,0.37,0.58,2026-05-21,1841,N20,VIIRS,n,2.0NRT,289.02,4.36,D
-12.69387,-66.51385,326.27,0.37,0.58,2026-05-21,1841,N20,VIIRS,n,2.0NRT,287.64,2.41,D
-12.69321,-66.51039,335.43,0.37,0.58,2026-05-21,1841,N20,VIIRS,n,2.0NRT,287.29,2.41,D
-12.6919,-66.50349,334.68,0.37,0.58,2026-05-21,1841,N20,VIIRS,n,2.0NRT,287.65,4.37,D
-12.69145,-66.51369,335.13,0.37,0.58,2026-05-21,1841,N20,VIIRS,n,2.0NRT,288.39,5.99,D
-12.68853,-66.51489,351.65,0.37,0.58,2026-05-21,1841,N20,VIIRS,n,2.0NRT,289.72,11.85,D
-12.68787,-66.51144,356.32,0.37,0.58,2026-05-21,1841,N20,VIIRS,l,2.0NRT,287.03,11.85,D
-12.67851,-66.52044,333.5,0.37,0.58,2026-05-21,1841,N20,VIIRS,n,2.0NRT,287.52,3.12,D
-12.67719,-66.51353,329.72,0.37,0.58,2026-05-21,1841,N20,VIIRS,n,2.0NRT,284.47,5.16,D
-12.66981,-66.53285,342.73,0.37,0.58,2026-05-21,1841,N20,VIIRS,n,2.0NRT,284.41,3.22,D
-12.66382,-66.53046,330.32,0.37,0.58,2026-05-21,1841,N20,VIIRS,n,2.0NRT,285.43,3.22,D
-12.6131,-66.55441,350.57,0.37,0.58,2026-05-21,1841,N20,VIIRS,n,2.0NRT,287.83,17.41,D
-12.61244,-66.551,356.39,0.37,0.58,2026-05-21,1841,N20,VIIRS,l,2.0NRT,284.94,17.52,D
-12.47438,-66.78645,341.54,0.36,0.58,2026-05-21,1841,N20,VIIRS,n,2.0NRT,283.1,3.09,D
-12.46911,-66.78745,341.93,0.36,0.58,2026-05-21,1841,N20,VIIRS,n,2.0NRT,283.27,3.96,D
-12.46384,-66.78844,346.4,0.36,0.58,2026-05-21,1841,N20,VIIRS,n,2.0NRT,282.62,3.96,D
-12.45858,-66.78947,346.47,0.36,0.58,2026-05-21,1841,N20,VIIRS,n,2.0NRT,281.91,3.97,D
-12.45395,-66.7938,332.04,0.36,0.57,2026-05-21,1841,N20,VIIRS,n,2.0NRT,281.68,3.97,D
-12.45331,-66.79049,336.1,0.36,0.58,2026-05-21,1841,N20,VIIRS,n,2.0NRT,280.81,3.97,D
-12.44868,-66.79482,333.55,0.36,0.57,2026-05-21,1841,N20,VIIRS,n,2.0NRT,281.39,4.37,D
-12.44407,-66.79917,337.17,0.36,0.57,2026-05-21,1841,N20,VIIRS,n,2.0NRT,281.41,3.29,D
-12.43949,-66.79845,349.88,0.36,0.58,2026-05-21,1841,N20,VIIRS,n,2.0NRT,281.45,4.71,D
-12.43879,-66.80014,337.84,0.36,0.57,2026-05-21,1841,N20,VIIRS,n,2.0NRT,281.61,4.08,D
-12.43422,-66.79945,355.98,0.36,0.58,2026-05-21,1841,N20,VIIRS,n,2.0NRT,280.32,4.71,D
-12.43353,-66.80113,342.8,0.36,0.57,2026-05-21,1841,N20,VIIRS,n,2.0NRT,280.33,4.08,D
-12.43288,-66.79781,325.65,0.36,0.57,2026-05-21,1841,N20,VIIRS,n,2.0NRT,280.44,7.04,D
-12.42949,-66.74492,338.95,0.37,0.58,2026-05-21,1841,N20,VIIRS,n,2.0NRT,281.01,5.76,D
-12.42826,-66.80215,332.2,0.36,0.57,2026-05-21,1841,N20,VIIRS,n,2.0NRT,279.85,4.53,D
-12.42775,-66.74342,343.24,0.36,0.58,2026-05-21,1841,N20,VIIRS,n,2.0NRT,279.95,4.48,D
-12.42584,-66.78385,325.97,0.36,0.58,2026-05-21,1841,N20,VIIRS,n,2.0NRT,278.24,3.98,D
-12.42502,-66.78555,327.74,0.36,0.58,2026-05-21,1841,N20,VIIRS,n,2.0NRT,279.29,4.03,D
-12.42432,-66.80485,335.45,0.36,0.58,2026-05-21,1841,N20,VIIRS,n,2.0NRT,279.56,3.62,D
-12.42181,-66.79151,333.59,0.36,0.58,2026-05-21,1841,N20,VIIRS,n,2.0NRT,276.89,2.97,D
-12.41954,-66.7503,333.0,0.36,0.58,2026-05-21,1841,N20,VIIRS,n,2.0NRT,280.89,2.37,D
-12.41905,-66.80586,336.71,0.36,0.58,2026-05-21,1841,N20,VIIRS,n,2.0NRT,278.3,2.18,D
-12.41783,-66.74876,335.24,0.36,0.58,2026-05-21,1841,N20,VIIRS,n,2.0NRT,279.65,2.26,D
-12.41378,-66.80687,333.6,0.36,0.58,2026-05-21,1841,N20,VIIRS,n,2.0NRT,278.01,2.18,D
-12.41253,-66.80022,333.49,0.36,0.58,2026-05-21,1841,N20,VIIRS,n,2.0NRT,276.88,4.87,D
-12.40789,-66.80458,333.91,0.36,0.58,2026-05-21,1841,N20,VIIRS,n,2.0NRT,279.68,3.65,D
-12.40388,-66.81224,328.03,0.36,0.57,2026-05-21,1841,N20,VIIRS,n,2.0NRT,279.55,3.63,D
-12.40325,-66.80891,331.66,0.36,0.58,2026-05-21,1841,N20,VIIRS,n,2.0NRT,278.5,3.63,D
-12.39862,-66.81326,336.12,0.36,0.57,2026-05-21,1841,N20,VIIRS,n,2.0NRT,279.58,10.42,D
-12.39799,-66.80993,332.05,0.36,0.58,2026-05-21,1841,N20,VIIRS,n,2.0NRT,276.72,10.42,D
-12.39673,-66.80328,329.8,0.36,0.58,2026-05-21,1841,N20,VIIRS,n,2.0NRT,279.38,8.38,D
-12.39335,-66.81427,356.3,0.36,0.57,2026-05-21,1841,N20,VIIRS,l,2.0NRT,280.59,10.42,D
-12.39272,-66.81095,351.64,0.36,0.58,2026-05-21,1841,N20,VIIRS,n,2.0NRT,284.33,10.42,D
-12.39209,-66.80762,353.46,0.36,0.58,2026-05-21,1841,N20,VIIRS,n,2.0NRT,280.02,8.38,D
-12.39146,-66.8043,356.29,0.36,0.58,2026-05-21,1841,N20,VIIRS,l,2.0NRT,281.7,8.38,D
-12.38872,-66.81862,337.7,0.36,0.57,2026-05-21,1841,N20,VIIRS,n,2.0NRT,279.15,8.52,D
-12.38809,-66.81529,356.42,0.36,0.57,2026-05-21,1841,N20,VIIRS,l,2.0NRT,280.11,19.2,D
-12.38346,-66.81963,352.34,0.36,0.57,2026-05-21,1841,N20,VIIRS,n,2.0NRT,280.03,8.52,D
-12.37883,-66.82395,327.57,0.36,0.57,2026-05-21,1841,N20,VIIRS,n,2.0NRT,280.71,3.31,D
-12.37819,-66.82064,341.77,0.36,0.57,2026-05-21,1841,N20,VIIRS,n,2.0NRT,280.33,3.31,D
-12.36872,-66.45065,342.83,0.38,0.59,2026-05-21,1841,N20,VIIRS,n,2.0NRT,284.4,3.94,D
-12.36617,-66.45684,327.18,0.38,0.59,2026-05-21,1841,N20,VIIRS,n,2.0NRT,285.25,5.85,D
-12.36548,-66.45334,356.67,0.38,0.59,2026-05-21,1841,N20,VIIRS,l,2.0NRT,285.78,5.85,D
-12.3648,-66.44984,329.1,0.38,0.59,2026-05-21,1841,N20,VIIRS,n,2.0NRT,283.37,7.48,D
-12.36465,-66.45872,327.2,0.38,0.59,2026-05-21,1841,N20,VIIRS,n,2.0NRT,285.65,3.88,D
-12.36398,-66.45519,352.34,0.38,0.59,2026-05-21,1841,N20,VIIRS,n,2.0NRT,286.05,3.88,D
-12.36332,-66.45168,341.52,0.38,0.59,2026-05-21,1841,N20,VIIRS,n,2.0NRT,283.46,7.47,D
-12.36009,-66.45435,353.79,0.38,0.59,2026-05-21,1841,N20,VIIRS,n,2.0NRT,283.63,6.6,D
-12.35859,-66.45624,331.08,0.38,0.59,2026-05-21,1841,N20,VIIRS,n,2.0NRT,284.1,3.88,D
-12.33836,-66.46742,338.64,0.38,0.59,2026-05-21,1841,N20,VIIRS,n,2.0NRT,284.56,5.89,D
-12.33364,-66.47198,355.99,0.38,0.59,2026-05-21,1841,N20,VIIRS,n,2.0NRT,287.12,9.73,D
-12.33296,-66.46846,339.05,0.38,0.59,2026-05-21,1841,N20,VIIRS,n,2.0NRT,283.42,9.73,D
-12.33092,-66.48699,325.86,0.38,0.59,2026-05-21,1841,N20,VIIRS,n,2.0NRT,286.8,5.37,D
-12.32892,-66.4765,356.29,0.38,0.59,2026-05-21,1841,N20,VIIRS,l,2.0NRT,286.37,13.9,D
-12.32554,-66.48803,332.1,0.38,0.59,2026-05-21,1841,N20,VIIRS,n,2.0NRT,285.89,2.79,D
-12.32487,-66.48454,337.96,0.38,0.59,2026-05-21,1841,N20,VIIRS,n,2.0NRT,285.41,2.79,D
-12.30914,-66.88419,337.25,0.36,0.57,2026-05-21,1841,N20,VIIRS,n,2.0NRT,283.3,6.19,D
-12.30852,-66.88091,333.72,0.36,0.57,2026-05-21,1841,N20,VIIRS,n,2.0NRT,280.97,6.79,D
-12.22221,-67.40686,353.34,0.33,0.55,2026-05-21,1841,N20,VIIRS,n,2.0NRT,277.27,3.79,D
-12.22165,-67.40379,329.63,0.33,0.55,2026-05-21,1841,N20,VIIRS,n,2.0NRT,273.67,3.79,D
-12.21998,-67.4059,349.71,0.33,0.55,2026-05-21,1841,N20,VIIRS,n,2.0NRT,275.77,4.72,D
-12.16502,-66.72308,333.85,0.37,0.58,2026-05-21,1841,N20,VIIRS,n,2.0NRT,283.32,2.51,D
-12.1597,-66.7241,336.94,0.37,0.58,2026-05-21,1841,N20,VIIRS,n,2.0NRT,283.16,2.51,D
-12.15438,-66.72511,332.73,0.37,0.58,2026-05-21,1841,N20,VIIRS,n,2.0NRT,283.45,4.22,D
-12.14971,-66.72953,331.39,0.37,0.58,2026-05-21,1841,N20,VIIRS,n,2.0NRT,283.79,3.79,D
-12.14439,-66.73055,333.98,0.37,0.58,2026-05-21,1841,N20,VIIRS,n,2.0NRT,283.9,2.96,D
-12.13973,-66.73495,334.98,0.37,0.58,2026-05-21,1841,N20,VIIRS,n,2.0NRT,285.05,2.96,D
-12.13907,-66.73155,332.65,0.37,0.58,2026-05-21,1841,N20,VIIRS,n,2.0NRT,283.64,2.96,D
-12.13235,-66.75392,335.47,0.37,0.58,2026-05-21,1841,N20,VIIRS,n,2.0NRT,285.39,2.61,D
-12.12704,-66.75493,349.3,0.37,0.58,2026-05-21,1841,N20,VIIRS,n,2.0NRT,285.33,6.02,D
-12.11976,-66.7458,349.38,0.37,0.58,2026-05-21,1841,N20,VIIRS,n,2.0NRT,285.73,7.07,D
-12.11446,-66.74686,327.32,0.37,0.58,2026-05-21,1841,N20,VIIRS,n,2.0NRT,283.62,1.7,D
-12.10888,-66.76611,344.01,0.37,0.58,2026-05-21,1841,N20,VIIRS,n,2.0NRT,285.19,5.58,D
-12.10825,-66.76276,331.18,0.37,0.58,2026-05-21,1841,N20,VIIRS,n,2.0NRT,283.98,5.05,D
-12.10711,-66.7658,343.3,0.37,0.58,2026-05-21,1841,N20,VIIRS,n,2.0NRT,285.11,3.5,D
-11.85324,-75.00291,338.15,0.39,0.37,2026-05-21,1841,N20,VIIRS,n,2.0NRT,291.88,5.3,D
-11.76177,-74.31287,342.63,0.41,0.37,2026-05-21,1841,N20,VIIRS,n,2.0NRT,291.66,7.92,D
-11.5152,-74.43674,330.65,0.41,0.37,2026-05-21,1841,N20,VIIRS,n,2.0NRT,291.96,2.17,D
-10.85264,-77.6533,335.01,0.4,0.37,2026-05-21,1841,N20,VIIRS,n,2.0NRT,300.19,2.87,D
-9.05847,-78.60012,331.59,0.41,0.37,2026-05-21,1841,N20,VIIRS,n,2.0NRT,301.27,2.4,D
-9.05165,-78.60114,333.01,0.41,0.37,2026-05-21,1841,N20,VIIRS,n,2.0NRT,301.1,2.96,D
-8.97606,-78.5367,339.13,0.41,0.37,2026-05-21,1841,N20,VIIRS,n,2.0NRT,302.94,8.31,D
-8.96478,-78.53081,333.75,0.41,0.37,2026-05-21,1841,N20,VIIRS,n,2.0NRT,298.71,20.35,D
-8.9155,-78.41442,331.75,0.4,0.37,2026-05-21,1841,N20,VIIRS,n,2.0NRT,301.37,1.06,D
-8.55822,-77.70522,339.52,0.39,0.36,2026-05-21,1841,N20,VIIRS,n,2.0NRT,292.22,9.36,D
-8.55769,-77.70171,335.71,0.39,0.36,2026-05-21,1841,N20,VIIRS,n,2.0NRT,290.78,9.36,D
-7.78308,-72.83025,345.3,0.53,0.42,2026-05-21,1841,N20,VIIRS,n,2.0NRT,290.14,10.69,D
-5.79264,-77.36859,328.71,0.38,0.36,2026-05-21,1841,N20,VIIRS,n,2.0NRT,293.86,2.42,D
-5.76663,-77.30899,332.06,0.38,0.36,2026-05-21,1841,N20,VIIRS,n,2.0NRT,294.98,2.22,D
-5.76569,-79.86291,343.75,0.43,0.38,2026-05-21,1841,N20,VIIRS,n,2.0NRT,302.68,4.54,D
-5.50351,-80.75407,338.99,0.46,0.39,2026-05-21,1841,N20,VIIRS,n,2.0NRT,304.02,4.52,D
-4.98687,-80.65022,332.01,0.45,0.39,2026-05-21,1841,N20,VIIRS,n,2.0NRT,300.48,2.5,D
-4.85003,-80.72871,346.97,0.45,0.39,2026-05-21,1841,N20,VIIRS,n,2.0NRT,304.8,10.11,D
-4.82033,-80.21001,334.24,0.43,0.38,2026-05-21,1841,N20,VIIRS,n,2.0NRT,301.1,3.58,D
-4.81669,-80.32992,341.74,0.44,0.38,2026-05-21,1841,N20,VIIRS,n,2.0NRT,299.77,4.69,D
-4.78123,-80.25934,337.37,0.43,0.38,2026-05-21,1841,N20,VIIRS,n,2.0NRT,299.46,2.81,D
-4.77774,-80.25985,330.76,0.43,0.38,2026-05-21,1841,N20,VIIRS,n,2.0NRT,299.9,2.81,D
-4.75833,-80.32975,330.71,0.44,0.38,2026-05-21,1841,N20,VIIRS,n,2.0NRT,298.99,1.62,D
-4.72196,-80.54503,336.27,0.44,0.39,2026-05-21,1841,N20,VIIRS,n,2.0NRT,301.02,3.33,D
-4.71374,-80.51371,337.34,0.44,0.39,2026-05-21,1841,N20,VIIRS,n,2.0NRT,298.86,1.44,D
-4.71021,-80.51424,340.31,0.44,0.39,2026-05-21,1841,N20,VIIRS,n,2.0NRT,299.42,2.84,D
-4.70904,-80.50627,338.49,0.44,0.39,2026-05-21,1841,N20,VIIRS,n,2.0NRT,301.29,8.34,D
-4.70019,-80.51979,331.3,0.44,0.39,2026-05-21,1841,N20,VIIRS,n,2.0NRT,298.66,1.0,D
-4.70017,-80.51938,332.02,0.44,0.39,2026-05-21,1841,N20,VIIRS,n,2.0NRT,299.28,1.52,D
-4.69664,-80.51991,337.91,0.44,0.39,2026-05-21,1841,N20,VIIRS,n,2.0NRT,301.55,1.97,D
-4.43754,-79.8502,332.42,0.42,0.37,2026-05-21,1841,N20,VIIRS,n,2.0NRT,296.14,9.91,D
-7.97821,-78.60774,339.02,0.4,0.37,2026-05-21,1843,N20,VIIRS,l,2.0NRT,310.16,9.1,D
-7.97488,-78.60851,336.65,0.4,0.37,2026-05-21,1843,N20,VIIRS,l,2.0NRT,311.38,22.51,D
-7.97155,-78.60926,352.03,0.4,0.37,2026-05-21,1843,N20,VIIRS,n,2.0NRT,315.79,22.51,D
-7.97103,-78.6058,339.05,0.4,0.37,2026-05-21,1843,N20,VIIRS,n,2.0NRT,302.44,16.82,D
-7.96821,-78.60999,346.11,0.4,0.37,2026-05-21,1843,N20,VIIRS,n,2.0NRT,308.48,11.49,D
-7.96768,-78.60641,343.96,0.4,0.37,2026-05-21,1843,N20,VIIRS,n,2.0NRT,302.84,4.93,D
-7.79879,-79.25968,336.0,0.42,0.38,2026-05-21,1843,N20,VIIRS,n,2.0NRT,298.47,4.79,D
-7.79578,-79.28737,341.35,0.42,0.38,2026-05-21,1843,N20,VIIRS,n,2.0NRT,301.84,6.7,D
-7.74773,-79.38432,331.52,0.42,0.38,2026-05-21,1843,N20,VIIRS,n,2.0NRT,300.19,2.6,D
-7.44753,-79.55412,343.49,0.43,0.38,2026-05-21,1843,N20,VIIRS,n,2.0NRT,298.75,3.4,D
-7.44462,-79.5585,345.24,0.43,0.38,2026-05-21,1843,N20,VIIRS,n,2.0NRT,297.27,4.79,D
-7.39898,-79.51395,333.44,0.43,0.38,2026-05-21,1843,N20,VIIRS,n,2.0NRT,297.84,4.78,D
-7.35678,-79.41039,333.61,0.42,0.38,2026-05-21,1843,N20,VIIRS,n,2.0NRT,298.54,1.66,D
-7.32833,-79.50462,343.74,0.43,0.38,2026-05-21,1843,N20,VIIRS,n,2.0NRT,301.16,13.76,D
-7.3054,-79.44534,332.74,0.42,0.38,2026-05-21,1843,N20,VIIRS,n,2.0NRT,299.14,8.04,D
-7.30484,-79.44152,335.08,0.42,0.38,2026-05-21,1843,N20,VIIRS,n,2.0NRT,300.41,13.52,D
-7.27493,-79.28676,342.01,0.42,0.38,2026-05-21,1843,N20,VIIRS,n,2.0NRT,299.34,33.42,D
-7.26967,-79.44285,338.28,0.42,0.38,2026-05-21,1843,N20,VIIRS,n,2.0NRT,299.42,7.39,D
-7.22451,-79.46469,347.4,0.42,0.38,2026-05-21,1843,N20,VIIRS,n,2.0NRT,301.61,7.79,D
-7.22162,-79.46902,335.03,0.42,0.38,2026-05-21,1843,N20,VIIRS,n,2.0NRT,300.36,7.62,D
-7.22105,-79.46519,347.33,0.42,0.38,2026-05-21,1843,N20,VIIRS,n,2.0NRT,300.9,7.62,D
-7.20382,-79.44436,330.41,0.42,0.38,2026-05-21,1843,N20,VIIRS,l,2.0NRT,300.68,7.83,D
-7.20326,-79.44055,330.04,0.42,0.38,2026-05-21,1843,N20,VIIRS,n,2.0NRT,297.42,4.48,D
-7.19956,-79.51141,335.16,0.42,0.38,2026-05-21,1843,N20,VIIRS,n,2.0NRT,299.07,21.75,D
-7.16724,-79.50838,343.41,0.42,0.38,2026-05-21,1843,N20,VIIRS,n,2.0NRT,299.36,5.7,D
-7.1571,-79.54907,336.36,0.43,0.38,2026-05-21,1843,N20,VIIRS,n,2.0NRT,297.34,2.64,D
-6.89435,-79.47887,338.76,0.42,0.38,2026-05-21,1843,N20,VIIRS,n,2.0NRT,300.78,1.87,D
-6.7505,-79.80193,341.71,0.43,0.38,2026-05-21,1843,N20,VIIRS,n,2.0NRT,302.43,9.46,D
-6.71365,-79.89116,330.07,0.44,0.38,2026-05-21,1843,N20,VIIRS,n,2.0NRT,299.73,2.23,D
-6.58872,-79.90096,336.01,0.43,0.38,2026-05-21,1843,N20,VIIRS,n,2.0NRT,300.07,3.39,D
-6.58072,-79.84633,335.32,0.43,0.38,2026-05-21,1843,N20,VIIRS,n,2.0NRT,299.43,3.21,D
-6.57722,-79.84685,340.28,0.43,0.38,2026-05-21,1843,N20,VIIRS,n,2.0NRT,297.89,5.08,D
-6.56078,-79.88113,345.7,0.43,0.38,2026-05-21,1843,N20,VIIRS,n,2.0NRT,300.35,7.66,D
-6.55977,-79.88101,355.16,0.43,0.38,2026-05-21,1843,N20,VIIRS,n,2.0NRT,301.05,11.38,D
-6.55728,-79.88165,335.88,0.43,0.38,2026-05-21,1843,N20,VIIRS,n,2.0NRT,300.18,7.66,D
-6.55672,-79.87775,333.87,0.43,0.38,2026-05-21,1843,N20,VIIRS,n,2.0NRT,297.39,7.66,D
-6.55627,-79.88154,339.46,0.43,0.38,2026-05-21,1843,N20,VIIRS,n,2.0NRT,298.83,11.38,D
-6.53295,-79.86905,337.83,0.43,0.38,2026-05-21,1843,N20,VIIRS,n,2.0NRT,298.22,4.98,D
-6.50662,-79.93277,339.13,0.44,0.38,2026-05-21,1843,N20,VIIRS,n,2.0NRT,300.23,8.89,D
-6.502,-79.90149,348.05,0.43,0.38,2026-05-21,1843,N20,VIIRS,n,2.0NRT,302.41,22.16,D
-6.4985,-79.90201,330.68,0.43,0.38,2026-05-21,1843,N20,VIIRS,n,2.0NRT,299.22,3.04,D
-6.48685,-79.89576,332.42,0.43,0.38,2026-05-21,1843,N20,VIIRS,n,2.0NRT,298.65,4.82,D
-6.48628,-79.89185,334.2,0.43,0.38,2026-05-21,1843,N20,VIIRS,n,2.0NRT,298.24,5.6,D
-6.48564,-79.91188,335.08,0.43,0.38,2026-05-21,1843,N20,VIIRS,n,2.0NRT,299.05,2.42,D
-6.41399,-79.5686,336.35,0.42,0.38,2026-05-21,1843,N20,VIIRS,n,2.0NRT,299.71,6.13,D
-6.33316,-78.76528,333.06,0.4,0.37,2026-05-21,1843,N20,VIIRS,n,2.0NRT,293.52,3.2,D
-6.31095,-76.0875,328.43,0.4,0.37,2026-05-21,1843,N20,VIIRS,n,2.0NRT,292.93,1.37,D
-6.14836,-75.95107,332.55,0.4,0.37,2026-05-21,1843,N20,VIIRS,n,2.0NRT,291.4,2.91,D
-2.30934,-79.68445,345.08,0.4,0.37,2026-05-21,1843,N20,VIIRS,n,2.0NRT,299.71,12.89,D
-2.30598,-79.68495,346.11,0.4,0.37,2026-05-21,1843,N20,VIIRS,n,2.0NRT,298.48,12.89,D
-2.26667,-79.64372,337.92,0.4,0.37,2026-05-21,1843,N20,VIIRS,n,2.0NRT,297.94,4.06,D
-2.26068,-80.22496,334.63,0.41,0.37,2026-05-21,1843,N20,VIIRS,n,2.0NRT,299.03,5.8,D
-2.09491,-79.78364,341.51,0.4,0.37,2026-05-21,1843,N20,VIIRS,n,2.0NRT,299.18,17.48,D
-2.09165,-79.70321,345.62,0.4,0.37,2026-05-21,1843,N20,VIIRS,n,2.0NRT,296.72,6.86,D
-2.09155,-79.78414,346.55,0.4,0.37,2026-05-21,1843,N20,VIIRS,n,2.0NRT,297.79,17.48,D
-2.08294,-79.66817,337.27,0.4,0.37,2026-05-21,1843,N20,VIIRS,n,2.0NRT,298.4,3.41,D
-2.02687,-79.63023,331.02,0.4,0.37,2026-05-21,1843,N20,VIIRS,n,2.0NRT,294.62,3.15,D
-2.02352,-79.63073,340.91,0.4,0.37,2026-05-21,1843,N20,VIIRS,n,2.0NRT,296.64,5.43,D
-1.97405,-79.99675,334.52,0.4,0.37,2026-05-21,1843,N20,VIIRS,n,2.0NRT,297.31,7.25,D
-1.85006,-79.33757,332.31,0.39,0.36,2026-05-21,1843,N20,VIIRS,n,2.0NRT,295.32,1.96,D
-1.84446,-79.34557,338.32,0.39,0.36,2026-05-21,1843,N20,VIIRS,n,2.0NRT,293.95,3.73,D
-1.81202,-79.31118,346.61,0.39,0.36,2026-05-21,1843,N20,VIIRS,n,2.0NRT,295.17,6.94,D
-1.78833,-79.33293,333.48,0.39,0.36,2026-05-21,1843,N20,VIIRS,n,2.0NRT,295.27,2.41,D
-1.77835,-79.33443,340.48,0.39,0.36,2026-05-21,1843,N20,VIIRS,n,2.0NRT,295.87,3.64,D
-1.77502,-79.33494,334.08,0.39,0.36,2026-05-21,1843,N20,VIIRS,n,2.0NRT,294.33,1.83,D
-1.77314,-79.36735,331.04,0.39,0.36,2026-05-21,1843,N20,VIIRS,n,2.0NRT,295.63,2.62,D
-1.75041,-79.6003,338.02,0.39,0.37,2026-05-21,1843,N20,VIIRS,n,2.0NRT,296.46,3.33,D
-1.74898,-79.5681,335.68,0.39,0.36,2026-05-21,1843,N20,VIIRS,n,2.0NRT,294.86,2.54,D
-1.72912,-79.61127,333.86,0.39,0.37,2026-05-21,1843,N20,VIIRS,n,2.0NRT,295.98,3.02,D
-1.66251,-79.57807,349.08,0.39,0.36,2026-05-21,1843,N20,VIIRS,n,2.0NRT,294.87,6.27,D
-1.59816,-79.66724,333.22,0.39,0.37,2026-05-21,1843,N20,VIIRS,n,2.0NRT,292.31,5.12,D
-1.53908,-78.58701,327.51,0.38,0.36,2026-05-21,1843,N20,VIIRS,l,2.0NRT,298.99,3.36,D
-1.53036,-79.49058,340.26,0.39,0.36,2026-05-21,1843,N20,VIIRS,n,2.0NRT,293.44,5.13,D
2.11844,-77.06922,337.15,0.42,0.38,2026-05-21,1843,N20,VIIRS,n,2.0NRT,297.56,3.12,D
2.12059,-77.06968,332.14,0.43,0.38,2026-05-21,1843,N20,VIIRS,n,2.0NRT,297.1,2.99,D
2.56899,-76.46291,331.11,0.46,0.39,2026-05-21,1843,N20,VIIRS,n,2.0NRT,292.08,2.16,D
2.70665,-76.77564,332.03,0.44,0.39,2026-05-21,1843,N20,VIIRS,n,2.0NRT,290.94,4.54,D
2.70666,-76.77216,331.6,0.44,0.39,2026-05-21,1843,N20,VIIRS,n,2.0NRT,289.03,4.59,D
3.0345,-76.73272,331.61,0.45,0.39,2026-05-21,1843,N20,VIIRS,n,2.0NRT,284.66,4.95,D
3.03473,-76.73297,334.97,0.45,0.39,2026-05-21,1843,N20,VIIRS,n,2.0NRT,285.26,5.99,D
7.86103,-80.46039,346.48,0.38,0.36,2026-05-21,1845,N20,VIIRS,n,2.0NRT,293.3,5.9,D
8.43208,-80.92455,330.2,0.38,0.36,2026-05-21,1845,N20,VIIRS,n,2.0NRT,296.77,1.09,D
8.51725,-72.15167,327.27,0.34,0.56,2026-05-21,1845,N20,VIIRS,n,2.0NRT,277.22,3.1,D
8.58604,-72.73388,330.35,0.62,0.54,2026-05-21,1845,N20,VIIRS,n,2.0NRT,282.82,4.76,D
8.58765,-72.73086,339.03,0.62,0.54,2026-05-21,1845,N20,VIIRS,n,2.0NRT,282.97,8.46,D
-48.4271,-69.54217,356.53,0.67,0.74,2026-05-21,2010,N20,VIIRS,l,2.0NRT,285.97,10.51,D
-48.42152,-69.54869,335.86,0.67,0.74,2026-05-21,2010,N20,VIIRS,n,2.0NRT,282.78,10.51,D
-4.19058,-41.00606,302.11,0.41,0.37,2026-05-22,402,N20,VIIRS,n,2.0NRT,288.85,0.29,N
-3.85555,-38.60782,311.69,0.39,0.36,2026-05-22,402,N20,VIIRS,n,2.0NRT,291.9,1.3,N
-3.59539,-38.85753,307.08,0.39,0.36,2026-05-22,402,N20,VIIRS,n,2.0NRT,292.53,1.82,N
-3.59484,-38.86098,327.59,0.39,0.36,2026-05-22,402,N20,VIIRS,n,2.0NRT,291.99,2.44,N
-3.58877,-38.85649,308.53,0.39,0.36,2026-05-22,402,N20,VIIRS,n,2.0NRT,292.44,1.25,N
-3.58822,-38.85995,305.95,0.39,0.36,2026-05-22,402,N20,VIIRS,n,2.0NRT,292.85,1.98,N
-3.58214,-38.85546,313.49,0.39,0.36,2026-05-22,402,N20,VIIRS,n,2.0NRT,292.59,1.34,N
-3.42251,-43.165,312.85,0.51,0.41,2026-05-22,402,N20,VIIRS,n,2.0NRT,292.98,1.29,N
-3.41874,-43.16439,304.22,0.51,0.41,2026-05-22,402,N20,VIIRS,n,2.0NRT,292.59,1.29,N
-12.39755,-38.34398,316.77,0.45,0.39,2026-05-22,404,N20,VIIRS,n,2.0NRT,290.35,1.65,N
-11.09451,-46.68585,308.61,0.43,0.46,2026-05-22,404,N20,VIIRS,n,2.0NRT,288.09,1.21,N
-11.08962,-46.68903,309.82,0.43,0.46,2026-05-22,404,N20,VIIRS,n,2.0NRT,287.74,1.21,N
-11.08542,-46.68828,306.75,0.43,0.46,2026-05-22,404,N20,VIIRS,n,2.0NRT,287.23,0.59,N
-11.06913,-46.53019,327.15,0.42,0.45,2026-05-22,404,N20,VIIRS,n,2.0NRT,290.19,2.28,N
-11.06585,-46.70083,299.65,0.43,0.46,2026-05-22,404,N20,VIIRS,n,2.0NRT,288.49,0.92,N
-11.06515,-46.70472,309.57,0.43,0.46,2026-05-22,404,N20,VIIRS,n,2.0NRT,288.54,1.45,N
-11.06094,-46.70403,314.32,0.43,0.46,2026-05-22,404,N20,VIIRS,n,2.0NRT,288.83,1.45,N
-11.06024,-46.7079,314.62,0.43,0.46,2026-05-22,404,N20,VIIRS,n,2.0NRT,288.63,1.45,N
-11.05603,-46.7072,309.07,0.43,0.46,2026-05-22,404,N20,VIIRS,n,2.0NRT,289.31,1.34,N
-11.05533,-46.7111,321.43,0.43,0.46,2026-05-22,404,N20,VIIRS,n,2.0NRT,289.41,1.69,N
-11.05111,-46.71041,300.87,0.43,0.46,2026-05-22,404,N20,VIIRS,n,2.0NRT,289.54,1.69,N
-11.05041,-46.71431,318.14,0.43,0.46,2026-05-22,404,N20,VIIRS,n,2.0NRT,289.69,1.69,N
-11.05004,-46.71471,317.65,0.43,0.46,2026-05-22,404,N20,VIIRS,n,2.0NRT,289.76,2.83,N
-11.04099,-46.79039,322.24,0.44,0.46,2026-05-22,404,N20,VIIRS,n,2.0NRT,288.93,1.77,N
-11.04029,-46.79426,310.64,0.44,0.46,2026-05-22,404,N20,VIIRS,n,2.0NRT,288.68,1.77,N
-11.03829,-46.75738,302.32,0.43,0.46,2026-05-22,404,N20,VIIRS,n,2.0NRT,288.22,0.72,N
-11.00749,-43.02676,304.45,0.42,0.38,2026-05-22,404,N20,VIIRS,n,2.0NRT,292.17,0.69,N
-10.73802,-44.0958,308.24,0.46,0.39,2026-05-22,404,N20,VIIRS,n,2.0NRT,292.03,1.25,N
-10.73729,-44.10007,310.62,0.46,0.39,2026-05-22,404,N20,VIIRS,n,2.0NRT,291.02,1.25,N
-10.73682,-44.09794,320.05,0.47,0.39,2026-05-22,404,N20,VIIRS,n,2.0NRT,292.49,2.39,N
-10.66913,-48.25101,302.6,0.55,0.51,2026-05-22,404,N20,VIIRS,n,2.0NRT,285.17,1.14,N
-10.66687,-48.25396,308.59,0.55,0.51,2026-05-22,404,N20,VIIRS,n,2.0NRT,285.52,2.45,N
-10.66443,-48.25018,302.66,0.55,0.51,2026-05-22,404,N20,VIIRS,n,2.0NRT,285.15,1.69,N
-10.66306,-48.24814,300.38,0.55,0.51,2026-05-22,404,N20,VIIRS,n,2.0NRT,284.57,1.25,N
-10.65339,-42.29574,305.18,0.4,0.37,2026-05-22,404,N20,VIIRS,n,2.0NRT,291.71,0.73,N
-10.65002,-42.29518,301.97,0.4,0.37,2026-05-22,404,N20,VIIRS,n,2.0NRT,290.48,0.73,N
-10.49242,-49.36102,308.18,0.33,0.55,2026-05-22,404,N20,VIIRS,n,2.0NRT,284.69,2.77,N
-10.48681,-49.36297,309.22,0.33,0.55,2026-05-22,404,N20,VIIRS,n,2.0NRT,283.86,1.77,N
-9.94122,-52.46407,295.16,0.54,0.68,2026-05-22,404,N20,VIIRS,n,2.0NRT,275.61,1.4,N
-9.94025,-52.46904,319.01,0.54,0.68,2026-05-22,404,N20,VIIRS,n,2.0NRT,275.81,1.4,N
-9.72597,-47.05143,304.22,0.48,0.48,2026-05-22,404,N20,VIIRS,n,2.0NRT,292.24,1.08,N
-9.72234,-47.04634,307.47,0.48,0.48,2026-05-22,404,N20,VIIRS,n,2.0NRT,291.81,1.08,N
-9.40175,-47.36521,311.92,0.51,0.49,2026-05-22,404,N20,VIIRS,n,2.0NRT,291.84,2.1,N
-9.40009,-47.36668,317.72,0.51,0.49,2026-05-22,404,N20,VIIRS,n,2.0NRT,291.63,2.33,N
-9.30611,-45.49452,330.76,0.39,0.44,2026-05-22,404,N20,VIIRS,n,2.0NRT,292.45,7.15,N
-9.3045,-45.49381,340.63,0.39,0.44,2026-05-22,404,N20,VIIRS,n,2.0NRT,294.55,7.52,N
-9.30391,-45.4973,336.98,0.39,0.44,2026-05-22,404,N20,VIIRS,n,2.0NRT,292.38,7.52,N
-9.30274,-45.49031,320.94,0.39,0.44,2026-05-22,404,N20,VIIRS,n,2.0NRT,292.02,3.56,N
-9.30212,-45.49378,351.83,0.39,0.44,2026-05-22,404,N20,VIIRS,n,2.0NRT,296.18,7.15,N
-9.30151,-45.49727,338.13,0.39,0.44,2026-05-22,404,N20,VIIRS,n,2.0NRT,293.89,7.15,N
-9.3011,-45.48958,323.0,0.39,0.44,2026-05-22,404,N20,VIIRS,n,2.0NRT,292.67,3.58,N
-9.30051,-45.49307,351.37,0.39,0.44,2026-05-22,404,N20,VIIRS,n,2.0NRT,296.86,7.52,N
-9.29992,-45.49656,340.65,0.39,0.44,2026-05-22,404,N20,VIIRS,n,2.0NRT,294.85,7.52,N
-9.2977,-45.48536,318.88,0.39,0.44,2026-05-22,404,N20,VIIRS,n,2.0NRT,292.49,5.03,N
-9.29711,-45.48885,333.7,0.39,0.44,2026-05-22,404,N20,VIIRS,n,2.0NRT,294.55,5.03,N
-9.29652,-45.49234,367.0,0.39,0.44,2026-05-22,404,N20,VIIRS,h,2.0NRT,296.37,7.77,N
-9.2943,-45.48113,305.54,0.39,0.44,2026-05-22,404,N20,VIIRS,n,2.0NRT,291.32,1.83,N
-9.29371,-45.48462,333.71,0.39,0.44,2026-05-22,404,N20,VIIRS,n,2.0NRT,294.43,5.03,N
-9.29312,-45.48811,347.45,0.39,0.44,2026-05-22,404,N20,VIIRS,n,2.0NRT,296.86,5.03,N
-9.29253,-45.49161,334.37,0.39,0.44,2026-05-22,404,N20,VIIRS,n,2.0NRT,293.18,7.77,N
-9.29031,-45.4804,311.2,0.39,0.44,2026-05-22,404,N20,VIIRS,n,2.0NRT,291.84,1.06,N
-9.28972,-45.48389,315.66,0.39,0.44,2026-05-22,404,N20,VIIRS,n,2.0NRT,293.18,3.53,N
-9.28913,-45.48737,344.27,0.39,0.44,2026-05-22,404,N20,VIIRS,n,2.0NRT,294.29,3.53,N
-8.93268,-46.91137,301.55,0.48,0.48,2026-05-22,404,N20,VIIRS,n,2.0NRT,290.82,0.96,N
-8.93192,-46.91573,304.28,0.48,0.48,2026-05-22,404,N20,VIIRS,n,2.0NRT,291.01,1.3,N
-8.93117,-46.92008,313.1,0.48,0.48,2026-05-22,404,N20,VIIRS,n,2.0NRT,291.57,1.3,N
-8.92676,-46.91924,309.55,0.48,0.48,2026-05-22,404,N20,VIIRS,n,2.0NRT,291.43,2.27,N
-8.92311,-46.91404,322.73,0.48,0.48,2026-05-22,404,N20,VIIRS,n,2.0NRT,291.54,2.27,N
-8.9187,-46.91322,310.45,0.48,0.48,2026-05-22,404,N20,VIIRS,n,2.0NRT,290.83,0.92,N
-8.73668,-47.98012,318.69,0.57,0.52,2026-05-22,404,N20,VIIRS,n,2.0NRT,290.33,2.29,N
-8.73574,-47.98544,307.83,0.57,0.52,2026-05-22,404,N20,VIIRS,n,2.0NRT,289.9,2.29,N
-8.7243,-48.32062,309.74,0.6,0.53,2026-05-22,404,N20,VIIRS,n,2.0NRT,280.53,1.52,N
-8.71942,-48.31977,302.82,0.6,0.53,2026-05-22,404,N20,VIIRS,n,2.0NRT,278.77,3.05,N
-8.71844,-48.32517,349.11,0.6,0.53,2026-05-22,404,N20,VIIRS,n,2.0NRT,282.71,7.11,N
-8.71356,-48.32431,321.52,0.6,0.53,2026-05-22,404,N20,VIIRS,n,2.0NRT,281.17,7.11,N
-8.57648,-46.43517,300.54,0.45,0.47,2026-05-22,404,N20,VIIRS,n,2.0NRT,289.19,0.6,N
-8.5722,-46.43432,303.97,0.45,0.47,2026-05-22,404,N20,VIIRS,n,2.0NRT,289.87,0.6,N
-8.56198,-45.98568,305.72,0.42,0.46,2026-05-22,404,N20,VIIRS,n,2.0NRT,291.52,4.52,N
-8.55782,-45.98485,349.08,0.42,0.46,2026-05-22,404,N20,VIIRS,n,2.0NRT,293.38,4.52,N
-8.55717,-45.98864,313.68,0.43,0.46,2026-05-22,404,N20,VIIRS,n,2.0NRT,292.12,4.52,N
-8.55365,-45.98405,336.36,0.42,0.46,2026-05-22,404,N20,VIIRS,n,2.0NRT,292.73,5.95,N
-8.55301,-45.98785,338.28,0.43,0.46,2026-05-22,404,N20,VIIRS,n,2.0NRT,292.52,5.95,N
-8.55013,-45.97947,319.71,0.42,0.46,2026-05-22,404,N20,VIIRS,n,2.0NRT,291.51,2.17,N
-8.2212,-36.1133,302.32,0.52,0.42,2026-05-22,404,N20,VIIRS,n,2.0NRT,289.07,0.77,N
-7.72087,-44.54995,303.65,0.54,0.42,2026-05-22,404,N20,VIIRS,n,2.0NRT,291.5,1.91,N
-7.72007,-44.5548,304.92,0.54,0.42,2026-05-22,404,N20,VIIRS,n,2.0NRT,290.29,1.34,N
-7.64578,-45.30586,326.12,0.4,0.44,2026-05-22,404,N20,VIIRS,n,2.0NRT,293.48,3.09,N
-7.64234,-45.3016,325.44,0.4,0.44,2026-05-22,404,N20,VIIRS,n,2.0NRT,292.95,4.18,N
-7.64173,-45.30519,350.47,0.4,0.44,2026-05-22,404,N20,VIIRS,n,2.0NRT,295.24,4.18,N
-7.64111,-45.3088,313.14,0.4,0.44,2026-05-22,404,N20,VIIRS,n,2.0NRT,292.9,1.87,N
-7.63767,-45.30453,305.55,0.4,0.44,2026-05-22,404,N20,VIIRS,n,2.0NRT,292.38,4.18,N
-7.30445,-46.98639,305.88,0.52,0.5,2026-05-22,404,N20,VIIRS,n,2.0NRT,291.02,0.83,N
-7.0528,-45.05914,309.73,0.39,0.44,2026-05-22,404,N20,VIIRS,n,2.0NRT,291.85,0.82,N
-7.05221,-45.06266,303.82,0.39,0.44,2026-05-22,404,N20,VIIRS,n,2.0NRT,291.75,0.71,N
-7.04878,-45.05838,326.75,0.39,0.44,2026-05-22,404,N20,VIIRS,n,2.0NRT,292.67,2.62,N
-6.57717,-51.10168,312.85,0.51,0.66,2026-05-22,404,N20,VIIRS,n,2.0NRT,290.33,5.6,N
-6.57598,-51.10242,367.0,0.51,0.66,2026-05-22,404,N20,VIIRS,h,2.0NRT,292.38,14.52,N
-6.5712,-51.1001,367.0,0.51,0.66,2026-05-22,404,N20,VIIRS,h,2.0NRT,292.4,5.6,N
-6.57044,-51.10421,305.43,0.51,0.66,2026-05-22,404,N20,VIIRS,n,2.0NRT,290.52,5.6,N
-6.57001,-51.10079,312.53,0.51,0.66,2026-05-22,404,N20,VIIRS,n,2.0NRT,290.73,1.62,N
-6.56635,-47.90592,347.53,0.61,0.54,2026-05-22,404,N20,VIIRS,n,2.0NRT,294.25,12.84,N
-6.56141,-47.90517,309.11,0.61,0.54,2026-05-22,404,N20,VIIRS,n,2.0NRT,291.88,1.51,N
-6.5181,-43.68196,300.7,0.5,0.41,2026-05-22,404,N20,VIIRS,n,2.0NRT,287.98,0.64,N
-5.95345,-43.4885,330.37,0.49,0.41,2026-05-22,404,N20,VIIRS,n,2.0NRT,293.96,7.68,N
-5.9515,-43.4898,335.3,0.49,0.41,2026-05-22,404,N20,VIIRS,n,2.0NRT,295.99,10.49,N
-5.94973,-43.48792,336.01,0.49,0.41,2026-05-22,404,N20,VIIRS,n,2.0NRT,295.57,7.68,N
-5.94898,-43.49238,302.95,0.49,0.41,2026-05-22,404,N20,VIIRS,n,2.0NRT,292.72,7.68,N
-5.94777,-43.48921,320.2,0.49,0.41,2026-05-22,404,N20,VIIRS,n,2.0NRT,293.32,10.49,N
-5.92692,-43.47648,330.36,0.49,0.41,2026-05-22,404,N20,VIIRS,n,2.0NRT,292.69,5.35,N
-5.92321,-43.47582,331.85,0.49,0.41,2026-05-22,404,N20,VIIRS,n,2.0NRT,293.25,3.58,N
-5.91105,-45.58065,305.53,0.44,0.46,2026-05-22,404,N20,VIIRS,n,2.0NRT,292.19,1.03,N
-5.77606,-45.13705,311.51,0.41,0.45,2026-05-22,404,N20,VIIRS,n,2.0NRT,293.45,2.83,N
-5.77317,-45.1288,305.96,0.41,0.45,2026-05-22,404,N20,VIIRS,n,2.0NRT,293.58,1.39,N
-5.77254,-45.13261,332.66,0.41,0.45,2026-05-22,404,N20,VIIRS,n,2.0NRT,295.1,2.83,N
-5.76903,-45.12817,326.05,0.41,0.45,2026-05-22,404,N20,VIIRS,n,2.0NRT,294.38,3.51,N
-5.76841,-45.13194,313.65,0.41,0.45,2026-05-22,404,N20,VIIRS,n,2.0NRT,293.09,1.54,N
-5.07126,-37.71489,305.07,0.41,0.37,2026-05-22,404,N20,VIIRS,n,2.0NRT,293.45,0.75,N
-5.02826,-37.56441,318.97,0.42,0.37,2026-05-22,404,N20,VIIRS,n,2.0NRT,292.92,1.68,N
-5.02767,-37.56814,306.71,0.42,0.37,2026-05-22,404,N20,VIIRS,n,2.0NRT,292.45,0.76,N
-4.8232,-44.35738,314.18,0.38,0.43,2026-05-22,404,N20,VIIRS,n,2.0NRT,292.44,0.99,N
-4.66068,-42.41724,311.24,0.45,0.39,2026-05-22,404,N20,VIIRS,n,2.0NRT,293.99,1.32,N
-4.66002,-42.42131,310.61,0.45,0.39,2026-05-22,404,N20,VIIRS,n,2.0NRT,293.79,1.32,N
-17.09409,-43.80453,298.61,0.4,0.37,2026-05-22,406,N20,VIIRS,n,2.0NRT,282.48,0.69,N
-16.68166,-43.88242,318.93,0.4,0.37,2026-05-22,406,N20,VIIRS,n,2.0NRT,286.98,1.41,N
-16.35614,-43.87686,303.83,0.41,0.37,2026-05-22,406,N20,VIIRS,n,2.0NRT,282.48,1.2,N
-16.35275,-43.87625,316.55,0.41,0.37,2026-05-22,406,N20,VIIRS,n,2.0NRT,283.48,1.2,N
-15.56798,-47.8561,295.65,0.43,0.46,2026-05-22,406,N20,VIIRS,n,2.0NRT,277.3,0.6,N
-15.54215,-39.91761,302.09,0.42,0.37,2026-05-22,406,N20,VIIRS,n,2.0NRT,291.7,1.37,N
-14.75416,-41.70653,303.93,0.38,0.36,2026-05-22,406,N20,VIIRS,n,2.0NRT,289.46,0.71,N
-14.48623,-42.21667,304.3,0.39,0.36,2026-05-22,406,N20,VIIRS,n,2.0NRT,288.54,0.88,N
-14.22654,-43.65694,306.05,0.41,0.37,2026-05-22,406,N20,VIIRS,n,2.0NRT,292.91,1.12,N
-14.13513,-41.69145,305.9,0.38,0.36,2026-05-22,406,N20,VIIRS,n,2.0NRT,292.17,0.84,N
-14.12026,-41.67811,304.03,0.38,0.36,2026-05-22,406,N20,VIIRS,n,2.0NRT,291.67,0.5,N
-13.95135,-42.687,302.01,0.39,0.36,2026-05-22,406,N20,VIIRS,n,2.0NRT,284.64,0.47,N
-13.23861,-43.39295,318.69,0.41,0.37,2026-05-22,406,N20,VIIRS,n,2.0NRT,291.2,1.99,N
-12.88649,-47.24091,303.51,0.43,0.46,2026-05-22,406,N20,VIIRS,n,2.0NRT,285.42,1.12,N
-12.88228,-47.24009,305.52,0.43,0.46,2026-05-22,406,N20,VIIRS,n,2.0NRT,285.73,1.12,N
-12.81239,-44.86689,302.0,0.48,0.4,2026-05-22,406,N20,VIIRS,n,2.0NRT,283.75,0.52,N
-12.81163,-44.87128,301.85,0.48,0.4,2026-05-22,406,N20,VIIRS,n,2.0NRT,283.25,0.96,N
-12.59583,-44.50912,307.48,0.46,0.39,2026-05-22,406,N20,VIIRS,n,2.0NRT,289.87,1.45,N
-12.59511,-44.51337,302.55,0.46,0.39,2026-05-22,406,N20,VIIRS,n,2.0NRT,289.86,1.45,N
-12.27404,-43.51192,326.54,0.42,0.38,2026-05-22,406,N20,VIIRS,n,2.0NRT,290.97,3.63,N
-12.27339,-43.5158,310.94,0.42,0.38,2026-05-22,406,N20,VIIRS,n,2.0NRT,289.63,3.0,N
-12.27274,-43.51969,337.04,0.42,0.38,2026-05-22,406,N20,VIIRS,n,2.0NRT,291.5,3.0,N
-12.27058,-43.51132,339.55,0.42,0.38,2026-05-22,406,N20,VIIRS,n,2.0NRT,293.5,3.63,N
-12.26993,-43.5152,329.48,0.42,0.38,2026-05-22,406,N20,VIIRS,n,2.0NRT,292.28,3.0,N
-12.26711,-43.51071,349.42,0.42,0.38,2026-05-22,406,N20,VIIRS,n,2.0NRT,297.88,6.53,N
-12.26646,-43.5146,343.46,0.42,0.38,2026-05-22,406,N20,VIIRS,n,2.0NRT,296.14,2.79,N
-12.26581,-43.51847,301.56,0.42,0.38,2026-05-22,406,N20,VIIRS,n,2.0NRT,291.47,2.79,N
-12.26365,-43.51011,336.48,0.42,0.38,2026-05-22,406,N20,VIIRS,n,2.0NRT,294.72,6.53,N
-12.263,-43.51399,310.95,0.42,0.38,2026-05-22,406,N20,VIIRS,n,2.0NRT,293.08,2.79,N
-12.26234,-43.51788,302.2,0.42,0.38,2026-05-22,406,N20,VIIRS,n,2.0NRT,292.0,2.79,N
-12.23774,-44.2597,309.48,0.45,0.39,2026-05-22,406,N20,VIIRS,n,2.0NRT,288.97,4.79,N
-12.23703,-44.26386,346.33,0.46,0.39,2026-05-22,406,N20,VIIRS,n,2.0NRT,292.08,4.79,N
-12.23631,-44.26805,308.88,0.46,0.39,2026-05-22,406,N20,VIIRS,n,2.0NRT,289.49,1.44,N
-12.23564,-44.26081,328.67,0.46,0.39,2026-05-22,406,N20,VIIRS,n,2.0NRT,291.06,2.72,N
-12.23495,-44.265,335.84,0.46,0.39,2026-05-22,406,N20,VIIRS,n,2.0NRT,292.09,2.72,N
-12.23417,-44.25908,315.74,0.45,0.39,2026-05-22,406,N20,VIIRS,n,2.0NRT,290.03,2.34,N
-12.23346,-44.25182,307.54,0.45,0.39,2026-05-22,406,N20,VIIRS,n,2.0NRT,289.61,1.95,N
-12.23345,-44.26325,322.34,0.46,0.39,2026-05-22,406,N20,VIIRS,n,2.0NRT,290.94,2.34,N
-12.23273,-44.26744,306.43,0.46,0.39,2026-05-22,406,N20,VIIRS,n,2.0NRT,289.88,1.13,N
-12.23206,-44.2602,300.73,0.46,0.39,2026-05-22,406,N20,VIIRS,n,2.0NRT,289.18,2.72,N
-12.23203,-44.25009,311.99,0.45,0.39,2026-05-22,406,N20,VIIRS,n,2.0NRT,289.47,1.3,N
-12.23131,-44.25428,300.4,0.45,0.39,2026-05-22,406,N20,VIIRS,n,2.0NRT,289.39,1.3,N
-12.22988,-44.25118,300.8,0.45,0.39,2026-05-22,406,N20,VIIRS,n,2.0NRT,289.26,0.78,N
-12.18173,-47.86041,305.57,0.49,0.49,2026-05-22,406,N20,VIIRS,n,2.0NRT,287.19,0.9,N
-12.08105,-48.20174,298.13,0.52,0.5,2026-05-22,406,N20,VIIRS,n,2.0NRT,282.87,1.12,N
-12.08047,-48.20365,304.36,0.52,0.5,2026-05-22,406,N20,VIIRS,n,2.0NRT,285.85,1.03,N
-12.08017,-48.20641,300.76,0.52,0.5,2026-05-22,406,N20,VIIRS,n,2.0NRT,285.09,1.1,N
-12.0765,-48.20087,300.3,0.52,0.5,2026-05-22,406,N20,VIIRS,n,2.0NRT,285.61,0.89,N
-12.07591,-48.20278,302.22,0.52,0.5,2026-05-22,406,N20,VIIRS,n,2.0NRT,286.3,1.03,N
-11.99839,-45.1449,303.62,0.51,0.41,2026-05-22,406,N20,VIIRS,n,2.0NRT,283.82,1.46,N
-11.95417,-43.38679,303.61,0.42,0.38,2026-05-22,406,N20,VIIRS,n,2.0NRT,293.3,0.51,N
-11.95353,-43.39064,304.46,0.42,0.38,2026-05-22,406,N20,VIIRS,n,2.0NRT,293.24,0.81,N
-11.90866,-43.74208,310.66,0.44,0.38,2026-05-22,406,N20,VIIRS,n,2.0NRT,291.88,1.21,N
-11.70158,-44.15802,300.79,0.46,0.39,2026-05-22,406,N20,VIIRS,n,2.0NRT,290.7,1.46,N
-11.61673,-47.90228,300.61,0.5,0.49,2026-05-22,406,N20,VIIRS,n,2.0NRT,282.11,2.19,N
-11.61587,-47.90694,309.51,0.5,0.49,2026-05-22,406,N20,VIIRS,n,2.0NRT,283.84,4.04,N
-11.61222,-47.90148,298.33,0.5,0.49,2026-05-22,406,N20,VIIRS,n,2.0NRT,281.32,2.19,N
-11.61136,-47.90612,337.74,0.5,0.49,2026-05-22,406,N20,VIIRS,n,2.0NRT,287.27,4.04,N
-11.18451,-48.0181,303.04,0.52,0.5,2026-05-22,406,N20,VIIRS,n,2.0NRT,286.2,0.97,N
-11.14854,-48.11068,314.85,0.53,0.5,2026-05-22,406,N20,VIIRS,n,2.0NRT,292.25,2.57,N
-10.79849,-49.40656,321.03,0.33,0.55,2026-05-22,406,N20,VIIRS,n,2.0NRT,292.17,2.07,N
-25.54445,-42.83994,333.65,0.4,0.37,2026-05-22,408,N20,VIIRS,n,2.0NRT,293.55,4.77,N
-24.78884,-42.51044,314.18,0.4,0.37,2026-05-22,408,N20,VIIRS,n,2.0NRT,293.03,1.28,N
-24.54333,-42.46936,338.34,0.4,0.37,2026-05-22,408,N20,VIIRS,n,2.0NRT,293.15,11.43,N
-23.98271,-48.91735,296.73,0.54,0.42,2026-05-22,408,N20,VIIRS,n,2.0NRT,280.66,0.8,N
-23.59511,-47.43718,299.58,0.46,0.39,2026-05-22,408,N20,VIIRS,n,2.0NRT,283.96,0.85,N
-22.69284,-47.65826,332.79,0.49,0.4,2026-05-22,408,N20,VIIRS,n,2.0NRT,274.08,3.83,N
-21.18198,-45.87194,300.58,0.43,0.38,2026-05-22,408,N20,VIIRS,n,2.0NRT,276.83,0.71,N
-21.18127,-45.87609,299.82,0.43,0.38,2026-05-22,408,N20,VIIRS,n,2.0NRT,277.13,0.7,N
-20.23975,-40.24052,297.48,0.44,0.38,2026-05-22,408,N20,VIIRS,n,2.0NRT,285.01,0.88,N
-19.82325,-43.12741,305.15,0.38,0.36,2026-05-22,408,N20,VIIRS,n,2.0NRT,285.93,1.23,N
-19.82267,-43.13107,297.39,0.38,0.36,2026-05-22,408,N20,VIIRS,n,2.0NRT,286.15,1.35,N
-19.76801,-54.0654,334.17,0.44,0.63,2026-05-22,408,N20,VIIRS,n,2.0NRT,268.94,8.77,N
-19.76706,-54.06968,356.16,0.45,0.63,2026-05-22,408,N20,VIIRS,n,2.0NRT,268.74,14.16,N
-19.76234,-54.06379,333.57,0.44,0.63,2026-05-22,408,N20,VIIRS,n,2.0NRT,268.95,5.88,N
-19.76139,-54.06806,321.76,0.45,0.63,2026-05-22,408,N20,VIIRS,n,2.0NRT,268.39,5.87,N
-19.60818,-44.05955,306.05,0.39,0.36,2026-05-22,408,N20,VIIRS,n,2.0NRT,286.17,1.02,N
-19.17508,-47.35736,323.3,0.53,0.42,2026-05-22,408,N20,VIIRS,n,2.0NRT,283.42,3.49,N
-18.62691,-45.1296,304.49,0.43,0.38,2026-05-22,408,N20,VIIRS,n,2.0NRT,289.6,0.6,N
-18.62275,-45.13297,309.56,0.43,0.38,2026-05-22,408,N20,VIIRS,n,2.0NRT,290.23,2.11,N
-31.06955,-55.75708,306.81,0.32,0.55,2026-05-22,410,N20,VIIRS,n,2.0NRT,273.39,0.77,N
-31.06879,-55.76027,299.65,0.32,0.55,2026-05-22,410,N20,VIIRS,n,2.0NRT,273.14,0.77,N
-29.19204,-49.85254,307.91,0.5,0.41,2026-05-22,410,N20,VIIRS,n,2.0NRT,278.84,0.92,N
-29.07696,-50.735,295.3,0.56,0.43,2026-05-22,410,N20,VIIRS,n,2.0NRT,272.23,0.78,N
-29.07422,-50.72824,296.97,0.55,0.43,2026-05-22,410,N20,VIIRS,n,2.0NRT,271.3,0.73,N
-28.3616,-56.4785,302.38,0.4,0.6,2026-05-22,410,N20,VIIRS,n,2.0NRT,278.29,0.78,N
-28.35512,-56.48092,307.63,0.41,0.6,2026-05-22,410,N20,VIIRS,n,2.0NRT,278.55,0.85,N
-28.34966,-56.47924,296.22,0.41,0.6,2026-05-22,410,N20,VIIRS,n,2.0NRT,277.48,0.85,N
-28.01382,-49.01586,295.51,0.48,0.4,2026-05-22,410,N20,VIIRS,n,2.0NRT,278.42,0.65,N
-27.68761,-48.72311,297.66,0.47,0.4,2026-05-22,410,N20,VIIRS,n,2.0NRT,282.71,0.33,N
-27.68716,-48.72491,295.27,0.47,0.4,2026-05-22,410,N20,VIIRS,n,2.0NRT,282.59,0.65,N
-27.68686,-48.74794,300.99,0.47,0.4,2026-05-22,410,N20,VIIRS,n,2.0NRT,282.12,2.81,N
-27.68629,-48.74962,340.84,0.47,0.4,2026-05-22,410,N20,VIIRS,n,2.0NRT,283.17,5.1,N
-27.686,-48.75268,327.13,0.47,0.4,2026-05-22,410,N20,VIIRS,n,2.0NRT,282.19,2.81,N
-27.57631,-48.42725,304.91,0.46,0.39,2026-05-22,410,N20,VIIRS,n,2.0NRT,278.02,0.66,N
-27.44821,-48.44767,298.42,0.46,0.39,2026-05-22,410,N20,VIIRS,n,2.0NRT,282.48,0.52,N
-34.85926,-57.89402,307.25,0.34,0.56,2026-05-22,412,N20,VIIRS,n,2.0NRT,276.77,1.13,N
-34.85422,-57.89213,306.95,0.34,0.56,2026-05-22,412,N20,VIIRS,n,2.0NRT,278.59,1.39,N
-34.07132,-58.69867,305.78,0.39,0.6,2026-05-22,412,N20,VIIRS,n,2.0NRT,272.75,1.07,N
-34.07111,-58.69775,304.58,0.39,0.6,2026-05-22,412,N20,VIIRS,n,2.0NRT,273.07,1.1,N
8.06242,-63.60423,304.71,0.4,0.37,2026-05-22,540,N20,VIIRS,n,2.0NRT,284.13,2.12,N
8.06299,-63.60788,330.54,0.4,0.37,2026-05-22,540,N20,VIIRS,n,2.0NRT,284.19,2.12,N
8.56196,-62.71354,301.65,0.39,0.36,2026-05-22,540,N20,VIIRS,n,2.0NRT,287.28,1.73,N
8.91097,-69.08092,310.82,0.55,0.51,2026-05-22,540,N20,VIIRS,n,2.0NRT,289.43,1.25,N
9.22579,-64.05878,316.12,0.43,0.38,2026-05-22,540,N20,VIIRS,n,2.0NRT,271.49,1.25,N
9.22783,-64.05888,330.53,0.43,0.38,2026-05-22,540,N20,VIIRS,n,2.0NRT,273.63,2.58,N
9.22926,-64.05824,312.91,0.43,0.38,2026-05-22,540,N20,VIIRS,n,2.0NRT,273.09,1.25,N
9.37624,-64.52213,314.95,0.45,0.39,2026-05-22,540,N20,VIIRS,n,2.0NRT,286.39,1.26,N
9.37685,-64.5262,308.94,0.45,0.39,2026-05-22,540,N20,VIIRS,n,2.0NRT,287.79,1.26,N
9.38702,-64.54537,324.73,0.45,0.39,2026-05-22,540,N20,VIIRS,n,2.0NRT,285.34,2.31,N
9.47172,-64.38889,326.87,0.44,0.39,2026-05-22,540,N20,VIIRS,n,2.0NRT,285.19,2.73,N
9.481,-64.47413,300.25,0.45,0.39,2026-05-22,540,N20,VIIRS,n,2.0NRT,279.63,0.3,N
9.61121,-63.72047,297.76,0.42,0.38,2026-05-22,540,N20,VIIRS,n,2.0NRT,281.9,0.66,N
9.61158,-63.72012,298.34,0.42,0.38,2026-05-22,540,N20,VIIRS,n,2.0NRT,282.24,0.64,N
9.61178,-63.72426,304.64,0.42,0.38,2026-05-22,540,N20,VIIRS,n,2.0NRT,285.06,0.66,N
9.61216,-63.7239,305.83,0.42,0.38,2026-05-22,540,N20,VIIRS,n,2.0NRT,285.08,0.64,N
9.61235,-63.72804,304.65,0.42,0.38,2026-05-22,540,N20,VIIRS,n,2.0NRT,284.71,0.82,N
9.61274,-63.72768,306.46,0.42,0.38,2026-05-22,540,N20,VIIRS,n,2.0NRT,285.03,0.95,N
9.61291,-63.73183,300.28,0.42,0.38,2026-05-22,540,N20,VIIRS,n,2.0NRT,281.92,0.82,N
9.61332,-63.73146,301.98,0.42,0.38,2026-05-22,540,N20,VIIRS,n,2.0NRT,282.07,0.95,N
9.61465,-63.71993,302.62,0.42,0.38,2026-05-22,540,N20,VIIRS,n,2.0NRT,282.64,0.66,N
9.61522,-63.72372,313.48,0.42,0.38,2026-05-22,540,N20,VIIRS,n,2.0NRT,283.72,0.66,N
9.61578,-63.7275,314.65,0.42,0.38,2026-05-22,540,N20,VIIRS,n,2.0NRT,282.39,0.82,N
9.61635,-63.73129,307.29,0.42,0.38,2026-05-22,540,N20,VIIRS,n,2.0NRT,280.66,0.82,N
9.61692,-63.73508,301.24,0.42,0.38,2026-05-22,540,N20,VIIRS,n,2.0NRT,281.57,1.14,N
9.61752,-63.7156,298.11,0.42,0.38,2026-05-22,540,N20,VIIRS,n,2.0NRT,280.53,0.54,N
9.61809,-63.71939,305.22,0.42,0.38,2026-05-22,540,N20,VIIRS,n,2.0NRT,281.13,1.5,N
9.61865,-63.72317,326.77,0.42,0.38,2026-05-22,540,N20,VIIRS,n,2.0NRT,280.73,1.5,N
9.61922,-63.72697,341.49,0.42,0.38,2026-05-22,540,N20,VIIRS,n,2.0NRT,278.8,1.96,N
9.61979,-63.73075,309.15,0.42,0.38,2026-05-22,540,N20,VIIRS,n,2.0NRT,277.69,1.96,N
9.62036,-63.73454,300.98,0.42,0.38,2026-05-22,540,N20,VIIRS,n,2.0NRT,279.11,0.64,N
9.62095,-63.71507,297.53,0.42,0.38,2026-05-22,540,N20,VIIRS,n,2.0NRT,280.49,0.54,N
9.62152,-63.71885,305.98,0.42,0.38,2026-05-22,540,N20,VIIRS,n,2.0NRT,279.87,1.5,N
9.62209,-63.72263,333.8,0.42,0.38,2026-05-22,540,N20,VIIRS,n,2.0NRT,278.96,1.5,N
9.62266,-63.72642,320.73,0.42,0.38,2026-05-22,540,N20,VIIRS,n,2.0NRT,275.29,1.96,N
9.62323,-63.73022,307.69,0.42,0.38,2026-05-22,540,N20,VIIRS,n,2.0NRT,275.88,1.96,N
9.6238,-63.734,298.73,0.42,0.38,2026-05-22,540,N20,VIIRS,n,2.0NRT,277.29,0.64,N
9.62496,-63.71831,305.24,0.42,0.38,2026-05-22,540,N20,VIIRS,n,2.0NRT,280.14,0.81,N
9.62553,-63.72209,304.27,0.42,0.38,2026-05-22,540,N20,VIIRS,n,2.0NRT,276.41,0.81,N
9.6261,-63.72588,297.08,0.42,0.38,2026-05-22,540,N20,VIIRS,n,2.0NRT,274.18,0.41,N
9.64618,-63.62629,307.71,0.42,0.37,2026-05-22,540,N20,VIIRS,n,2.0NRT,281.71,0.95,N
9.64675,-63.63006,300.18,0.42,0.37,2026-05-22,540,N20,VIIRS,n,2.0NRT,279.47,0.39,N
9.64903,-63.62197,302.53,0.42,0.37,2026-05-22,540,N20,VIIRS,n,2.0NRT,281.29,0.95,N
9.6496,-63.62575,311.19,0.42,0.37,2026-05-22,540,N20,VIIRS,n,2.0NRT,281.1,0.95,N
9.65018,-63.62951,298.98,0.42,0.37,2026-05-22,540,N20,VIIRS,n,2.0NRT,279.57,0.39,N
9.65245,-63.62143,309.96,0.42,0.37,2026-05-22,540,N20,VIIRS,n,2.0NRT,280.81,0.87,N
9.65298,-63.53307,302.31,0.41,0.37,2026-05-22,540,N20,VIIRS,n,2.0NRT,284.82,0.69,N
9.65303,-63.6252,300.23,0.42,0.37,2026-05-22,540,N20,VIIRS,n,2.0NRT,278.82,0.87,N
9.65355,-63.5368,305.07,0.41,0.37,2026-05-22,540,N20,VIIRS,n,2.0NRT,284.27,1.19,N
9.65639,-63.53252,300.27,0.41,0.37,2026-05-22,540,N20,VIIRS,n,2.0NRT,286.05,0.69,N
9.65703,-63.62842,295.08,0.42,0.37,2026-05-22,540,N20,VIIRS,n,2.0NRT,278.59,0.39,N
9.6751,-63.47234,308.1,0.41,0.37,2026-05-22,540,N20,VIIRS,n,2.0NRT,287.99,1.07,N
9.67567,-63.47606,309.49,0.41,0.37,2026-05-22,540,N20,VIIRS,n,2.0NRT,288.2,1.07,N
9.67625,-63.47979,302.17,0.41,0.37,2026-05-22,540,N20,VIIRS,n,2.0NRT,288.57,1.15,N
9.67793,-63.46809,307.6,0.41,0.37,2026-05-22,540,N20,VIIRS,n,2.0NRT,287.85,1.0,N
9.6785,-63.4718,324.46,0.41,0.37,2026-05-22,540,N20,VIIRS,n,2.0NRT,288.38,3.11,N
9.67908,-63.47552,331.22,0.41,0.37,2026-05-22,540,N20,VIIRS,n,2.0NRT,288.46,3.11,N
9.67965,-63.47924,309.17,0.41,0.37,2026-05-22,540,N20,VIIRS,n,2.0NRT,288.23,0.8,N
9.68134,-63.46754,308.13,0.41,0.37,2026-05-22,540,N20,VIIRS,n,2.0NRT,287.6,1.0,N
9.68173,-63.46807,302.46,0.41,0.37,2026-05-22,540,N20,VIIRS,n,2.0NRT,287.63,1.03,N
9.68191,-63.47125,332.58,0.41,0.37,2026-05-22,540,N20,VIIRS,n,2.0NRT,288.25,3.11,N
9.68229,-63.4718,332.02,0.41,0.37,2026-05-22,540,N20,VIIRS,n,2.0NRT,288.31,1.37,N
9.68249,-63.47498,338.66,0.41,0.37,2026-05-22,540,N20,VIIRS,n,2.0NRT,288.43,3.11,N
9.68285,-63.47552,330.34,0.41,0.37,2026-05-22,540,N20,VIIRS,n,2.0NRT,288.18,1.37,N
9.68306,-63.4787,310.09,0.41,0.37,2026-05-22,540,N20,VIIRS,n,2.0NRT,288.25,0.8,N
9.68341,-63.47924,306.68,0.41,0.37,2026-05-22,540,N20,VIIRS,n,2.0NRT,288.27,0.74,N
9.68364,-63.48242,301.73,0.41,0.37,2026-05-22,540,N20,VIIRS,n,2.0NRT,288.01,0.8,N
9.6857,-63.47125,303.48,0.41,0.37,2026-05-22,540,N20,VIIRS,n,2.0NRT,287.57,1.37,N
9.68626,-63.47498,302.03,0.41,0.37,2026-05-22,540,N20,VIIRS,n,2.0NRT,287.74,1.37,N
9.68682,-63.4787,300.92,0.41,0.37,2026-05-22,540,N20,VIIRS,n,2.0NRT,288.1,0.74,N
9.70152,-63.52987,309.95,0.41,0.37,2026-05-22,540,N20,VIIRS,n,2.0NRT,288.57,0.97,N
9.70494,-63.52933,301.7,0.41,0.37,2026-05-22,540,N20,VIIRS,n,2.0NRT,288.57,0.54,N
9.73459,-63.47144,301.75,0.41,0.37,2026-05-22,540,N20,VIIRS,n,2.0NRT,288.62,1.67,N
9.73516,-63.47517,327.8,0.41,0.37,2026-05-22,540,N20,VIIRS,n,2.0NRT,289.79,1.67,N
9.738,-63.47087,312.0,0.41,0.37,2026-05-22,540,N20,VIIRS,n,2.0NRT,288.69,1.29,N
9.77746,-63.26775,297.64,0.41,0.37,2026-05-22,540,N20,VIIRS,n,2.0NRT,271.93,0.55,N
9.85434,-63.33876,309.38,0.41,0.37,2026-05-22,540,N20,VIIRS,n,2.0NRT,282.79,1.09,N
9.97418,-64.19527,303.31,0.44,0.38,2026-05-22,540,N20,VIIRS,n,2.0NRT,276.71,1.27,N
9.97798,-63.18115,298.9,0.4,0.37,2026-05-22,540,N20,VIIRS,n,2.0NRT,271.01,0.71,N
10.05477,-64.85744,311.73,0.47,0.4,2026-05-22,540,N20,VIIRS,n,2.0NRT,289.3,4.54,N
10.05604,-64.86599,315.28,0.47,0.4,2026-05-22,540,N20,VIIRS,n,2.0NRT,287.4,2.18,N
10.05667,-64.87029,323.55,0.47,0.4,2026-05-22,540,N20,VIIRS,n,2.0NRT,288.78,2.32,N
10.05859,-64.88328,306.43,0.47,0.4,2026-05-22,540,N20,VIIRS,n,2.0NRT,290.42,3.0,N
10.05922,-64.88757,329.7,0.47,0.4,2026-05-22,540,N20,VIIRS,n,2.0NRT,290.66,4.48,N
10.05968,-64.86549,308.65,0.47,0.4,2026-05-22,540,N20,VIIRS,n,2.0NRT,288.74,2.18,N
10.06032,-64.86979,305.09,0.47,0.4,2026-05-22,540,N20,VIIRS,n,2.0NRT,287.92,2.32,N
10.07508,-64.89402,314.01,0.47,0.4,2026-05-22,540,N20,VIIRS,n,2.0NRT,289.29,3.41,N
10.07726,-64.85861,305.27,0.47,0.4,2026-05-22,540,N20,VIIRS,n,2.0NRT,285.37,1.65,N
10.07808,-64.88918,305.0,0.47,0.4,2026-05-22,540,N20,VIIRS,n,2.0NRT,289.34,2.03,N
10.08409,-64.87951,305.55,0.47,0.4,2026-05-22,540,N20,VIIRS,n,2.0NRT,288.54,2.68,N
10.10835,-61.33359,304.32,0.38,0.36,2026-05-22,540,N20,VIIRS,n,2.0NRT,292.16,0.75,N
10.17928,-61.69304,321.31,0.38,0.36,2026-05-22,540,N20,VIIRS,n,2.0NRT,293.31,2.71,N
10.18258,-61.69251,308.58,0.38,0.36,2026-05-22,540,N20,VIIRS,n,2.0NRT,292.15,1.54,N
10.40013,-64.16657,303.23,0.44,0.38,2026-05-22,540,N20,VIIRS,n,2.0NRT,286.56,0.55,N
10.41734,-61.48006,310.29,0.38,0.36,2026-05-22,540,N20,VIIRS,n,2.0NRT,293.85,1.85,N
10.41844,-61.48701,313.87,0.38,0.36,2026-05-22,540,N20,VIIRS,n,2.0NRT,293.42,2.11,N
10.64947,-63.43016,304.89,0.42,0.37,2026-05-22,540,N20,VIIRS,n,2.0NRT,292.1,1.01,N
10.87912,-64.03335,305.44,0.44,0.38,2026-05-22,540,N20,VIIRS,n,2.0NRT,290.34,0.62,N
11.62014,-70.21832,298.82,0.36,0.57,2026-05-22,540,N20,VIIRS,n,2.0NRT,266.15,2.01,N
11.62055,-70.22164,316.81,0.36,0.57,2026-05-22,540,N20,VIIRS,n,2.0NRT,266.5,2.01,N
11.62097,-70.22496,351.09,0.36,0.57,2026-05-22,540,N20,VIIRS,n,2.0NRT,266.82,8.01,N
11.62138,-70.22829,350.58,0.36,0.57,2026-05-22,540,N20,VIIRS,n,2.0NRT,266.1,8.01,N
11.62179,-70.23161,305.44,0.36,0.57,2026-05-22,540,N20,VIIRS,n,2.0NRT,264.96,1.23,N
11.62541,-70.21751,297.6,0.36,0.57,2026-05-22,540,N20,VIIRS,n,2.0NRT,266.8,2.01,N
11.62582,-70.2208,311.55,0.36,0.57,2026-05-22,540,N20,VIIRS,n,2.0NRT,267.34,2.01,N
11.62623,-70.22412,343.27,0.36,0.57,2026-05-22,540,N20,VIIRS,n,2.0NRT,267.5,8.01,N
11.62664,-70.22742,326.7,0.36,0.57,2026-05-22,540,N20,VIIRS,n,2.0NRT,266.04,8.01,N
11.62706,-70.23077,304.71,0.36,0.57,2026-05-22,540,N20,VIIRS,n,2.0NRT,266.32,1.23,N
11.62748,-70.23416,295.64,0.36,0.57,2026-05-22,540,N20,VIIRS,n,2.0NRT,266.09,1.23,N
11.6315,-70.2233,295.89,0.36,0.57,2026-05-22,540,N20,VIIRS,n,2.0NRT,266.76,0.82,N
11.63233,-70.22998,296.97,0.36,0.57,2026-05-22,540,N20,VIIRS,n,2.0NRT,265.87,0.99,N
11.63276,-70.23339,301.33,0.36,0.57,2026-05-22,540,N20,VIIRS,n,2.0NRT,265.99,0.99,N
11.63318,-70.23681,337.2,0.36,0.57,2026-05-22,540,N20,VIIRS,n,2.0NRT,265.93,3.21,N
11.6336,-70.24017,321.43,0.36,0.57,2026-05-22,540,N20,VIIRS,n,2.0NRT,265.09,3.21,N
11.7396,-70.19195,298.63,0.36,0.57,2026-05-22,540,N20,VIIRS,n,2.0NRT,267.78,1.99,N
11.74002,-70.19527,339.61,0.36,0.57,2026-05-22,540,N20,VIIRS,n,2.0NRT,268.52,4.44,N
11.74044,-70.19865,336.32,0.36,0.57,2026-05-22,540,N20,VIIRS,n,2.0NRT,268.15,4.44,N
11.74088,-70.20216,296.31,0.36,0.57,2026-05-22,540,N20,VIIRS,n,2.0NRT,267.42,1.34,N
11.75335,-70.17332,295.81,0.36,0.57,2026-05-22,540,N20,VIIRS,n,2.0NRT,268.02,0.24,N
-13.25659,-66.02796,302.63,0.39,0.36,2026-05-22,546,N20,VIIRS,n,2.0NRT,277.28,0.96,N
-13.19953,-66.69576,300.23,0.38,0.36,2026-05-22,546,N20,VIIRS,n,2.0NRT,280.93,0.76,N
-13.05519,-66.83484,296.1,0.38,0.36,2026-05-22,546,N20,VIIRS,n,2.0NRT,282.42,0.26,N
-13.05188,-66.83429,325.58,0.38,0.36,2026-05-22,546,N20,VIIRS,n,2.0NRT,283.0,2.39,N
-12.87986,-65.98273,299.31,0.39,0.36,2026-05-22,546,N20,VIIRS,n,2.0NRT,282.89,0.66,N
-12.83376,-66.60355,302.17,0.38,0.36,2026-05-22,546,N20,VIIRS,n,2.0NRT,286.33,0.49,N
-12.831,-66.59948,299.85,0.38,0.36,2026-05-22,546,N20,VIIRS,n,2.0NRT,286.39,0.55,N
-12.83045,-66.603,306.61,0.38,0.36,2026-05-22,546,N20,VIIRS,n,2.0NRT,286.46,0.85,N
-12.82382,-66.60192,301.96,0.38,0.36,2026-05-22,546,N20,VIIRS,n,2.0NRT,286.27,0.51,N
-12.82266,-65.48002,301.2,0.4,0.37,2026-05-22,546,N20,VIIRS,n,2.0NRT,284.42,0.37,N
-12.82051,-66.60138,304.01,0.38,0.36,2026-05-22,546,N20,VIIRS,n,2.0NRT,286.06,0.51,N
-12.4972,-67.54351,314.6,0.39,0.36,2026-05-22,546,N20,VIIRS,n,2.0NRT,287.27,1.78,N
-12.49329,-67.54652,320.46,0.39,0.36,2026-05-22,546,N20,VIIRS,n,2.0NRT,287.59,1.78,N
-12.49271,-67.55011,298.14,0.39,0.36,2026-05-22,546,N20,VIIRS,n,2.0NRT,285.02,0.61,N
-12.4804,-67.56275,301.04,0.39,0.36,2026-05-22,546,N20,VIIRS,n,2.0NRT,286.39,0.87,N
-12.47649,-67.56577,311.61,0.39,0.36,2026-05-22,546,N20,VIIRS,n,2.0NRT,286.98,0.87,N
-12.46247,-66.78152,302.21,0.38,0.36,2026-05-22,546,N20,VIIRS,n,2.0NRT,281.45,0.76,N
-12.45859,-66.7845,297.91,0.38,0.36,2026-05-22,546,N20,VIIRS,n,2.0NRT,281.51,0.76,N
-12.45528,-66.78395,307.5,0.38,0.36,2026-05-22,546,N20,VIIRS,n,2.0NRT,281.21,1.03,N
-12.1459,-66.72229,297.71,0.38,0.36,2026-05-22,546,N20,VIIRS,n,2.0NRT,283.24,0.56,N
-12.14259,-66.72174,304.39,0.38,0.36,2026-05-22,546,N20,VIIRS,n,2.0NRT,283.19,0.56,N
-11.44765,-52.92409,297.71,0.72,0.76,2026-05-22,546,N20,VIIRS,n,2.0NRT,275.12,1.04,N
-11.44069,-52.92326,307.13,0.72,0.76,2026-05-22,546,N20,VIIRS,n,2.0NRT,276.18,3.22,N
-11.43993,-52.9299,297.75,0.72,0.76,2026-05-22,546,N20,VIIRS,n,2.0NRT,275.64,2.56,N
-10.0341,-59.35619,299.69,0.5,0.49,2026-05-22,546,N20,VIIRS,n,2.0NRT,281.22,0.95,N
-10.031,-59.35807,298.23,0.5,0.49,2026-05-22,546,N20,VIIRS,n,2.0NRT,280.85,1.02,N
-9.94564,-52.46593,296.98,0.74,0.76,2026-05-22,546,N20,VIIRS,n,2.0NRT,271.57,1.1,N
-9.94487,-52.47266,297.23,0.74,0.76,2026-05-22,546,N20,VIIRS,n,2.0NRT,270.15,1.1,N
-19.62689,-65.78597,295.94,0.43,0.38,2026-05-22,548,N20,VIIRS,n,2.0NRT,271.87,0.67,N
-16.68159,-63.0634,295.59,0.54,0.42,2026-05-22,548,N20,VIIRS,n,2.0NRT,284.26,1.28,N
-16.53335,-63.21753,298.37,0.53,0.42,2026-05-22,548,N20,VIIRS,n,2.0NRT,284.94,0.98,N
-16.17207,-63.24582,302.33,0.52,0.41,2026-05-22,548,N20,VIIRS,n,2.0NRT,285.5,1.54,N
-15.95431,-61.8312,305.21,0.42,0.45,2026-05-22,548,N20,VIIRS,n,2.0NRT,285.61,1.36,N
-15.95381,-61.83512,314.65,0.42,0.45,2026-05-22,548,N20,VIIRS,n,2.0NRT,285.4,1.36,N
-15.95016,-61.83057,311.17,0.42,0.45,2026-05-22,548,N20,VIIRS,n,2.0NRT,285.79,2.07,N
-15.94966,-61.83449,338.73,0.42,0.45,2026-05-22,548,N20,VIIRS,n,2.0NRT,286.38,2.07,N
-15.94916,-61.83838,308.01,0.42,0.45,2026-05-22,548,N20,VIIRS,n,2.0NRT,284.51,2.34,N
-15.94552,-61.83385,297.23,0.42,0.45,2026-05-22,548,N20,VIIRS,n,2.0NRT,284.94,2.07,N
-15.78451,-71.85839,303.8,0.53,0.42,2026-05-22,548,N20,VIIRS,n,2.0NRT,268.74,2.06,N
-15.09329,-63.93369,299.7,0.47,0.39,2026-05-22,548,N20,VIIRS,n,2.0NRT,285.86,0.72,N
-14.88317,-66.71962,304.79,0.39,0.36,2026-05-22,548,N20,VIIRS,n,2.0NRT,285.31,0.61,N
-23.78278,-70.32017,303.3,0.39,0.36,2026-05-22,550,N20,VIIRS,n,2.0NRT,278.73,0.72,N
-23.77472,-60.72687,315.28,0.61,0.54,2026-05-22,550,N20,VIIRS,n,2.0NRT,280.9,3.0,N
-22.31805,-68.88049,329.96,0.38,0.36,2026-05-22,550,N20,VIIRS,n,2.0NRT,276.84,2.45,N
-22.31474,-68.8799,320.52,0.38,0.36,2026-05-22,550,N20,VIIRS,n,2.0NRT,278.2,2.45,N
-38.78656,-62.2822,299.16,0.35,0.57,2026-05-22,553,N20,VIIRS,n,2.0NRT,279.11,1.01,N
-38.77316,-68.05167,298.18,0.53,0.42,2026-05-22,553,N20,VIIRS,n,2.0NRT,276.79,0.84,N
-38.74535,-68.83614,326.34,0.49,0.41,2026-05-22,553,N20,VIIRS,n,2.0NRT,277.03,2.9,N
-38.69843,-68.71314,310.19,0.5,0.41,2026-05-22,553,N20,VIIRS,n,2.0NRT,273.48,1.27,N
-38.52956,-73.45792,327.01,0.38,0.36,2026-05-22,553,N20,VIIRS,n,2.0NRT,279.42,3.34,N
-38.49773,-68.31789,320.83,0.52,0.41,2026-05-22,553,N20,VIIRS,n,2.0NRT,279.3,2.69,N
-38.48242,-68.45433,310.05,0.51,0.41,2026-05-22,553,N20,VIIRS,n,2.0NRT,277.19,1.53,N
-38.43945,-68.56023,307.61,0.5,0.41,2026-05-22,553,N20,VIIRS,n,2.0NRT,277.57,1.3,N
-38.43671,-68.55836,299.57,0.5,0.41,2026-05-22,553,N20,VIIRS,n,2.0NRT,277.52,0.99,N
-38.37334,-73.30769,340.39,0.38,0.36,2026-05-22,553,N20,VIIRS,n,2.0NRT,281.52,6.97,N
-38.37265,-73.3121,333.03,0.38,0.36,2026-05-22,553,N20,VIIRS,n,2.0NRT,279.76,6.97,N
-38.37003,-73.30685,302.85,0.38,0.36,2026-05-22,553,N20,VIIRS,n,2.0NRT,278.78,0.64,N
-38.36934,-73.31125,298.79,0.38,0.36,2026-05-22,553,N20,VIIRS,n,2.0NRT,278.28,0.64,N
-38.2744,-68.69845,295.28,0.5,0.41,2026-05-22,553,N20,VIIRS,n,2.0NRT,277.86,0.59,N
-38.22963,-68.52516,327.1,0.5,0.41,2026-05-22,553,N20,VIIRS,n,2.0NRT,278.12,3.25,N
-38.2287,-68.52642,326.93,0.5,0.41,2026-05-22,553,N20,VIIRS,n,2.0NRT,278.62,3.06,N
-38.09685,-68.61001,300.75,0.5,0.41,2026-05-22,553,N20,VIIRS,n,2.0NRT,276.56,0.48,N
-37.93847,-71.89137,296.76,0.39,0.37,2026-05-22,553,N20,VIIRS,n,2.0NRT,280.96,0.69,N
-37.93779,-71.89606,300.82,0.39,0.37,2026-05-22,553,N20,VIIRS,n,2.0NRT,281.79,0.69,N
-37.64835,-71.60043,299.72,0.4,0.37,2026-05-22,553,N20,VIIRS,n,2.0NRT,282.06,1.25,N
-37.6457,-71.59462,321.01,0.4,0.37,2026-05-22,553,N20,VIIRS,n,2.0NRT,284.77,1.58,N
-37.64235,-71.59366,312.1,0.4,0.37,2026-05-22,553,N20,VIIRS,n,2.0NRT,284.68,1.13,N
-37.64169,-71.5983,316.64,0.4,0.37,2026-05-22,553,N20,VIIRS,n,2.0NRT,284.91,1.6,N
-37.6377,-71.60179,302.62,0.4,0.37,2026-05-22,553,N20,VIIRS,n,2.0NRT,282.63,1.6,N
-34.20061,-70.73512,310.23,0.4,0.37,2026-05-22,553,N20,VIIRS,n,2.0NRT,276.76,1.48,N
-34.10475,-70.45647,329.81,0.4,0.37,2026-05-22,553,N20,VIIRS,n,2.0NRT,284.26,6.24,N
-33.0655,-68.97475,295.3,0.43,0.38,2026-05-22,553,N20,VIIRS,n,2.0NRT,278.15,1.41,N
-33.00534,-60.82001,298.86,0.38,0.59,2026-05-22,553,N20,VIIRS,n,2.0NRT,271.77,1.15,N
-32.80328,-70.95285,315.82,0.39,0.36,2026-05-22,553,N20,VIIRS,n,2.0NRT,278.51,1.94,N
-32.26807,-68.61578,318.07,0.44,0.38,2026-05-22,553,N20,VIIRS,n,2.0NRT,275.68,2.38,N
-32.00289,-68.52399,303.06,0.44,0.38,2026-05-22,553,N20,VIIRS,n,2.0NRT,274.85,0.95,N
-29.43393,-62.01018,319.25,0.59,0.53,2026-05-22,553,N20,VIIRS,n,2.0NRT,277.56,2.93,N
-29.43336,-62.01635,298.1,0.59,0.53,2026-05-22,553,N20,VIIRS,n,2.0NRT,278.25,1.77,N
-28.66069,-62.85717,305.42,0.52,0.5,2026-05-22,553,N20,VIIRS,n,2.0NRT,277.68,0.9,N
-28.66016,-62.85291,298.45,0.52,0.5,2026-05-22,553,N20,VIIRS,n,2.0NRT,275.66,1.34,N
-28.62217,-61.60007,313.52,0.61,0.54,2026-05-22,553,N20,VIIRS,n,2.0NRT,278.38,2.57,N
-37.72188,-69.18793,301.22,0.47,0.4,2026-05-22,555,N20,VIIRS,n,2.0NRT,271.46,0.53,N
-37.71833,-69.13192,338.44,0.47,0.4,2026-05-22,555,N20,VIIRS,n,2.0NRT,275.35,3.88,N
-37.71728,-69.13271,330.23,0.47,0.4,2026-05-22,555,N20,VIIRS,n,2.0NRT,276.98,5.25,N
-37.71401,-69.13654,316.4,0.47,0.4,2026-05-22,555,N20,VIIRS,n,2.0NRT,275.23,3.88,N
-37.71335,-69.14184,300.5,0.47,0.4,2026-05-22,555,N20,VIIRS,n,2.0NRT,273.28,0.66,N
-37.52996,-69.08846,313.24,0.47,0.4,2026-05-22,555,N20,VIIRS,n,2.0NRT,273.56,1.73,N
-37.42737,-69.16953,325.39,0.46,0.39,2026-05-22,555,N20,VIIRS,n,2.0NRT,275.18,2.6,N
-37.42546,-69.09309,305.3,0.47,0.4,2026-05-22,555,N20,VIIRS,n,2.0NRT,275.83,1.02,N
-37.39005,-71.64761,296.9,0.4,0.37,2026-05-22,555,N20,VIIRS,n,2.0NRT,283.24,1.01,N
-37.38943,-71.65191,298.32,0.4,0.37,2026-05-22,555,N20,VIIRS,n,2.0NRT,281.84,1.01,N
-37.38729,-71.64274,331.36,0.4,0.37,2026-05-22,555,N20,VIIRS,n,2.0NRT,287.53,3.85,N
-37.38685,-71.64066,316.38,0.4,0.37,2026-05-22,555,N20,VIIRS,n,2.0NRT,285.39,2.64,N
-37.38666,-71.64707,318.91,0.4,0.37,2026-05-22,555,N20,VIIRS,n,2.0NRT,285.74,1.01,N
-37.38622,-71.64502,331.73,0.4,0.37,2026-05-22,555,N20,VIIRS,n,2.0NRT,286.91,2.64,N
-37.37203,-71.64685,313.84,0.4,0.37,2026-05-22,555,N20,VIIRS,n,2.0NRT,284.66,1.81,N
-37.37076,-71.65563,304.13,0.4,0.37,2026-05-22,555,N20,VIIRS,n,2.0NRT,284.66,0.86,N
-37.37013,-71.65997,304.72,0.4,0.37,2026-05-22,555,N20,VIIRS,n,2.0NRT,285.41,0.86,N
-37.0848,-69.4756,313.77,0.45,0.39,2026-05-22,555,N20,VIIRS,n,2.0NRT,273.4,1.24,N
-35.40284,-71.14883,308.8,0.39,0.37,2026-05-22,555,N20,VIIRS,n,2.0NRT,274.93,0.9,N
-35.39947,-71.14813,305.1,0.39,0.37,2026-05-22,555,N20,VIIRS,n,2.0NRT,277.09,0.9,N
-35.39883,-71.15257,307.64,0.39,0.37,2026-05-22,555,N20,VIIRS,n,2.0NRT,279.07,1.73,N
-35.39834,-71.15063,295.23,0.39,0.37,2026-05-22,555,N20,VIIRS,n,2.0NRT,278.7,0.42,N
11.08077,-72.68396,298.58,0.77,0.77,2026-05-22,720,N20,VIIRS,n,2.0NRT,278.48,1.96,N
10.31856,-75.48539,307.85,0.52,0.67,2026-05-22,722,N20,VIIRS,n,2.0NRT,287.83,1.86,N
-4.58061,-81.28387,315.86,0.36,0.57,2026-05-22,726,N20,VIIRS,n,2.0NRT,289.85,2.42,N
